PROVINCIE;BEVOEGD GEZAG NUMMER;INSTELLINGSCODE;VESTIGINGSCODE;VESTIGINGSNAAM;STRAATNAAM;HUISNUMMER-TOEVOEGING;POSTCODE;PLAATSNAAM;GEMEENTENUMMER;GEMEENTENAAM;DENOMINATIE;TELEFOONNUMMER;INTERNETADRES;ONDERWIJSSTRUCTUUR;STRAATNAAM CORRESPONDENTIEADRES;HUISNUMMER-TOEVOEGING CORRESPONDENTIEADRES;POSTCODE CORRESPONDENTIEADRES;PLAATSNAAM CORRESPONDENTIEADRES;NODAAL GEBIED CODE;NODAAL GEBIED NAAM;RPA-GEBIED CODE;RPA-GEBIED NAAM;WGR-GEBIED CODE;WGR-GEBIED NAAM;COROPGEBIED CODE;COROPGEBIED NAAM;ONDERWIJSGEBIED CODE;ONDERWIJSGEBIED NAAM;RMC-REGIO CODE;RMC-REGIO NAAM;VAKANTIEREGIO
Drenthe;10053;18BR;18BR00;School voor Praktijkonderwijs Assen;Zwartwatersweg;202;9406 NN;ASSEN;0106;ASSEN;Openbaar;0592340973;www.pro-assen.nl;PRO;Zwartwatersweg;202;9406 NN;ASSEN;11;Assen;03;Centraal-Groningen;07;Noord- en Midden-Drenthe;07;Noord-Drenthe;04;Assen-Hoogeveen-Emmen;07;Noord- en Midden Drenthe;Noord
Drenthe;10053;18BR;18BR01;School voor Praktijkonderwijs Assen;Bosrand;2;9401 SL;ASSEN;0106;ASSEN;Openbaar; ; ;PRO;Zwartwatersweg;202;9406 NN;ASSEN;11;Assen;03;Centraal-Groningen;07;Noord- en Midden-Drenthe;07;Noord-Drenthe;04;Assen-Hoogeveen-Emmen;07;Noord- en Midden Drenthe;Noord
Drenthe;13273;02EB;02EB00;Christelijk Scholengemeenschap Vincent van Gogh Vwo Havo Mavo Vbo Lwoo;Selma Lagerloflaan;3;9406 KB;ASSEN;0106;ASSEN;Bijzonder;0592390290;www.csvincentvangogh.nl;HAVO/VWO;Postbus;226;9400 AE;ASSEN;11;Assen;03;Centraal-Groningen;07;Noord- en Midden-Drenthe;07;Noord-Drenthe;04;Assen-Hoogeveen-Emmen;07;Noord- en Midden Drenthe;Noord
Drenthe;13273;02EB;02EB04;Christelijk Scholengemeenschap Vincent van Gogh Vwo Havo Mavo Vbo Lwoo;Salland;4;9405 GM;ASSEN;0106;ASSEN;Bijzonder;0592390290;www.csvincentvangogh.nl;VBO/MAVO;Postbus;226;9400 AE;ASSEN;11;Assen;03;Centraal-Groningen;07;Noord- en Midden-Drenthe;07;Noord-Drenthe;04;Assen-Hoogeveen-Emmen;07;Noord- en Midden Drenthe;Noord
Drenthe;13273;02EB;02EB07;Christelijk Scholengemeenschap Vincent van Gogh Vwo Havo Mavo Vbo Lwoo;De Omloop;5;9411 KA;BEILEN;1731;MIDDEN-DRENTHE;Bijzonder;0593522819;www.csvincentvangogh.nl;VBO/MAVO;Postbus;226;9400 AE;ASSEN;11;Assen;05;Zuid- en Midden-Drenthe;07;Noord- en Midden-Drenthe;07;Noord-Drenthe;04;Assen-Hoogeveen-Emmen;07;Noord- en Midden Drenthe;Noord
Drenthe;13273;20LO;20LO00;Openbare Scholengemeenschap Dr Nassau College voor Vwo Havo Mavo Vbo Lwoo;Mr Groen v Prinstererln;98;9402 KG;ASSEN;0106;ASSEN;Openbaar;0592390290;www.nassauvincent.nl;HAVO/VWO;Postbus;186;9400 AD;ASSEN;11;Assen;03;Centraal-Groningen;07;Noord- en Midden-Drenthe;07;Noord-Drenthe;04;Assen-Hoogeveen-Emmen;07;Noord- en Midden Drenthe;Noord
Drenthe;13273;20LO;20LO01;Openbare Scholengemeenschap Dr Nassau College voor Vwo Havo Mavo Vbo Lwoo;Schoolstraat;1;9331 AV;NORG;1699;NOORDENVELD;Openbaar;0592675750; ;VBO/MAVO/HAVO/VWO;Postbus;186;9400 AD;ASSEN;01;Groningen;03;Centraal-Groningen;07;Noord- en Midden-Drenthe;07;Noord-Drenthe;01;Groningen en omstreken;07;Noord- en Midden Drenthe;Noord
Drenthe;13273;20LO;20LO02;Openbare Scholengemeenschap Dr Nassau College voor Vwo Havo Mavo Vbo Lwoo;De Omloop;5;9411 KA;BEILEN;1731;MIDDEN-DRENTHE;Openbaar;0593522819; ;VBO/MAVO;Postbus;186;9400 AD;ASSEN;11;Assen;05;Zuid- en Midden-Drenthe;07;Noord- en Midden-Drenthe;07;Noord-Drenthe;04;Assen-Hoogeveen-Emmen;07;Noord- en Midden Drenthe;Noord
Drenthe;13273;20LO;20LO03;Openbare Scholengemeenschap Dr Nassau College voor Vwo Havo Mavo Vbo Lwoo;Stokleggingslaan;17;9461 CC;GIETEN;1680;AA EN HUNZE;Openbaar;0592261983; ;VBO/MAVO;Postbus;186;9400 AD;ASSEN;11;Assen;03;Centraal-Groningen;07;Noord- en Midden-Drenthe;07;Noord-Drenthe;04;Assen-Hoogeveen-Emmen;07;Noord- en Midden Drenthe;Noord
Drenthe;13273;20LO;20LO04;Openbare Scholengemeenschap Dr Nassau College voor Vwo Havo Mavo Vbo Lwoo;A.H.G. Fokkerstraat;1;9403 AM;ASSEN;0106;ASSEN;Openbaar;0592333160; ;VBO/MAVO;Postbus;186;9400 AD;ASSEN;11;Assen;03;Centraal-Groningen;07;Noord- en Midden-Drenthe;07;Noord-Drenthe;04;Assen-Hoogeveen-Emmen;07;Noord- en Midden Drenthe;Noord
Drenthe;13273;20LO;20LO08;Openbare Scholengemeenschap Dr Nassau College voor Vwo Havo Mavo Vbo Lwoo;Merwedestraat;16;9406 RM;ASSEN;0106;ASSEN;Openbaar;0592333176; ;VBO/MAVO;Postbus;186;9400 AD;ASSEN;11;Assen;03;Centraal-Groningen;07;Noord- en Midden-Drenthe;07;Noord-Drenthe;04;Assen-Hoogeveen-Emmen;07;Noord- en Midden Drenthe;Noord
Drenthe;13273;20LO;20LO10;Openbare Scholengemeenschap Dr Nassau College voor Vwo Havo Mavo Vbo Lwoo;Echtenstraat;3;9402 JA;ASSEN;0106;ASSEN;Openbaar;0592333176; ;BRUGJAAR;Postbus;186;9400 AD;ASSEN;11;Assen;03;Centraal-Groningen;07;Noord- en Midden-Drenthe;07;Noord-Drenthe;04;Assen-Hoogeveen-Emmen;07;Noord- en Midden Drenthe;Noord
Drenthe;13737;06DT;06DT00;School voor Praktijkonderwijs De Meander;Wolfsbosstraat;7-A;7905 BZ;HOOGEVEEN;0118;HOOGEVEEN;Openbaar;0528266192;www.wolfsbos.nl;PRO;Postbus;199-A;7900 AD;HOOGEVEEN;14;Hoogeveen;05;Zuid- en Midden-Drenthe;09;Zuidwest-Drenthe;09;Zuidwest-Drenthe;04;Assen-Hoogeveen-Emmen;09;Zuid-West Drenthe;Noord
Drenthe;13737;19IW;19IW00;Regionale Scholengemeenschap Wolfsbos;Valkenlaan;1;7905 AA;HOOGEVEEN;0118;HOOGEVEEN;Openbaar;0528266192;www.wolfsbos.nl;VBO/MAVO/HAVO/VWO;Postbus;199;7900 AD;HOOGEVEEN;14;Hoogeveen;05;Zuid- en Midden-Drenthe;09;Zuidwest-Drenthe;09;Zuidwest-Drenthe;04;Assen-Hoogeveen-Emmen;09;Zuid-West Drenthe;Noord
Drenthe;13737;19IW;19IW02;Regionale Scholengemeenschap Wolfsbos;Valkenlaan;3;7905 AA;HOOGEVEEN;0118;HOOGEVEEN;Openbaar;0528266192;0528266192;BRUGJAAR;Valkenlaan;3;7905 AA;HOOGEVEEN;14;Hoogeveen;05;Zuid- en Midden-Drenthe;09;Zuidwest-Drenthe;09;Zuidwest-Drenthe;04;Assen-Hoogeveen-Emmen;09;Zuid-West Drenthe;Noord
Drenthe;13737;19IW;19IW04;Regionale Scholengemeenschap Wolfsbos;Wolfsbosstraat;3;7905 BZ;HOOGEVEEN;0118;HOOGEVEEN;Openbaar;0528266192;www.wolfsbos.nl;VBO;Postbus;199;7900 AD;HOOGEVEEN;14;Hoogeveen;05;Zuid- en Midden-Drenthe;09;Zuidwest-Drenthe;09;Zuidwest-Drenthe;04;Assen-Hoogeveen-Emmen;09;Zuid-West Drenthe;Noord
Drenthe;13737;19IW;19IW05;Regionale Scholengemeenschap Wolfsbos;Wolfsbosstraat;7;7905 BZ;HOOGEVEEN;0118;HOOGEVEEN;Openbaar;0528266192;www.wolfsbos.nl;VBO/MAVO;Postbus;199;7900 AD;HOOGEVEEN;14;Hoogeveen;05;Zuid- en Midden-Drenthe;09;Zuidwest-Drenthe;09;Zuidwest-Drenthe;04;Assen-Hoogeveen-Emmen;09;Zuid-West Drenthe;Noord
Drenthe;35647;00PF;00PF00;Carmelcollege Emmen;Wendeling;59;7824 TB;EMMEN;0114;EMMEN;Bijzonder;0591622870;www.carmelemmen.nl;VBO/MAVO/HAVO/VWO;Wendeling;59;7824 TB;EMMEN;12;Emmen;05;Zuid- en Midden-Drenthe;08;Zuidoost-Drenthe;08;Zuidoost-Drenthe;04;Assen-Hoogeveen-Emmen;08;Zuid-Oost Drenthe;Noord
Drenthe;40872;25PW;25PW51;Drenthe College Terra;Vredeveldseweg;55;9404 CC;ASSEN;0106;ASSEN;Overige;0592312289; ;VBO;Postbus;333;9400 AH;ASSEN;11;Assen;03;Centraal-Groningen;07;Noord- en Midden-Drenthe;07;Noord-Drenthe;04;Assen-Hoogeveen-Emmen;07;Noord- en Midden Drenthe;Noord
Drenthe;40872;25PW;25PW52;Drenthe College Terra;Burg. J.G. Legroweg;29;9761 TA;EELDE;1730;TYNAARLO;Overige;0503091625; ;VBO;Burg. J.G. Legroweg;29;9761 TA;EELDE;01;Groningen;03;Centraal-Groningen;07;Noord- en Midden-Drenthe;07;Noord-Drenthe;01;Groningen en omstreken;07;Noord- en Midden Drenthe;Noord
Drenthe;40872;25PW;25PW53;Drenthe College Terra;Huizingsbrinkweg;9;7812 BK;EMMEN;0114;EMMEN;Overige;0591617344; ;VBO;Huizingsbrinkweg;9;7812 BK;EMMEN;12;Emmen;05;Zuid- en Midden-Drenthe;08;Zuidoost-Drenthe;08;Zuidoost-Drenthe;04;Assen-Hoogeveen-Emmen;08;Zuid-Oost Drenthe;Noord
Drenthe;40872;25PW;25PW54;Drenthe College Terra;Werkhorst;58;7944 AV;MEPPEL;0119;MEPPEL;Overige;0522253364; ;VBO;Postbus;1055;7940 KB;MEPPEL;15;Meppel;05;Zuid- en Midden-Drenthe;09;Zuidwest-Drenthe;09;Zuidwest-Drenthe;05;Zwolle-Meppel en omstreken;09;Zuid-West Drenthe;Noord
Drenthe;40872;25PW;25PW60;Drenthe College Terra;Werkhorst;36;7944 AV;MEPPEL;0119;MEPPEL;Overige; ; ;VBO;Postbus;17;9700 AA;GRONINGEN;15;Meppel;05;Zuid- en Midden-Drenthe;09;Zuidwest-Drenthe;09;Zuidwest-Drenthe;05;Zwolle-Meppel en omstreken;09;Zuid-West Drenthe;Noord
Drenthe;41143;00DI;00DI01;rsg de Borgen voor Lyceum Havo mavo Vbo Lwoo;Burchtlaan;1;9301 TJ;RODEN;1699;NOORDENVELD;Bijzonder;0505019318; ;VBO/MAVO/HAVO;Postbus;212;9350 AE;LEEK;01;Groningen;03;Centraal-Groningen;07;Noord- en Midden-Drenthe;07;Noord-Drenthe;01;Groningen en omstreken;07;Noord- en Midden Drenthe;Noord
Drenthe;41143;00DI;00DI04;rsg de Borgen voor Lyceum Havo mavo Vbo Lwoo;Burchtlaan;2;9301 TJ;RODEN;1699;NOORDENVELD;Bijzonder;0505015809;www.rsgdeborgen.nl;PRO;Postbus;212;9350 AE;LEEK;01;Groningen;03;Centraal-Groningen;07;Noord- en Midden-Drenthe;07;Noord-Drenthe;01;Groningen en omstreken;07;Noord- en Midden Drenthe;Noord
Drenthe;41271;02VA;02VA00;Roelof van Echten College;Sportveldenweg;20;7902 NX;HOOGEVEEN;0118;HOOGEVEEN;Bijzonder;0528358658;www.rvec.nl;VBO/MAVO/HAVO/VWO;Postbus;2152;7900 BD;HOOGEVEEN;14;Hoogeveen;05;Zuid- en Midden-Drenthe;09;Zuidwest-Drenthe;09;Zuidwest-Drenthe;04;Assen-Hoogeveen-Emmen;09;Zuid-West Drenthe;Noord
Drenthe;41271;02VA;02VA01;St. Roelof van Echten College voor Christelijk Voortgezet Onderwijs Hoogeveen;Voltastraat;27;7903 AA;HOOGEVEEN;0118;HOOGEVEEN;Bijzonder;0528358658;www.rvec.nl;VBO/MAVO/PRO;Postbus;2152;7900 BD;HOOGEVEEN;14;Hoogeveen;05;Zuid- en Midden-Drenthe;09;Zuidwest-Drenthe;09;Zuidwest-Drenthe;04;Assen-Hoogeveen-Emmen;09;Zuid-West Drenthe;Noord
Drenthe;41509;16VP;16VP00;Hondsrug College Christelijke SGM voor LYC HAVO MAVO VBO LWOO;Emmalaan;25;7822 JB;EMMEN;0114;EMMEN;Bijzonder;0591657979;www.hondsrugcollege.nl/;VBO/MAVO/HAVO/VWO;Postbus;66;7800 AB;EMMEN;12;Emmen;05;Zuid- en Midden-Drenthe;08;Zuidoost-Drenthe;08;Zuidoost-Drenthe;04;Assen-Hoogeveen-Emmen;08;Zuid-Oost Drenthe;Noord
Drenthe;41529;26HX;26HX00;Praktijkschool Emmen;Ullevi;22;7825 SE;EMMEN;0114;EMMEN;Bijzonder;0591613310;www.pro-emmen.nl;PRO;Ullevi;22;7825 SE;EMMEN;12;Emmen;05;Zuid- en Midden-Drenthe;08;Zuidoost-Drenthe;08;Zuidoost-Drenthe;04;Assen-Hoogeveen-Emmen;08;Zuid-Oost Drenthe;Noord
Drenthe;41636;03XM;03XM00;Christelijke Scholengemeenschap Dingstede voor Mavo Havo en Atheneum;Gerard Doustraat;13;7944 HD;MEPPEL;0119;MEPPEL;Bijzonder;0522700500;www.dingstede.nl;VBO/MAVO/HAVO/VWO;Postbus;119;7940 AC;MEPPEL;15;Meppel;05;Zuid- en Midden-Drenthe;09;Zuidwest-Drenthe;09;Zuidwest-Drenthe;05;Zwolle-Meppel en omstreken;09;Zuid-West Drenthe;Noord
Drenthe;41636;19TQ;19TQ00;Stad & Esch Praktijkschool;Ezingerweg;54;7943 AZ;MEPPEL;0119;MEPPEL;Openbaar;0522253188;www.stadenesch.nl;PRO;Postbus;178;7940 AD;MEPPEL;15;Meppel;05;Zuid- en Midden-Drenthe;09;Zuidwest-Drenthe;09;Zuidwest-Drenthe;05;Zwolle-Meppel en omstreken;09;Zuid-West Drenthe;Noord
Drenthe;41636;25CL;25CL00;Regionale Scholengemeenschap Stad en Esch voor Lyceum Havo Mavo Vbo Lwoo;Ezingerweg;52;7943 AZ;MEPPEL;0119;MEPPEL;Openbaar;0522263275;www.stadenesch.nl;VBO/MAVO/HAVO/VWO;Postbus;178;7940 AD;MEPPEL;15;Meppel;05;Zuid- en Midden-Drenthe;09;Zuidwest-Drenthe;09;Zuidwest-Drenthe;05;Zwolle-Meppel en omstreken;09;Zuid-West Drenthe;Noord
Drenthe;41636;25CL;25CL01;Regionale Scholengemeenschap Stad en Esch voor Lyceum Havo Mavo Vbo Lwoo;Ezingerweg;51;7943 AZ;MEPPEL;0119;MEPPEL;Openbaar;0522263277;www.stadenesch.nl;VBO/MAVO;Postbus;178;7940 AD;MEPPEL;15;Meppel;05;Zuid- en Midden-Drenthe;09;Zuidwest-Drenthe;09;Zuidwest-Drenthe;05;Zwolle-Meppel en omstreken;09;Zuid-West Drenthe;Noord
Drenthe;41636;25CL;25CL03;Regionale Scholengemeenschap Stad en Esch voor Lyceum Havo Mavo Vbo Lwoo;Westeres;7;7981 BC;DIEVER;1701;WESTERVELD;Openbaar;0521592266; ;VBO/MAVO/HAVO;Postbus;178;7940 AD;MEPPEL;15;Meppel;05;Zuid- en Midden-Drenthe;09;Zuidwest-Drenthe;09;Zuidwest-Drenthe;05;Zwolle-Meppel en omstreken;09;Zuid-West Drenthe;Noord
Drenthe;41636;25CL;25CL04;Regionale Scholengemeenschap Stad en Esch voor Lyceum Havo Mavo Vbo Lwoo;Ezingerweg;55;7943 AZ;MEPPEL;0119;MEPPEL;Openbaar;0522242430; ;VBO/MAVO;Postbus;178;7940 AD;MEPPEL;15;Meppel;05;Zuid- en Midden-Drenthe;09;Zuidwest-Drenthe;09;Zuidwest-Drenthe;05;Zwolle-Meppel en omstreken;09;Zuid-West Drenthe;Noord
Drenthe;41636;25CL;25CL05;Stad & Esch Taalschool Meppel;Werkhorst;36;7944 AV;MEPPEL;0119;MEPPEL;Openbaar; ; ;VBO/MAVO/HAVO/VWO; ; ; ; ;15;Meppel;05;Zuid- en Midden-Drenthe;09;Zuidwest-Drenthe;09;Zuidwest-Drenthe;05;Zwolle-Meppel en omstreken;09;Zuid-West Drenthe;Noord
Drenthe;41789;02UV;02UV05;Gomarus College voor Vwo Havo Mavo Vbo Lwoo;Mr Groen v Prinstererln;20;9402 KD;ASSEN;0106;ASSEN;Bijzonder;0592342228;www.gomaruscollege.nl;VBO/MAVO;Mr Groen v Prinstererln;20;9402 KD;ASSEN;11;Assen;03;Centraal-Groningen;07;Noord- en Midden-Drenthe;07;Noord-Drenthe;04;Assen-Hoogeveen-Emmen;07;Noord- en Midden Drenthe;Noord
Drenthe;41889;12IR;12IR00;Scholengemeenschap de Nieuwe Veste voor Lyceum Havo Mavo Vbo Lwoo;van Heeckerenlaan;2;7742 AB;COEVORDEN;0109;COEVORDEN;Openbaar;0524593800;www.denieuweveste.nl;VBO/MAVO/HAVO/VWO/PRO;Postbus;240;7740 AE;COEVORDEN;13;Coevorden/Dalen;05;Zuid- en Midden-Drenthe;08;Zuidoost-Drenthe;08;Zuidoost-Drenthe;04;Assen-Hoogeveen-Emmen;08;Zuid-Oost Drenthe;Noord
Drenthe;41889;20LA;20LA00;Openbare Scholengemeenschap voor Lyceum Havo Mavo Vbo Lwoo Esdal College;Oosterstraat;78;7822 HG;EMMEN;0114;EMMEN;Openbaar;0880009610;www.esdalcollege.nl;VBO/MAVO/HAVO/VWO;Postbus;2041;7801 CA;EMMEN;12;Emmen;05;Zuid- en Midden-Drenthe;08;Zuidoost-Drenthe;08;Zuidoost-Drenthe;04;Assen-Hoogeveen-Emmen;08;Zuid-Oost Drenthe;Noord
Drenthe;41889;20LA;20LA02;Openbare Scholengemeenschap voor Lyceum Havo Mavo Vbo Lwoo Esdal College;Van Echtenstraat;22;7891 LM;KLAZIENAVEEN;0114;EMMEN;Openbaar;0880009660; ;VBO/MAVO;Postbus;2041;7801 CA;EMMEN;12;Emmen;05;Zuid- en Midden-Drenthe;08;Zuidoost-Drenthe;08;Zuidoost-Drenthe;04;Assen-Hoogeveen-Emmen;08;Zuid-Oost Drenthe;Noord
Drenthe;41889;20LA;20LA03;Openbare Scholengemeenschap voor Lyceum Havo Mavo Vbo Lwoo Esdal College;Angelsloerdijk;13-C;7822 HK;EMMEN;0114;EMMEN;Openbaar;0880009600; ;VBO/MAVO;Postbus;2041;7801 CA;EMMEN;12;Emmen;05;Zuid- en Midden-Drenthe;08;Zuidoost-Drenthe;08;Zuidoost-Drenthe;04;Assen-Hoogeveen-Emmen;08;Zuid-Oost Drenthe;Noord
Drenthe;41889;20LA;20LA05;Openbare Scholengemeenschap voor Lyceum Havo Mavo Vbo Lwoo Esdal College;Oosterstraat;82;7822 HG;EMMEN;0114;EMMEN;Openbaar;0880009630;https://www.esdalcollege.nl/vakcollege-emmen/;VBO;Postbus;2041;7801 CA;EMMEN;12;Emmen;05;Zuid- en Midden-Drenthe;08;Zuidoost-Drenthe;08;Zuidoost-Drenthe;04;Assen-Hoogeveen-Emmen;08;Zuid-Oost Drenthe;Noord
Drenthe;41889;20LA;20LA06;Openbare Scholengemeenschap voor Lyceum Havo Mavo Vbo Lwoo Esdal College;Beatrixlaan;14-A;7861 AJ;OOSTERHESSELEN;0109;COEVORDEN;Openbaar;0880009600; ;VBO/MAVO;Postbus;2041;7801 CA;EMMEN;13;Coevorden/Dalen;05;Zuid- en Midden-Drenthe;08;Zuidoost-Drenthe;08;Zuidoost-Drenthe;04;Assen-Hoogeveen-Emmen;08;Zuid-Oost Drenthe;Noord
Drenthe;41889;20LA;20LA07;Openbare Scholengemeenschap voor Lyceum Havo Mavo Vbo Lwoo Esdal College;IJzertijdstraat;2;9531 RA;BORGER;1681;BORGER-ODOORN;Openbaar;0880009600; ;VBO/MAVO;Postbus;2041;7801 CA;EMMEN;12;Emmen;05;Zuid- en Midden-Drenthe;08;Zuidoost-Drenthe;08;Zuidoost-Drenthe;04;Assen-Hoogeveen-Emmen;08;Zuid-Oost Drenthe;Noord
Drenthe;43837;17VS;17VS04;Greijdanus School voor LWOO VMBO HAVO VWO;Schoolstraat;5;7941 CA;MEPPEL;0119;MEPPEL;Bijzonder;0384698550; ;VBO/MAVO/HAVO;Postbus;393;8000 AJ;ZWOLLE;15;Meppel;05;Zuid- en Midden-Drenthe;09;Zuidwest-Drenthe;09;Zuidwest-Drenthe;05;Zwolle-Meppel en omstreken;09;Zuid-West Drenthe;Noord
Flevoland;12975;01XN;01XN01;Almere College Ontmoetingsschool voor PRO LWOO VMBO HAVO VWO;Educalaan;8;8251 GC;DRONTEN;0303;DRONTEN;Openbaar;0321385050; ;VBO/MAVO/HAVO/VWO;Postbus;1;8260 AA;KAMPEN;18;Zwolle;15;Flevoland;18;Flevoland;40;Flevoland;05;Zwolle-Meppel en omstreken;18;Flevoland;Noord
Flevoland;12975;01XN;01XN07;Almere College, Ontmoetingsschool voor PRO LWOO VMBO HAVO VWO;Vossemeerdijk;40;8251 PN;DRONTEN;0303;DRONTEN;Openbaar;0321209001; ;BRUGJAAR;Postbus;1;8260 AA;KAMPEN;18;Zwolle;15;Flevoland;18;Flevoland;40;Flevoland;05;Zwolle-Meppel en omstreken;18;Flevoland;Noord
Flevoland;12975;01XN;01XN08;Almere College, Ontmoetingsschool voor PRO LWOO VMBO HAVO VWO;Educalaan;8-A;8251 GC;DRONTEN;0303;DRONTEN;Openbaar;0321387000; ;PRO;Postbus;1;8260 AA;KAMPEN;18;Zwolle;15;Flevoland;18;Flevoland;40;Flevoland;05;Zwolle-Meppel en omstreken;18;Flevoland;Noord
Flevoland;12975;01XN;01XN09;Almere College, Ontmoetingsschool voor PRO LWOO VMBO HAVO VWO;De Arend;4;8251 GR;DRONTEN;0303;DRONTEN;Openbaar;0321209010; ;VBO;Postbus;1;8260 AA;KAMPEN;18;Zwolle;15;Flevoland;18;Flevoland;40;Flevoland;05;Zwolle-Meppel en omstreken;18;Flevoland;Noord
Flevoland;12975;01XN;01XN11;Almere College, Ontmoetingsschool voor PRO LWOO VMBO HAVO VWO;Spijkweg;34;8256 RJ;BIDDINGHUIZEN;0303;DRONTEN;Overige; ; ;BRUGJAAR; ; ; ; ;18;Zwolle;15;Flevoland;18;Flevoland;40;Flevoland;05;Zwolle-Meppel en omstreken;18;Flevoland;Noord
Flevoland;20041;32GE;32GE00;Waldorf Almere;Rooseveltweg;5;1314 SJ;ALMERE;0034;ALMERE;Bijzonder;0646446410;www.waldorfalmere.nl;HAVO;Lindengouw;69;1351 LE;ALMERE;28;Harderwijk;15;Flevoland;18;Flevoland;40;Flevoland;10;Harderwijk-Amersfoort;18;Flevoland;Noord
Flevoland;20074;32LP;32LP00;Novum Saeculum Almere;A. Boekenweg;3;1333 VD;ALMERE;0034;ALMERE;Overige;0685478811;www.novumlyceum.nl;MAVO;Jacob Schorerlaan;50;2525 ZA;'S-GRAVENHAGE;28;Harderwijk;15;Flevoland;18;Flevoland;40;Flevoland;10;Harderwijk-Amersfoort;18;Flevoland;Noord
Flevoland;30882;18PR;18PR00;De Steiger school voor Praktijkonderwijs;Griend 50;1;8225 TZ;LELYSTAD;0995;LELYSTAD;Bijzonder;0320252254;www.eduvier.nl;PRO;Postbus;2344;8203 AH;LELYSTAD;28;Harderwijk;15;Flevoland;18;Flevoland;40;Flevoland;10;Harderwijk-Amersfoort;18;Flevoland;Noord
Flevoland;31157;23VL;23VL02;Scholengemeenschap Pieter Zandt voor Lyceum Havo Mavo Vbo Lwoo;Vlechttuinen;6;8322 BA;URK;0184;URK;Bijzonder;0388700803; ;VBO/MAVO;Postbus;296;8260 AG;KAMPEN;17;Noordoostpolder;15;Flevoland;18;Flevoland;40;Flevoland;05;Zwolle-Meppel en omstreken;18;Flevoland;Noord
Flevoland;40320;18XX;18XX00;Berechja College voor MAVO HAVO VBO;Waaiershoek;46;8321 BH;URK;0184;URK;Bijzonder;0527681237;www.berechja.nl;VBO/MAVO;Postbus;45;8320 AA;URK;17;Noordoostpolder;15;Flevoland;18;Flevoland;40;Flevoland;05;Zwolle-Meppel en omstreken;18;Flevoland;Noord
Flevoland;40687;05NV;05NV00;Aeres Praktijkonderwijs Emmeloord;Scandinavielaan;33-A;8303 GN;EMMELOORD;0171;NOORDOOSTPOLDER;Bijzonder;0880205120;www.aeres.nl;PRO;Postbus;380;8300 AJ;EMMELOORD;17;Noordoostpolder;15;Flevoland;18;Flevoland;40;Flevoland;05;Zwolle-Meppel en omstreken;18;Flevoland;Noord
Flevoland;40687;25GV;25GV01;Aeres VMBO Emmeloord;de Balkan;16;8303 GZ;EMMELOORD;0171;NOORDOOSTPOLDER;Bijzonder;0880205100;www.aeresvmbo-emmeloord.nl;VBO;Postbus;245;6710 BE;EDE;17;Noordoostpolder;15;Flevoland;18;Flevoland;40;Flevoland;05;Zwolle-Meppel en omstreken;18;Flevoland;Noord
Flevoland;40687;25GV;25GV07;Aeres VMBO Lelystad;Tjalk 25;58;8232 MB;LELYSTAD;0995;LELYSTAD;Bijzonder;0880205300;www.aeresvmbo-lelystad.nl;VBO;Postbus;245;6710 BE;EDE;28;Harderwijk;15;Flevoland;18;Flevoland;40;Flevoland;10;Harderwijk-Amersfoort;18;Flevoland;Noord
Flevoland;40687;27VD;27VD00;Aeres VMBO Almere;Heliumweg;1;1362 JA;ALMERE;0034;ALMERE;Bijzonder;0880205400;www.aeresvmbo-almere.nl;VBO;Postbus;60080;1320 AB;ALMERE;28;Harderwijk;15;Flevoland;18;Flevoland;40;Flevoland;10;Harderwijk-Amersfoort;18;Flevoland;Noord
Flevoland;40810;01AA;01AA89;ISK ZW;Lisdodde;9;3892 AL;ZEEWOLDE;0050;ZEEWOLDE;Bijzonder; ; ;VBO;Postbus;1;8000 AA;ZWOLLE;28;Harderwijk;15;Flevoland;18;Flevoland;40;Flevoland;10;Harderwijk-Amersfoort;17;Noordwest-Veluwe;Midden
Flevoland;41195;02KR;02KR00;St Bonifatius Mavo;Prof. Lorentzstraat;3;8302 AS;EMMELOORD;0171;NOORDOOSTPOLDER;Bijzonder;0527613469;www.bonifatius.nl;VBO/MAVO;Prof. Lorentzstraat;3;8302 AS;EMMELOORD;17;Noordoostpolder;15;Flevoland;18;Flevoland;40;Flevoland;05;Zwolle-Meppel en omstreken;18;Flevoland;Noord
Flevoland;41195;20CR;20CR00;Openbare School voor voortgezet onderwijs Zuyderzee Lyceum;Prof. ter Veenstraat;5;8302 GA;EMMELOORD;0171;NOORDOOSTPOLDER;Openbaar;0527635950;www.zuyderzeelyceum.nl;VBO/MAVO/HAVO/VWO;Postbus;27;8300 AA;EMMELOORD;17;Noordoostpolder;15;Flevoland;18;Flevoland;40;Flevoland;05;Zwolle-Meppel en omstreken;18;Flevoland;Noord
Flevoland;41195;20CR;20CR01;Openbare School voor voortgezet onderwijs Zuyderzee Lyceum;Prof. ter Veenstraat;6;8302 GC;EMMELOORD;0171;NOORDOOSTPOLDER;Openbaar;0527634588;www.vakcollegenoordoostpolder.nl;VBO;Postbus;27;8300 AA;EMMELOORD;17;Noordoostpolder;15;Flevoland;18;Flevoland;40;Flevoland;05;Zwolle-Meppel en omstreken;18;Flevoland;Noord
Flevoland;41195;20CR;20CR05;Openbare School voor voortgezet onderwijs Zuyderzee Lyceum;Nagelerweg;4;8304 AB;EMMELOORD;0171;NOORDOOSTPOLDER;Openbaar;0527635950;www.zuyderzeelyceum.nl;VBO/MAVO/HAVO/VWO;Postbus;27;8300 AA;EMMELOORD;17;Noordoostpolder;15;Flevoland;18;Flevoland;40;Flevoland;05;Zwolle-Meppel en omstreken;18;Flevoland;Noord
Flevoland;41195;20CR;20CR06;Openbare School voor voortgezet onderwijs Zuyderzee Lyceum;Nagelerweg;4;8304 AB;EMMELOORD;0171;NOORDOOSTPOLDER;Openbaar;0527635930;www.caleido-isk.nl;BRUGJAAR;Postbus;27;8300 AA;EMMELOORD;17;Noordoostpolder;15;Flevoland;18;Flevoland;40;Flevoland;05;Zwolle-Meppel en omstreken;18;Flevoland;Noord
Flevoland;41345;17CK;17CK01;Regionale Scholengemeenschap 't Slingerbos voor Ath Havo Mavo;Horsterweg;192;3891 EV;ZEEWOLDE;0050;ZEEWOLDE;Openbaar;0365218170; ;VBO/MAVO;Eisenhowerlaan;59;3844 AS;HARDERWIJK;28;Harderwijk;15;Flevoland;18;Flevoland;40;Flevoland;10;Harderwijk-Amersfoort;17;Noordwest-Veluwe;Midden
Flevoland;41429;02VB;02VB02;Ichthus College Dronten;Jupiterweg;25;8251 AW;DRONTEN;0303;DRONTEN;Bijzonder;0888508008;https://www.landstedegroep.nl/onderwijs /voortgezet-onderwijs;VBO/MAVO/HAVO/VWO;Postbus;1;8000 AA;ZWOLLE;18;Zwolle;15;Flevoland;18;Flevoland;40;Flevoland;05;Zwolle-Meppel en omstreken;18;Flevoland;Noord
Flevoland;41429;02VB;02VB16;Ichthus College Dronten Vakroute;De Arend;4;8251 GR;DRONTEN;0303;DRONTEN;Bijzonder;0321312932;https://www.landstedegroep.nl/onderwijs /voortgezet-onderwijs;VBO;Postbus;1;8000 AA;ZWOLLE;18;Zwolle;15;Flevoland;18;Flevoland;40;Flevoland;05;Zwolle-Meppel en omstreken;18;Flevoland;Noord
Flevoland;41659;00ZO;00ZO00;PORTEUM 2 voor Atheneum havo mavo vbo en lwoo;De Campus;15;8233 GA;LELYSTAD;0995;LELYSTAD;Bijzonder;0320752500;www.svol.nl;VBO/MAVO/HAVO/VWO;Postbus;2310;8203 AH;LELYSTAD;28;Harderwijk;15;Flevoland;18;Flevoland;40;Flevoland;10;Harderwijk-Amersfoort;18;Flevoland;Noord
Flevoland;41659;18DQ;18DQ00;PORTEUM 1 voor Atheneum havo mavo vbo en lwoo;De Campus;11;8233 GA;LELYSTAD;0995;LELYSTAD;Bijzonder;0320752500;www.svol.nl;VBO/MAVO/HAVO/VWO;Postbus;2310;8203 AH;LELYSTAD;28;Harderwijk;15;Flevoland;18;Flevoland;40;Flevoland;10;Harderwijk-Amersfoort;18;Flevoland;Noord
Flevoland;41659;18GC;18GC00;PORTEUM 3 voor Atheneum havo mavo vbo en lwoo;De Campus;7;8233 GA;LELYSTAD;0995;LELYSTAD;Bijzonder;0320752500;www.svol.nl;VBO/MAVO/HAVO/VWO;Postbus;2310;8203 AH;LELYSTAD;28;Harderwijk;15;Flevoland;18;Flevoland;40;Flevoland;10;Harderwijk-Amersfoort;18;Flevoland;Noord
Flevoland;41676;16AW;16AW00;Openbare Scholengemeenschap Echnaton;Zwolleweg;1;1324 EL;ALMERE;0034;ALMERE;Openbaar;0365331220;www.echnaton.nl;VBO/MAVO/HAVO;Zwolleweg;1;1324 EL;ALMERE;28;Harderwijk;15;Flevoland;18;Flevoland;40;Flevoland;10;Harderwijk-Amersfoort;18;Flevoland;Noord
Flevoland;41676;16AW;16AW01;Openbare Scholengemeenschap Echnaton locatie Helen Parkhurst;Bongerdstraat;1;1326 AA;ALMERE;0034;ALMERE;Openbaar;0365357000;www.helenparkhurst.nl;VBO/MAVO/HAVO/VWO;Bongerdstraat;1;1326 AA;ALMERE;28;Harderwijk;15;Flevoland;18;Flevoland;40;Flevoland;10;Harderwijk-Amersfoort;18;Flevoland;Noord
Flevoland;41676;16AW;16AW06;Openbare Scholengemeenschap Echnaton, locatie Taalcentrum;Walt Disneyplantsoen;88;1325 SX;ALMERE;0034;ALMERE;Openbaar;0367670520;www.taalcentrumalmere.nl;BRUGJAAR;Walt Disneyplantsoen;88;1325 SX;ALMERE;28;Harderwijk;15;Flevoland;18;Flevoland;40;Flevoland;10;Harderwijk-Amersfoort;18;Flevoland;Noord
Flevoland;41676;17DN;17DN00;Openbare Scholengemeenschap De Meergronden voor Vwo Havo Mavo Vmbo;Marktgracht;65;1353 AL;ALMERE;0034;ALMERE;Openbaar;0365472727;www.meergronden.nl;VBO/MAVO/HAVO/VWO;Postbus;73;1300 AB;ALMERE;28;Harderwijk;15;Flevoland;18;Flevoland;40;Flevoland;10;Harderwijk-Amersfoort;18;Flevoland;Noord
Flevoland;41676;17DN;17DN01;Openbare Scholengemeenschap De Meergronden voor Vwo Havo Mavo Vbo loc. Arte Coll;Oostenrijkstraat;2;1363 CB;ALMERE;0034;ALMERE;Openbaar;0367670700;www.artecollege.nl;VBO/MAVO/HAVO/VWO;Oostenrijkstraat;2;1363 CB;ALMERE;28;Harderwijk;15;Flevoland;18;Flevoland;40;Flevoland;10;Harderwijk-Amersfoort;18;Flevoland;Noord
Flevoland;41676;17JI;17JI00;Praktijkonderwijs Almere-Bachweg;J.S. Bachweg;7;1323 BA;ALMERE;0034;ALMERE;Openbaar;0365338141;www.proalmere.nl;PRO;Postbus;10315;1301 AH;ALMERE;28;Harderwijk;15;Flevoland;18;Flevoland;40;Flevoland;10;Harderwijk-Amersfoort;18;Flevoland;Noord
Flevoland;41676;17JI;17JI02;Praktijkonderwijs Almere-Bachweg;Klipgriend;3;1356 GA;ALMERE;0034;ALMERE;Openbaar; ; ;PRO;Postbus;10315;1301 AH;ALMERE;28;Harderwijk;15;Flevoland;18;Flevoland;40;Flevoland;10;Harderwijk-Amersfoort;18;Flevoland;Noord
Flevoland;41676;24RW;24RW00;Oostvaarders College voor Lyceum Havo Mavo Vbo Lwoo;A. Boekenweg;3;1333 VD;ALMERE;0034;ALMERE;Bijzonder;0365492492;www.ovc.nl;VBO/MAVO/HAVO/VWO;A. Boekenweg;3;1333 VD;ALMERE;28;Harderwijk;15;Flevoland;18;Flevoland;40;Flevoland;10;Harderwijk-Amersfoort;18;Flevoland;Noord
Flevoland;41676;24RW;24RW03;Oostvaarders College voor Lyceum Havo Mavo Vbo Lwoolocatie Buitenhout;Ambonstraat;2;1335 JV;ALMERE;0034;ALMERE;Bijzonder;0365491600;www.buitenhoutcollege.nl;VBO/MAVO;Ambonstraat;2;1335 JV;ALMERE;28;Harderwijk;15;Flevoland;18;Flevoland;40;Flevoland;10;Harderwijk-Amersfoort;18;Flevoland;Noord
Flevoland;41676;24RW;24RW04;Montessori Campus 0-18 (voortgezet onderwijs);Rosalind Franklinweg;4;1341 HZ;ALMERE;0034;ALMERE;Bijzonder;0365492260;www.montessoricampus.nl;VBO/MAVO/HAVO/VWO;Rosalind Franklinweg;4;1341 HZ;ALMERE;28;Harderwijk;15;Flevoland;18;Flevoland;40;Flevoland;10;Harderwijk-Amersfoort;18;Flevoland;Noord
Flevoland;41676;28BU;28BU00;Praktijkonderwijs Almere - Tom Poes;Tom Poesstraat;2;1336 AE;ALMERE;0034;ALMERE;Bijzonder;0365494150;www.proalmere.nl;PRO;Postbus;10315;1301 AH;ALMERE;28;Harderwijk;15;Flevoland;18;Flevoland;40;Flevoland;10;Harderwijk-Amersfoort;18;Flevoland;Noord
Flevoland;41676;30UD;30UD00;Praktijkonderwijs-Almere Koningsbeltweg;Koningsbeltstraat;4;1329 AL;ALMERE;0034;ALMERE;Openbaar;0365336194;www.proalmere.nl;PRO;Postbus;10315;1301 AH;ALMERE;28;Harderwijk;15;Flevoland;18;Flevoland;40;Flevoland;10;Harderwijk-Amersfoort;18;Flevoland;Noord
Flevoland;42544;02JG;02JG00;Emelwerda College Christelijke Scholengemeenschap voor Lwoo Mavo Havo Vwo;Peppellaan;1;8302 AL;EMMELOORD;0171;NOORDOOSTPOLDER;Bijzonder;0527634567;www.emelwerda.nl/;VBO/MAVO/HAVO/VWO;Postbus;16;8300 AA;EMMELOORD;17;Noordoostpolder;15;Flevoland;18;Flevoland;40;Flevoland;05;Zwolle-Meppel en omstreken;18;Flevoland;Noord
Flevoland;42544;02JG;02JG04;Emelwerda College Christelijke Scholengemeenschap voor Lwoo Mavo Havo Vwo;Espelerlaan;70;8302 DC;EMMELOORD;0171;NOORDOOSTPOLDER;Bijzonder;0527634567; ;VBO/MAVO;Postbus;16;8300 AA;EMMELOORD;17;Noordoostpolder;15;Flevoland;18;Flevoland;40;Flevoland;05;Zwolle-Meppel en omstreken;18;Flevoland;Noord
Flevoland;42544;02JG;02JG05;Emelwerda College Christelijke Scholengemeenschap voor Lwoo Mavo Havo Vwo;Wilgenlaan;1;8302 AM;EMMELOORD;0171;NOORDOOSTPOLDER;Bijzonder;0527634567;www.emelwerda.nl;VBO/MAVO;Postbus;16;8300 AA;EMMELOORD;17;Noordoostpolder;15;Flevoland;18;Flevoland;40;Flevoland;05;Zwolle-Meppel en omstreken;18;Flevoland;Noord
Flevoland;42544;02JG;02JG06;Emelwerda College Christelijke Scholengemeenschap voor Lwoo Mavo Havo Vwo;Waaiershoek;47;8321 BH;URK;0184;URK;Bijzonder;0527634567;www.emelwerda.nl;BRUGJAAR;Postbus;16;8300 AA;EMMELOORD;17;Noordoostpolder;15;Flevoland;18;Flevoland;40;Flevoland;05;Zwolle-Meppel en omstreken;18;Flevoland;Noord
Flevoland;42620;01FP;01FP00;Het Baken Almere, interconfessioneel voortgezet onderwijs VWO Havo Vmbo;Rooseveltweg;7;1314 SJ;ALMERE;0034;ALMERE;Bijzonder;0365307207;www.hetbaken.nl;VBO/MAVO/HAVO;Postbus;10015;1301 AA;ALMERE;28;Harderwijk;15;Flevoland;18;Flevoland;40;Flevoland;10;Harderwijk-Amersfoort;18;Flevoland;Noord
Flevoland;42620;01FP;01FP01;Het Baken Almere, interconfesioneel VO VWO, Havo Vmbo loc. Het Baken Park Lyceum;Bunuellaan;4;1325 PL;ALMERE;0034;ALMERE;Bijzonder;0365238108;www.hetbaken.nl;VBO/MAVO/HAVO/VWO;Postbus;10015;1301 AA;ALMERE;28;Harderwijk;15;Flevoland;18;Flevoland;40;Flevoland;10;Harderwijk-Amersfoort;18;Flevoland;Noord
Flevoland;42620;01FP;01FP04;Het Baken Almere, interconfessioneel VO VWO Havo Vmbo loc. Trinitas Gymnasium;Sas van Gentlaan;6;1324 CT;ALMERE;0034;ALMERE;Bijzonder;0368452400;www.hetbaken.nl;VWO;Postbus;10015;1301 AA;ALMERE;28;Harderwijk;15;Flevoland;18;Flevoland;40;Flevoland;10;Harderwijk-Amersfoort;18;Flevoland;Noord
Flevoland;42620;01FP;01FP05;Het Baken Almere, interconfessioneel VO VWO Havo Vmbo loc. Poort Lyceum;Pim Mulierstraat;102;1362 LC;ALMERE;0034;ALMERE;Bijzonder;0365238151;www.hetbaken.nl;VBO/MAVO/HAVO/VWO;Postbus;10015;1301 AA;ALMERE;28;Harderwijk;15;Flevoland;18;Flevoland;40;Flevoland;10;Harderwijk-Amersfoort;18;Flevoland;Noord
Flevoland;42620;01FP;01FP06;Het Baken Almere, interconfessioneel VO VWO Havo Vmbo loc. IS Almere;Breskensweg;5;1324 KE;ALMERE;0034;ALMERE;Bijzonder;0365238151;www.hetbaken.nl;HAVO/VWO;Postbus;10015;1301 AA;ALMERE;28;Harderwijk;15;Flevoland;18;Flevoland;40;Flevoland;10;Harderwijk-Amersfoort;18;Flevoland;Noord
Friesland;10028;19HY;19HY00;Burg Walda Scholengemeenschap voor VMBO;Ballumerweg;24;9163 GB;NES GEM AMELAND;0060;AMELAND;Openbaar;0519542066;www.bws-ameland.nl;VBO/MAVO;Postbus;41;9163 ZL;NES GEM AMELAND;10;Leeuwarden;04;Fryslân;04;Friesland-Noord;04;Noord-Friesland;03;Friesland;04;Friesland Noord;Noord
Friesland;13586;01WM;01WM00;Burg Harmsma SGM voor VO Mavo Lhno en Lto;H. Ringenoldusstrjitte;3;8401 PV;GORREDIJK;0086;OPSTERLAND;Openbaar;0513463455;www.bhs.frl;VBO/MAVO;Postbus;32;8400 AA;GORREDIJK;07;Smallingerland;04;Fryslân;06;Friesland-Oost;06;Zuidoost-Friesland;03;Friesland;06;Friesland-Oost ('de Friese Wouden');Noord
Friesland;13586;04YE;04YE00;Openbare Scholengemeenschap Singelland voor Lyceum Havo Mavo Vbo Lwoo;Van Haersmasingel;37;9201 KN;DRACHTEN;0090;SMALLINGERLAND;Openbaar;0512582345;www.singelland.nl;VBO/MAVO;Postbus;112;9200 AC;DRACHTEN;07;Smallingerland;04;Fryslân;06;Friesland-Oost;06;Zuidoost-Friesland;03;Friesland;06;Friesland-Oost ('de Friese Wouden');Noord
Friesland;13586;04YE;04YE01;Openbare Scholengemeenschap Singelland voor Lyceum Havo Mavo Vbo Lwoo;Schoolstraat;101;9251 EB;BURGUM;0737;TYTSJERKSTERADIEL;Openbaar;0511460210; ;VBO/MAVO/HAVO;Postbus;112;9200 AC;DRACHTEN;10;Leeuwarden;04;Fryslân;06;Friesland-Oost;04;Noord-Friesland;03;Friesland;06;Friesland-Oost ('de Friese Wouden');Noord
Friesland;13586;04YE;04YE02;Openbare Scholengemeenschap Singelland voor Lyceum Havo Mavo Vbo Lwoo;Langelaan;18;9231 EN;SURHUISTERVEEN;0059;ACHTKARSPELEN;Openbaar;0512369090; ;VBO/MAVO;Postbus;112;9200 AC;DRACHTEN;10;Leeuwarden;04;Fryslân;06;Friesland-Oost;04;Noord-Friesland;03;Friesland;06;Friesland-Oost ('de Friese Wouden');Noord
Friesland;13586;04YE;04YE03;Openbare Scholengemeenschap Singelland voor Lyceum Havo Mavo Vbo Lwoo;Torenstraat;28;9201 JW;DRACHTEN;0090;SMALLINGERLAND;Openbaar;0512512326; ;HAVO/VWO;Postbus;112;9200 AC;DRACHTEN;07;Smallingerland;04;Fryslân;06;Friesland-Oost;06;Zuidoost-Friesland;03;Friesland;06;Friesland-Oost ('de Friese Wouden');Noord
Friesland;13586;04YE;04YE08;Openbare Scholengemeenschap Singelland voor Lyceum Havo Mavo Vbo Lwoo;Zetveld;38;9202 LM;DRACHTEN;0090;SMALLINGERLAND;Openbaar;0512546165; ;BRUGJAAR;Postbus;112;9200 AC;DRACHTEN;07;Smallingerland;04;Fryslân;06;Friesland-Oost;06;Zuidoost-Friesland;03;Friesland;06;Friesland-Oost ('de Friese Wouden');Noord
Friesland;13586;04YE;04YE09;Openbare Scholengemeenschap Singelland voor Lyceum Havo Mavo Vbo Lwoo;De Ring;4;9202 NW;DRACHTEN;0090;SMALLINGERLAND;Openbaar;0512517624; ;PRO;Postbus;112;9200 AC;DRACHTEN;07;Smallingerland;04;Fryslân;06;Friesland-Oost;06;Zuidoost-Friesland;03;Friesland;06;Friesland-Oost ('de Friese Wouden');Noord
Friesland;13586;04YE;04YE11;Openbare Scholengemeenschap Singelland voor Lyceum Havo Mavo Vbo Lwoo;Minnertshof;17;9251 BH;BURGUM;0737;TYTSJERKSTERADIEL;Openbaar; ; ;HAVO;Postbus;112;9200 AC;DRACHTEN;10;Leeuwarden;04;Fryslân;06;Friesland-Oost;04;Noord-Friesland;03;Friesland;06;Friesland-Oost ('de Friese Wouden');Noord
Friesland;13603;14DC;14DC00;RSG Simon Vestdijk voor Ath Havo Mavo Vbo;Koningin Julianastraat;3;8862 TA;HARLINGEN;0072;HARLINGEN;Openbaar;0517432900;www.vestdijk.nl;VBO/MAVO/HAVO/VWO;Koningin Julianastraat;3;8862 TA;HARLINGEN;10;Leeuwarden;04;Fryslân;04;Friesland-Noord;04;Noord-Friesland;03;Friesland;04;Friesland Noord;Noord
Friesland;13603;14DC;14DC02;RSG Simon Vestdijk voor Ath Havo Mavo Vbo;IJsbaanweg;6;8801 ER;FRANEKER;1949;WAADHOEKE;Openbaar;0517432900; ;VBO/MAVO;Koningin Julianastraat;3;8862 TA;HARLINGEN;10;Leeuwarden;04;Fryslân;04;Friesland-Noord;04;Noord-Friesland;03;Friesland;04;Friesland Noord;Noord
Friesland;13603;14DC;14DC04;RSG Simon Vestdijk voor Ath Havo Mavo Vbo;Koningin Julianastraat;8;8862 TA;HARLINGEN;0072;HARLINGEN;Openbaar;0517432900; ;VBO;Koningin Julianastraat;3;8862 TA;HARLINGEN;10;Leeuwarden;04;Fryslân;04;Friesland-Noord;04;Noord-Friesland;03;Friesland;04;Friesland Noord;Noord
Friesland;13603;14DC;14DC06;"VMBO ""De Jutter"" Vlieland";Lutinelaan;3;8899 BD;VLIELAND;0096;VLIELAND;Openbaar;0562452772;www.dejutter.nl;VBO/MAVO;Lutinelaan;3;8899 BD;VLIELAND;10;Leeuwarden;04;Fryslân;04;Friesland-Noord;04;Noord-Friesland;03;Friesland;04;Friesland Noord;Noord
Friesland;13603;19ET;19ET00;Gemeentelijke Scholengemeenschap t Schylger Jouw voor vmbo;Zuid Midslandweg;8;8891 GH;MIDSLAND;0093;TERSCHELLING;Openbaar;0562448531;www.schylgerjouw.nl;VBO/MAVO;Zuid Midslandweg;8;8891 GH;MIDSLAND;10;Leeuwarden;04;Fryslân;04;Friesland-Noord;04;Noord-Friesland;03;Friesland;04;Friesland Noord;Noord
Friesland;13603;20DL;20DL00;Openbare Scholengemeenschap Piter Jelles voor Lyceum Havo Mavo Vbo Lwoo;Dr. Jacob Botkeweg;3;8935 AB;LEEUWARDEN;0080;LEEUWARDEN;Openbaar;0588801400;https://www.piterjelles.nl/leeuwarderlyceum/;HAVO/VWO;Postbus;9002;8903 LA;LEEUWARDEN;10;Leeuwarden;04;Fryslân;04;Friesland-Noord;04;Noord-Friesland;03;Friesland;04;Friesland Noord;Noord
Friesland;13603;20DL;20DL01;Openbare Scholengemeenschap Piter Jelles voor Lyceum Havo Mavo Vbo Lwoo;Gerrit Bleekerstraat;3;9291 BS;KOLLUM;1970;NOARDEAST-FRYSLAN;Openbaar;0511451216;https://www.piterjelles.nl/impulsekollum/;VBO/MAVO/HAVO/VWO;Postbus;9002;8903 LA;LEEUWARDEN;10;Leeuwarden;04;Fryslân;04;Friesland-Noord;04;Noord-Friesland;03;Friesland;04;Friesland Noord;Noord
Friesland;13603;20DL;20DL02;Openbare Scholengemeenschap Piter Jelles voor Lyceum Havo Mavo Vbo Lwoo;Noorderweg;1;8911 ES;LEEUWARDEN;0080;LEEUWARDEN;Openbaar;0588801200;https://www.piterjelles.nl/stedelijkgymnasium/;VWO;Postbus;9002;8903 LA;LEEUWARDEN;10;Leeuwarden;04;Fryslân;04;Friesland-Noord;04;Noord-Friesland;03;Friesland;04;Friesland Noord;Noord
Friesland;13603;20DL;20DL03;Openbare Scholengemeenschap Piter Jelles voor Lyceum Havo Mavo Vbo Lwoo;Prinsessenweg;4;8931 EG;LEEUWARDEN;0080;LEEUWARDEN;Openbaar;0588801500;https://www.piterjelles.nl/ynsicht/;VBO/MAVO;Postbus;9002;8903 LA;LEEUWARDEN;10;Leeuwarden;04;Fryslân;04;Friesland-Noord;04;Noord-Friesland;03;Friesland;04;Friesland Noord;Noord
Friesland;13603;20DL;20DL04;Openbare Scholengemeenschap Piter Jelles voor Lyceum Havo Mavo Vbo Lwoo;Egelantierstraat;86;8924 EP;LEEUWARDEN;0080;LEEUWARDEN;Openbaar;0588801600;https://www.piterjelles.nl/dedyk/;VBO/MAVO/HAVO;Postbus;9002;8903 LA;LEEUWARDEN;10;Leeuwarden;04;Fryslân;04;Friesland-Noord;04;Noord-Friesland;03;Friesland;04;Friesland Noord;Noord
Friesland;13603;20DL;20DL06;Openbare Scholengemeenschap Piter Jelles voor Lyceum Havo Mavo Vbo Lwoo;Douwe Kalmaleane;2;8915 HA;LEEUWARDEN;0080;LEEUWARDEN;Openbaar;0588801300;https://www.piterjelles.nl/montessorihighschool/;VBO/MAVO/HAVO/VWO;Postbus;9002;8903 LA;LEEUWARDEN;10;Leeuwarden;04;Fryslân;04;Friesland-Noord;04;Noord-Friesland;03;Friesland;04;Friesland Noord;Noord
Friesland;13603;20DL;20DL10;Openbare Scholengemeenschap Piter Jelles voor Lyceum Havo Mavo Vbo Lwoo;Douwe Kalmaleane;4;8915 HA;LEEUWARDEN;0080;LEEUWARDEN;Openbaar;0588801680;https://www.piterjelles.nl/impulse/;VBO/MAVO/HAVO/VWO;Postbus;9002;8903 LA;LEEUWARDEN;10;Leeuwarden;04;Fryslân;04;Friesland-Noord;04;Noord-Friesland;03;Friesland;04;Friesland Noord;Noord
Friesland;13603;20DL;20DL12;Openbare Scholengemeenschap Piter Jelles voor Lyceum Havo Mavo Vbo Lwoo;Parklaan;1;9103 ST;DOKKUM;1970;NOARDEAST-FRYSLAN;Openbaar;0588801660;https://www.piterjelles.nl/daltondokkum/;VBO/MAVO/HAVO;Postbus;9002;8903 LA;LEEUWARDEN;10;Leeuwarden;04;Fryslân;04;Friesland-Noord;04;Noord-Friesland;03;Friesland;04;Friesland Noord;Noord
Friesland;13603;20DL;20DL13;Openbare Scholengemeenschap Piter Jelles voor Lyceum Havo Mavo Vbo Lwoo;Egelantierstraat;88;8924 EP;LEEUWARDEN;0080;LEEUWARDEN;Openbaar;0588801250;https://www.piterjelles.nl/debrege/;PRO;Postbus;9002;8903 LA;LEEUWARDEN;10;Leeuwarden;04;Fryslân;04;Friesland-Noord;04;Noord-Friesland;03;Friesland;04;Friesland Noord;Noord
Friesland;13603;20DL;20DL16;Openbare Scholengemeenschap Piter Jelles voor Lyceum Havo Mavo Vbo Lwoo;Hempenserweg;33;8935 BC;LEEUWARDEN;0080;LEEUWARDEN;Openbaar;0588801640;https://www.piterjelles.nl/isk/;BRUGJAAR;Postbus;9002;8903 LA;LEEUWARDEN;10;Leeuwarden;04;Fryslân;04;Friesland-Noord;04;Noord-Friesland;03;Friesland;04;Friesland Noord;Noord
Friesland;13603;20DL;20DL21;Openbare Scholengemeenschap Piter Jelles voor Lyceum Havo Mavo Vbo Lwoo;Verlengde Schrans;35;8932 NJ;LEEUWARDEN;0080;LEEUWARDEN;Openbaar;0588801640;https://www.piterjelles.nl/isk/;BRUGJAAR;Postbus;9002;8903 LA;LEEUWARDEN;10;Leeuwarden;04;Fryslân;04;Friesland-Noord;04;Noord-Friesland;03;Friesland;04;Friesland Noord;Noord
Friesland;13603;20DL;20DL22;Openbare Scholengemeenschap Piter Jelles voor Lyceum Havo Mavo Vbo Lwoo;van Limburg Stirumweg;18;9291 KB;KOLLUM;1970;NOARDEAST-FRYSLAN;Overige; ; ;VBO/MAVO/HAVO/VWO;Postbus;9002;8903 LA;LEEUWARDEN;10;Leeuwarden;04;Fryslân;04;Friesland-Noord;04;Noord-Friesland;03;Friesland;04;Friesland Noord;Noord
Friesland;31231;00ZV;00ZV00;Lauwers College Christelijk Scholengemeenschap voor Atheneum Havo Mavo Vbo;De Hoefslag;40;9285 RV;BUITENPOST;0059;ACHTKARSPELEN;Bijzonder;0511542415;www.lauwerscollege.nl;VBO/MAVO/HAVO/VWO;Leerweg;1;9202 LE;DRACHTEN;10;Leeuwarden;04;Fryslân;06;Friesland-Oost;04;Noord-Friesland;03;Friesland;06;Friesland-Oost ('de Friese Wouden');Noord
Friesland;31231;00ZV;00ZV02;Lauwers College Christelijk Scholengemeenschap voor Atheneum Havo Mavo Vbo;Gerrit Bleekerstraat;3;9291 BS;KOLLUM;1970;NOARDEAST-FRYSLAN;Bijzonder;0511452900; ;VBO/MAVO;Leerweg;1;9202 LE;DRACHTEN;10;Leeuwarden;04;Fryslân;04;Friesland-Noord;04;Noord-Friesland;03;Friesland;04;Friesland Noord;Noord
Friesland;31231;00ZV;00ZV07;Lauwers College Christelijk Scholengemeenschap voor Atheneum Havo Mavo Vbo;Johannes Bogermanstraat;25;9291 HA;KOLLUM;1970;NOARDEAST-FRYSLAN;Overige; ; ;VBO/MAVO; ; ; ; ;10;Leeuwarden;04;Fryslân;04;Friesland-Noord;04;Noord-Friesland;03;Friesland;04;Friesland Noord;Noord
Friesland;31231;00ZX;00ZX00;Dockingacollege Chr SGS VMBO/HAVO/VWO;Parklaan;5;9103 ST;DOKKUM;1970;NOARDEAST-FRYSLAN;Bijzonder;0519229610;www.dockinga.nl;HAVO/VWO;Leerweg;1;9202 LE;DRACHTEN;10;Leeuwarden;04;Fryslân;04;Friesland-Noord;04;Noord-Friesland;03;Friesland;04;Friesland Noord;Noord
Friesland;31231;00ZX;00ZX02;Dockingacollege Chr SGS VMBO/HAVO/VWO;Birdaarderstraatweg;125-A;9101 CZ;DOKKUM;1970;NOARDEAST-FRYSLAN;Bijzonder;0519229630;www.dockinga.nl;VBO/MAVO;Leerweg;1;9202 LE;DRACHTEN;10;Leeuwarden;04;Fryslân;04;Friesland-Noord;04;Noord-Friesland;03;Friesland;04;Friesland Noord;Noord
Friesland;31231;00ZX;00ZX03;Dockingacollege Chr SGS VMBO/HAVO/VWO;Rondweg-West;45;9101 BE;DOKKUM;1970;NOARDEAST-FRYSLAN;Bijzonder;0519229630;www.dockinga.nl;VBO;Leerweg;1;9202 LE;DRACHTEN;10;Leeuwarden;04;Fryslân;04;Friesland-Noord;04;Noord-Friesland;03;Friesland;04;Friesland Noord;Noord
Friesland;31231;00ZX;00ZX08;Dockingacollege Chr SGS VMBO/HAVO/VWO;Woudweg;140-A;9101 VP;DOKKUM;1970;NOARDEAST-FRYSLAN;Bijzonder;0519229620;www.dockinga.nl;BRUGJAAR;Leerweg;1;9202 LE;DRACHTEN;10;Leeuwarden;04;Fryslân;04;Friesland-Noord;04;Noord-Friesland;03;Friesland;04;Friesland Noord;Noord
Friesland;31231;00ZX;00ZX10;Dockinga College vestiging Inspecteur Boelensschool;Burg van den Bergstraat;15;9166 PS;SCHIERMONNIKOOG;0088;SCHIERMONNIKOOG;Bijzonder;0519531620;www.boelensschool.nl;VBO/MAVO;Leerweg;1;9202 LE;DRACHTEN;10;Leeuwarden;04;Fryslân;04;Friesland-Noord;04;Noord-Friesland;03;Friesland;04;Friesland Noord;Noord
Friesland;31231;25CM;25CM00;Christelijke Scholengemeenschap Liudger voor Lyceum Havo Mavo Vbo Lwoo Pro;Leerweg;2;9202 LC;DRACHTEN;0090;SMALLINGERLAND;Bijzonder;0512305700;www.csgliudger.nl;VBO/MAVO;Leerweg;1;9202 LE;DRACHTEN;07;Smallingerland;04;Fryslân;06;Friesland-Oost;06;Zuidoost-Friesland;03;Friesland;06;Friesland-Oost ('de Friese Wouden');Noord
Friesland;31231;25CM;25CM04;Christelijke Scholengemeenschap Liudger voor Lyceum Havo Mavo Vbo Lwoo Pro;Leerweg;1;9202 LE;DRACHTEN;0090;SMALLINGERLAND;Bijzonder;0512305700;www.csgliudger.nl;HAVO/VWO;Leerweg;1;9202 LE;DRACHTEN;07;Smallingerland;04;Fryslân;06;Friesland-Oost;06;Zuidoost-Friesland;03;Friesland;06;Friesland-Oost ('de Friese Wouden');Noord
Friesland;31231;25CM;25CM07;Christelijke Scholengemeenschap Liudger voor Lyceum Havo Mavo Vbo Lwoo Pro;Tjalling H. Haismastraat;1;9251 AT;BURGUM;0737;TYTSJERKSTERADIEL;Bijzonder;0511460260;www.csgliudger.nl;VBO/MAVO/HAVO;Leerweg;1;9202 LE;DRACHTEN;10;Leeuwarden;04;Fryslân;06;Friesland-Oost;04;Noord-Friesland;03;Friesland;06;Friesland-Oost ('de Friese Wouden');Noord
Friesland;31231;25CM;25CM08;Christelijke Scholengemeenschap Liudger voor Lyceum Havo Mavo Vbo Lwoo Pro;Leidijk;42-D;8434 NC;WASKEMEER;0085;OOSTSTELLINGWERF;Bijzonder;0516421681;www.csgliudger.nl;VBO/MAVO;Leerweg;1;9202 LE;DRACHTEN;07;Smallingerland;04;Fryslân;06;Friesland-Oost;06;Zuidoost-Friesland;03;Friesland;06;Friesland-Oost ('de Friese Wouden');Noord
Friesland;31231;25CM;25CM10;Chr istelijke Scholengemeenschap Liudger voor Lyceum Havo Mavo Vbo Lwoo Pro;De Ring;6;9202 NW;DRACHTEN;0090;SMALLINGERLAND;Bijzonder;0512513836;www.csgliudger.nl;PRO;Leerweg;1;9202 LE;DRACHTEN;07;Smallingerland;04;Fryslân;06;Friesland-Oost;06;Zuidoost-Friesland;03;Friesland;06;Friesland-Oost ('de Friese Wouden');Noord
Friesland;31231;25CM;25CM12;Christelijke Scholengemeenschap Liudger voor Lyceum Havo Mavo Vbo Lwoo Pro;Minnertshof;17;9251 BH;BURGUM;0737;TYTSJERKSTERADIEL;Bijzonder; ;www.csgliudger.nl;HAVO;Leerweg;1;9202 LE;DRACHTEN;10;Leeuwarden;04;Fryslân;06;Friesland-Oost;04;Noord-Friesland;03;Friesland;06;Friesland-Oost ('de Friese Wouden');Noord
Friesland;35647;30UV;30UV00;Carmel Lyceum Hurdegaryp;Reidroas;12;9254 JR;HURDEGARYP;0737;TYTSJERKSTERADIEL;Bijzonder;0511471712;www.persoonlijkvo.nl;HAVO/VWO;Reidroas;12;9254 JR;HURDEGARYP;10;Leeuwarden;04;Fryslân;06;Friesland-Oost;04;Noord-Friesland;03;Friesland;06;Friesland-Oost ('de Friese Wouden');Noord
Friesland;40075;04FR;04FR00;De Diken;Simmerdyk;1-A;8601 ZP;SNEEK;1900;SUDWEST-FRYSLAN;Bijzonder;0515585801;www.dediken.nl;PRO;Simmerdyk;1-A;8601 ZP;SNEEK;09;Sneek;04;Fryslân;05;Zuidwest-Friesland;05;Zuidwest-Friesland;03;Friesland;05;Zuid-West Friesland;Noord
Friesland;40075;25CR;25CR00;Christelijke Scholengemeenschap Bogerman voor Lyceum Havo Mavo Vbo Lwoo;Hemdijk;2;8601 XH;SNEEK;1900;SUDWEST-FRYSLAN;Bijzonder;0515482482;www.csgbogerman.nl;VBO/MAVO/HAVO/VWO;Postbus;172;8600 AD;SNEEK;09;Sneek;04;Fryslân;05;Zuidwest-Friesland;05;Zuidwest-Friesland;03;Friesland;05;Zuid-West Friesland;Noord
Friesland;40075;25CR;25CR03;Bogerman Scholengemeenschap voor Lyceum Havo Mavo Vbo Lwoo;Hemdijk;47;8601 XJ;SNEEK;1900;SUDWEST-FRYSLAN;Bijzonder;0515482482;www.csgbogerman.nl;VBO/MAVO/HAVO/VWO;Postbus;172;8600 AD;SNEEK;09;Sneek;04;Fryslân;05;Zuidwest-Friesland;05;Zuidwest-Friesland;03;Friesland;05;Zuid-West Friesland;Noord
Friesland;40075;25CR;25CR07;csg Bogerman voor Lyceum Havo Mavo Vbo Lwoo locatie Koudum;Ds L Tinholtstraat;3-C;8723 CW;KOUDUM;1900;SUDWEST-FRYSLAN;Bijzonder;0514532110;www.csgbogerman.nl;VBO/MAVO;Postbus;5;8723 ZJ;KOUDUM;09;Sneek;04;Fryslân;05;Zuidwest-Friesland;05;Zuidwest-Friesland;03;Friesland;05;Zuid-West Friesland;Noord
Friesland;40075;25CR;25CR08;csg Bogerman voor Lyceum Havo Mavo Vbo Lwoo locatie Wommels;Walperterwei;8;8731 CC;WOMMELS;1900;SUDWEST-FRYSLAN;Bijzonder;0515331531; ;VBO/MAVO;Postbus;17;8730 AA;WOMMELS;09;Sneek;04;Fryslân;05;Zuidwest-Friesland;05;Zuidwest-Friesland;03;Friesland;05;Zuid-West Friesland;Noord
Friesland;40075;25CR;25CR10;csg Bogerman voor Lyceum Havo Mavo Vbo Lwoo locatie Balk;Douwe Aukesstraat;1;8561 CS;BALK;1940;DE FRYSKE MARREN;Bijzonder;0514602216;www.csgbogerman.nl;VBO/MAVO;Postbus;172;8600 AD;SNEEK;08;Heerenveen;04;Fryslân;05;Zuidwest-Friesland;05;Zuidwest-Friesland;03;Friesland;05;Zuid-West Friesland;Noord
Friesland;40075;25GB;25GB00;Marne College voor Atheneum Havo Mavo Vbo Lwoo;Schoolstraat;1;8701 DX;BOLSWARD;1900;SUDWEST-FRYSLAN;Bijzonder;0515548222;www.marnecollege.nl;VBO/MAVO/HAVO/VWO;Postbus;54;8700 AB;BOLSWARD;09;Sneek;04;Fryslân;05;Zuidwest-Friesland;05;Zuidwest-Friesland;03;Friesland;05;Zuid-West Friesland;Noord
Friesland;40075;25GB;25GB02;Marne College voor Atheneum Havo Mavo Vbo Lwoo;Schoolstraat;7;8701 DX;BOLSWARD;1900;SUDWEST-FRYSLAN;Bijzonder; ; ;VBO;Postbus;54;8700 AB;BOLSWARD;09;Sneek;04;Fryslân;05;Zuidwest-Friesland;05;Zuidwest-Friesland;03;Friesland;05;Zuid-West Friesland;Noord
Friesland;40687;25GV;25GV30;Aeres VMBO Buitenpost;Prof.Wassenberghstraat;3;9285 PS;BUITENPOST;0059;ACHTKARSPELEN;Bijzonder;0880207000;www.aeres.nl;VBO;Postbus;245;6710 BE;EDE;10;Leeuwarden;04;Fryslân;06;Friesland-Oost;04;Noord-Friesland;03;Friesland;06;Friesland-Oost ('de Friese Wouden');Noord
Friesland;40687;25GV;25GV31;Aeres VMBO Sneek;Harste;2;8602 JX;SNEEK;1900;SUDWEST-FRYSLAN;Bijzonder;0880207000;www.aeres.nl;VBO;Postbus;245;6710 BE;EDE;09;Sneek;04;Fryslân;05;Zuidwest-Friesland;05;Zuidwest-Friesland;03;Friesland;05;Zuid-West Friesland;Noord
Friesland;40687;25GV;25GV32;Aeres VMBO Heerenveen;Domela Nieuwenhuisweg;3;8448 GK;HEERENVEEN;0074;HEERENVEEN;Bijzonder;0513623034;www.aeres.nl;VBO;Postbus;245;6710 BE;EDE;08;Heerenveen;04;Fryslân;06;Friesland-Oost;06;Zuidoost-Friesland;03;Friesland;06;Friesland-Oost ('de Friese Wouden');Noord
Friesland;40687;25GV;25GV34;Aeres VMBO Leeuwarden;Jansoniusstraat;2;8934 BM;LEEUWARDEN;0080;LEEUWARDEN;Bijzonder;0880207000;www.aeres.nl;VBO;Postbus;245;6710 BE;EDE;10;Leeuwarden;04;Fryslân;04;Friesland-Noord;04;Noord-Friesland;03;Friesland;04;Friesland Noord;Noord
Friesland;40872;25PW;25PW58;Drenthe College Terra;Paulus Potterstraat;33;8471 VM;WOLVEGA;0098;WESTSTELLINGWERF;Overige;0561618818; ;VBO;Paulus Potterstraat;33;8471 VM;WOLVEGA;08;Heerenveen;04;Fryslân;06;Friesland-Oost;06;Zuidoost-Friesland;03;Friesland;06;Friesland-Oost ('de Friese Wouden');Noord
Friesland;41195;20CR;20CR03;Openbare School voor voortgezet onderwijs Zuyderzee Lyceum;Straatweg;52-D;8531 PZ;LEMMER;1940;DE FRYSKE MARREN;Openbaar;0514561387;www.zuyderzeelyceum.nl;VBO/MAVO;Postbus;27;8300 AA;EMMELOORD;08;Heerenveen;04;Fryslân;05;Zuidwest-Friesland;05;Zuidwest-Friesland;03;Friesland;05;Zuid-West Friesland;Noord
Friesland;41195;20CR;20CR07;Openbare School voor voortgezet onderwijs Zuyderzee Lyceum;Lennastraat;14;8531 JZ;LEMMER;1940;DE FRYSKE MARREN;Openbaar;0514561387;www.caleido-isk.nl;BRUGJAAR;Postbus;27;8300 AA;EMMELOORD;08;Heerenveen;04;Fryslân;05;Zuidwest-Friesland;05;Zuidwest-Friesland;03;Friesland;05;Zuid-West Friesland;Noord
Friesland;41295;15VQ;15VQ00;Stellingwerf College;Quadoelenweg;29;8431 LN;OOSTERWOLDE FR;0085;OOSTSTELLINGWERF;Openbaar;0516568500;www.stellingwerfcollege.nl;VBO/MAVO/HAVO/VWO;Postbus;86;8430 AB;OOSTERWOLDE FR;07;Smallingerland;04;Fryslân;06;Friesland-Oost;06;Zuidoost-Friesland;03;Friesland;06;Friesland-Oost ('de Friese Wouden');Noord
Friesland;41295;19LO;19LO00;Linde College voor Atheneum Havo Mavo Vbo en Lwoo;Drafsportlaan;22;8472 AS;WOLVEGA;0098;WESTSTELLINGWERF;Bijzonder;0561691700;www.lindecollege.nl;VBO/MAVO/HAVO/VWO;Postbus;170;8470 AD;WOLVEGA;08;Heerenveen;04;Fryslân;06;Friesland-Oost;06;Zuidoost-Friesland;03;Friesland;06;Friesland-Oost ('de Friese Wouden');Noord
Friesland;41347;02VC;02VC00;Comenius Christelijke Scholengemeenschap voor Atheneum Havo Vmbo Lwoo Pro;Achter de Hoven;118;8933 CR;LEEUWARDEN;0080;LEEUWARDEN;Bijzonder;0582347670;www.csg-comenius.nl;HAVO/VWO;Achter de Hoven;118;8933 CR;LEEUWARDEN;10;Leeuwarden;04;Fryslân;04;Friesland-Noord;04;Noord-Friesland;03;Friesland;04;Friesland Noord;Noord
Friesland;41347;02VC;02VC02;Comenius Zamenhof;Robert Kochstraat;6;8921 VX;LEEUWARDEN;0080;LEEUWARDEN;Bijzonder;0582347670;www.csg-comenius.nl;VBO/MAVO/PRO;Postbus;193;8900 AD;LEEUWARDEN;10;Leeuwarden;04;Fryslân;04;Friesland-Noord;04;Noord-Friesland;03;Friesland;04;Friesland Noord;Noord
Friesland;41347;02VC;02VC03;Comenius Esdoorn;Esdoornstraat;52;8924 BK;LEEUWARDEN;0080;LEEUWARDEN;Bijzonder;0582347670;www.csg-comenius.nl;VBO/MAVO;Postbus;193;8900 AD;LEEUWARDEN;10;Leeuwarden;04;Fryslân;04;Friesland-Noord;04;Noord-Friesland;03;Friesland;04;Friesland Noord;Noord
Friesland;41347;02VC;02VC08;Comenius - Ulbe van Houten;Hartman Sannesstraat;5-7;9076 EB;ST.-ANNAPAROCHIE;1949;WAADHOEKE;Bijzonder;0582347670;www.comenius-ulbevanhouten.nl;VBO/MAVO;Postbus;193;8900 AD;LEEUWARDEN;10;Leeuwarden;04;Fryslân;04;Friesland-Noord;04;Noord-Friesland;03;Friesland;04;Friesland Noord;Noord
Friesland;41347;02VC;02VC09;Comenius @Forum;Plataanstraat;1;8924 CR;LEEUWARDEN;0080;LEEUWARDEN;Bijzonder;0582347670;www.csg-comenius.nl;VBO/MAVO;Postbus;193;8900 AD;LEEUWARDEN;10;Leeuwarden;04;Fryslân;04;Friesland-Noord;04;Noord-Friesland;03;Friesland;04;Friesland Noord;Noord
Friesland;41347;02VC;02VC10;Comenius Christelijke Scholengemeenschap voor Atheneum Havo Vmbo Lwoo Pro;Beukenstraat;1;8924 GG;LEEUWARDEN;0080;LEEUWARDEN;Bijzonder; ; ;BRUGJAAR;Postbus;193;8900 AD;LEEUWARDEN;10;Leeuwarden;04;Fryslân;04;Friesland-Noord;04;Noord-Friesland;03;Friesland;04;Friesland Noord;Noord
Friesland;41347;02VC;02VC11;Comenius Christelijke Scholengemeenschap voor Atheneum, Havo, Vmbo, Lwoo, Pro;J.H. Knoopstraat;1;8933 GS;LEEUWARDEN;0080;LEEUWARDEN;Bijzonder;0582347670;www.csg-comenius.nl;HAVO/VWO;Achter de Hoven;118;8933 CR;LEEUWARDEN;10;Leeuwarden;04;Fryslân;04;Friesland-Noord;04;Noord-Friesland;03;Friesland;04;Friesland Noord;Noord
Friesland;41347;14NS;14NS00;Christelijke Scholengemeenschap A.M. van Schurman voor Havo Mavo Vbo;Cort van der Lindenstr;1;8802 RX;FRANEKER;1949;WAADHOEKE;Bijzonder;0517395900;www.annamaria.nl;VBO/MAVO/HAVO;Cort van der Lindenstr;1;8802 RX;FRANEKER;10;Leeuwarden;04;Fryslân;04;Friesland-Noord;04;Noord-Friesland;03;Friesland;04;Friesland Noord;Noord
Friesland;41347;14NS;14NS04;Christelijke Scholengemeenschap A.M. van Schurman voor Havo Mavo Vbo;Galjoen;20;8802 NG;FRANEKER;1949;WAADHOEKE;Bijzonder; ; ;VBO/HAVO;Cort van der Lindenstr;1;8802 RX;FRANEKER;10;Leeuwarden;04;Fryslân;04;Friesland-Noord;04;Noord-Friesland;03;Friesland;04;Friesland Noord;Noord
Friesland;41347;14NS;14NS05;Christelijke Scholengemeenschap A.M. van Schurman voor Havo Mavo Vbo;Cort van der Lindenstr;1-A;8802 RX;FRANEKER;1949;WAADHOEKE;Bijzonder; ; ;VBO/HAVO;Cort van der Lindenstr;1;8802 RX;FRANEKER;10;Leeuwarden;04;Fryslân;04;Friesland-Noord;04;Noord-Friesland;03;Friesland;04;Friesland Noord;Noord
Friesland;41347;14WI;14WI00;Christelijk Gymnasium Beyers Naude;Gymnasiumstraat;36;8932 GW;LEEUWARDEN;0080;LEEUWARDEN;Bijzonder;0582124471;www.cgbn.nl;VWO;Gymnasiumstraat;36;8932 GW;LEEUWARDEN;10;Leeuwarden;04;Fryslân;04;Friesland-Noord;04;Noord-Friesland;03;Friesland;04;Friesland Noord;Noord
Friesland;41442;16FP;16FP00;Regionale Scholengemeenschap Magister Alvinus voor Vwo Havo Mavo Vbo;Almastraat;5;8601 EW;SNEEK;1900;SUDWEST-FRYSLAN;Openbaar;0515429760;www.rsg-sneek.nl;VBO/MAVO/HAVO/VWO;Postbus;341;8600 AH;SNEEK;09;Sneek;04;Fryslân;05;Zuidwest-Friesland;05;Zuidwest-Friesland;03;Friesland;05;Zuid-West Friesland;Noord
Friesland;41442;16FP;16FP05;Regionale Scholengemeenschap Magister Alvinus voor Vwo Havo Mavo Vbo locatie ISK;Harmen Sytstrastraat;1-B;8602 TM;SNEEK;1900;SUDWEST-FRYSLAN;Openbaar;0515439596; ;BRUGJAAR;Postbus;341;8600 AH;SNEEK;09;Sneek;04;Fryslân;05;Zuidwest-Friesland;05;Zuidwest-Friesland;03;Friesland;05;Zuid-West Friesland;Noord
Friesland;41664;01KL;01KL09;Noordzee Onderwijs Groep voor Gymnasium, Atheneum, Havo, Vmbo;Almenumerweg;1;8861 KM;HARLINGEN;0072;HARLINGEN;Bijzonder;0517412300; ;VBO;Postbus;4470;2003 EL;HAARLEM;10;Leeuwarden;04;Fryslân;04;Friesland-Noord;04;Noord-Friesland;03;Friesland;04;Friesland Noord;Noord
Friesland;41789;02UV;02UV03;Gomarus College voor Vwo Havo Mavo Vbo Lwoo;De Drift;38;9203 GH;DRACHTEN;0090;SMALLINGERLAND;Bijzonder;0512515207;www.gomaruscollege.nl;VBO/MAVO;De Drift;38;9203 GH;DRACHTEN;07;Smallingerland;04;Fryslân;06;Friesland-Oost;06;Zuidoost-Friesland;03;Friesland;06;Friesland-Oost ('de Friese Wouden');Noord
Friesland;41789;02UV;02UV04;Gomarus College voor Vwo Havo Mavo Vbo Lwoo;Irenestraat;5;8931 DG;LEEUWARDEN;0080;LEEUWARDEN;Bijzonder;0582673822;www.gomaruscollege.nl;VBO/MAVO/HAVO;Irenestraat;5;8931 DG;LEEUWARDEN;10;Leeuwarden;04;Fryslân;04;Friesland-Noord;04;Noord-Friesland;03;Friesland;04;Friesland Noord;Noord
Friesland;42606;05NE;05NE00;PRO Dokkum;Birdaarderstraatweg;82;9101 PK;DOKKUM;1970;NOARDEAST-FRYSLAN;Bijzonder;0519294137;www.prodokkum.nl;PRO;Birdaarderstraatweg;82;9101 PK;DOKKUM;10;Leeuwarden;04;Fryslân;04;Friesland-Noord;04;Noord-Friesland;03;Friesland;04;Friesland Noord;Noord
Friesland;42860;14FW;14FW00;Openbare Scholengroep  voor VMBO, Havo, Atheneum en Gymnasium;Schans;100;8441 AE;HEERENVEEN;0074;HEERENVEEN;Openbaar;0513657310;www.ogmf.nl;VBO/MAVO/HAVO/VWO;Postbus;409;8440 AK;HEERENVEEN;08;Heerenveen;04;Fryslân;06;Friesland-Oost;06;Zuidoost-Friesland;03;Friesland;06;Friesland-Oost ('de Friese Wouden');Noord
Friesland;42860;14FW;14FW01;KiiM;Buitenbaan;5;8441 HB;HEERENVEEN;0074;HEERENVEEN;Openbaar;0513644960;www.ogmf.nl;VBO/MAVO/HAVO/VWO;Postbus;409;8440 AK;HEERENVEEN;08;Heerenveen;04;Fryslân;06;Friesland-Oost;06;Zuidoost-Friesland;03;Friesland;06;Friesland-Oost ('de Friese Wouden');Noord
Friesland;42860;14FW;14FW02;Kei College;Ds Kingweg;8;8446 KZ;HEERENVEEN;0074;HEERENVEEN;Openbaar;0513726600;www.ogmf.nl;VBO/MAVO/HAVO/VWO;Postbus;409;8440 AK;HEERENVEEN;08;Heerenveen;04;Fryslân;06;Friesland-Oost;06;Zuidoost-Friesland;03;Friesland;06;Friesland-Oost ('de Friese Wouden');Noord
Friesland;42860;14FW;14FW04;Plein Joure;Pasteurweg;1;8503 AB;JOURE;1940;DE FRYSKE MARREN;Openbaar;0513482166;www.ogmf.nl;VBO/MAVO;Postbus;409;8440 AK;HEERENVEEN;08;Heerenveen;04;Fryslân;05;Zuidwest-Friesland;05;Zuidwest-Friesland;03;Friesland;05;Zuid-West Friesland;Noord
Friesland;42860;14FW;14FW05;Sevenwolden Grou;Burstumerdyk;5;9001 ZC;GROU;0080;LEEUWARDEN;Openbaar;0566625144;www.ogmf.nl;VBO/MAVO;Postbus;409;8440 AK;HEERENVEEN;10;Leeuwarden;04;Fryslân;04;Friesland-Noord;04;Noord-Friesland;03;Friesland;04;Friesland Noord;Noord
Friesland;42860;14FW;14FW08;Sevenwolden Campus Onderbouw;Buitenbaan;5;8441 HB;HEERENVEEN;0074;HEERENVEEN;Openbaar;0513657310;www.sevenwoldencampus.nl;VBO/MAVO/HAVO/VWO;Postbus;409;8440 AK;HEERENVEEN;08;Heerenveen;04;Fryslân;06;Friesland-Oost;06;Zuidoost-Friesland;03;Friesland;06;Friesland-Oost ('de Friese Wouden');Noord
Friesland;42860;25CV;25CV00;Bornego College Chr. Scholengemeenschap voor VMBO, Havo, Atheneum en Gymnasium;Ds Kingweg;1;8446 KZ;HEERENVEEN;0074;HEERENVEEN;Bijzonder;0513801800;www.ogmf.nl;VBO/MAVO/HAVO/VWO;Postbus;409;8440 AK;HEERENVEEN;08;Heerenveen;04;Fryslân;06;Friesland-Oost;06;Zuidoost-Friesland;03;Friesland;06;Friesland-Oost ('de Friese Wouden');Noord
Friesland;42860;25CV;25CV01;Bornego College Junior;Ds Kingweg;2;8446 KZ;HEERENVEEN;0074;HEERENVEEN;Bijzonder;0513801800;www.ogmf.nl;VBO/MAVO;Postbus;409;8440 AK;HEERENVEEN;08;Heerenveen;04;Fryslân;06;Friesland-Oost;06;Zuidoost-Friesland;03;Friesland;06;Friesland-Oost ('de Friese Wouden');Noord
Friesland;42860;25CV;25CV02;Internationale Schakelklas Heerenveen;Beugel;68;8447 AH;HEERENVEEN;0074;HEERENVEEN;Bijzonder;0513250320;iskheerenveen.nl;VBO/MAVO;Postbus;409;8440 AK;HEERENVEEN;08;Heerenveen;04;Fryslân;06;Friesland-Oost;06;Zuidoost-Friesland;03;Friesland;06;Friesland-Oost ('de Friese Wouden');Noord
Friesland;42860;25CV;25CV03;Bornego College Chr. SGM voor Atheneum Havo Mavo Vbo vestiging Joure;Pasteurweg;3;8503 AB;JOURE;1940;DE FRYSKE MARREN;Bijzonder;0513482166;www.pleinjoure.nl;VBO/MAVO;Postbus;409;8440 AK;HEERENVEEN;08;Heerenveen;04;Fryslân;05;Zuidwest-Friesland;05;Zuidwest-Friesland;03;Friesland;05;Zuid-West Friesland;Noord
Friesland;42860;25CV;25CV05;Bornego college Chr. Scholengemeenschap voor VMBO, Havo, Atheneum en Gymnasium;Ds Kingweg;8;8446 KZ;HEERENVEEN;0074;HEERENVEEN;Bijzonder;0513726600;www.ogmf.nl;VBO;Postbus;409;8440 AK;HEERENVEEN;08;Heerenveen;04;Fryslân;06;Friesland-Oost;06;Zuidoost-Friesland;03;Friesland;06;Friesland-Oost ('de Friese Wouden');Noord
Friesland;42860;26KP;26KP00;De Compagnie;Ds Kingweg;10;8446 KZ;HEERENVEEN;0074;HEERENVEEN;Openbaar;0513654155;www.ogmf.nl;PRO;Postbus;409;8440 AK;HEERENVEEN;08;Heerenveen;04;Fryslân;06;Friesland-Oost;06;Zuidoost-Friesland;03;Friesland;06;Friesland-Oost ('de Friese Wouden');Noord
Gelderland;13554;03RR;03RR00;Candea College Atheneum Havo Mavo Vmbo;Saturnus;1;6922 LX;DUIVEN;0226;DUIVEN;Bijzonder;0316367800;www.candea.nl;HAVO/VWO;Postbus;141;6920 AC;DUIVEN;26;Arnhem;11;IJssel en Rijn;14;Arnhem/Nijmegen;15;Arnhem/Nijmegen;09;Arnhem en omstreken;41;Arnhem;Zuid
Gelderland;13554;03RR;03RR04;Candea College Atheneum Havo Mavo Vmbo;Eltensestraat;8;6922 JB;DUIVEN;0226;DUIVEN;Bijzonder;0316367800;www.candea.nl;VBO/MAVO;Postbus;141;6920 AC;DUIVEN;26;Arnhem;11;IJssel en Rijn;14;Arnhem/Nijmegen;15;Arnhem/Nijmegen;09;Arnhem en omstreken;41;Arnhem;Zuid
Gelderland;13554;03RR;03RR07;Candea College Atheneum Havo Mavo Vmbo;Saturnus;3;6922 LX;DUIVEN;0226;DUIVEN;Bijzonder; ; ;VBO/MAVO/HAVO/VWO;Postbus;141;6920 AC;DUIVEN;26;Arnhem;11;IJssel en Rijn;14;Arnhem/Nijmegen;15;Arnhem/Nijmegen;09;Arnhem en omstreken;41;Arnhem;Zuid
Gelderland;13554;05FF;05FF00;Olympuscollege PC RK SGM voor Lyceum Havo Mavo;Olympus;11;6832 EL;ARNHEM;0202;ARNHEM;Bijzonder;0263202870;www.olympuscollege.nl;VBO/MAVO/HAVO/VWO;Postbus;30098;6803 AB;ARNHEM;26;Arnhem;11;IJssel en Rijn;14;Arnhem/Nijmegen;15;Arnhem/Nijmegen;09;Arnhem en omstreken;41;Arnhem;Zuid
Gelderland;13554;05FF;05FF01;Olympuscollege PC RK SGM voor Lyceum Havo Mavo;Olympus;11;6832 EL;ARNHEM;0202;ARNHEM;Bijzonder; ; ;MAVO/HAVO/VWO;Postbus;30098;6803 AB;ARNHEM;26;Arnhem;11;IJssel en Rijn;14;Arnhem/Nijmegen;15;Arnhem/Nijmegen;09;Arnhem en omstreken;41;Arnhem;Zuid
Gelderland;13554;08PS;08PS00;Symbion School voor Praktijkonderwijs;Hoge Witteveld;2;6942 RD;DIDAM;1955;MONTFERLAND;Bijzonder;0316583880;www.symbion-vo.nl;PRO;Hoge Witteveld;2;6942 RD;DIDAM;25;Doetinchem;12;Achterhoek;13;Oost-Gelderland;14;Achterhoek;08;Zuidelijke Achterhoek;13;Achterhoek;Zuid
Gelderland;13554;12NW;12NW00;Produs;Leidenweg;60;6843 LD;ARNHEM;0202;ARNHEM;Openbaar;0263208830;www.produsarnhem.nl;PRO;Postbus;30064;6803 AB;ARNHEM;26;Arnhem;11;IJssel en Rijn;14;Arnhem/Nijmegen;15;Arnhem/Nijmegen;09;Arnhem en omstreken;41;Arnhem;Zuid
Gelderland;13554;16SK;16SK00;Liemers College SGM voor LYC HAVO MAVO VBO LWOO;Heerenmaten;6;6904 GZ;ZEVENAAR;0299;ZEVENAAR;Bijzonder;0316583800;www.liemerscollege.nl;VBO/MAVO/HAVO/VWO;Postbus;412;6900 AK;ZEVENAAR;26;Arnhem;11;IJssel en Rijn;14;Arnhem/Nijmegen;15;Arnhem/Nijmegen;09;Arnhem en omstreken;41;Arnhem;Zuid
Gelderland;13554;16SK;16SK01;Liemers College Scholengemeenschap voor LYC HAVO MAVO VBO LWOO;Dijksestraat;12;6942 GC;DIDAM;1955;MONTFERLAND;Bijzonder;0316583800; ;VBO/MAVO/HAVO/VWO;Postbus;412;6900 AK;ZEVENAAR;25;Doetinchem;12;Achterhoek;13;Oost-Gelderland;14;Achterhoek;08;Zuidelijke Achterhoek;13;Achterhoek;Zuid
Gelderland;13554;16SK;16SK05;Liemers College SGM voor LYC HAVO MAVO VBO LWOO;Landeweerdijk;9;6902 KA;ZEVENAAR;0299;ZEVENAAR;Bijzonder;0316583800; ;VBO/MAVO;Postbus;412;6900 AK;ZEVENAAR;26;Arnhem;11;IJssel en Rijn;14;Arnhem/Nijmegen;15;Arnhem/Nijmegen;09;Arnhem en omstreken;41;Arnhem;Zuid
Gelderland;13554;16SK;16SK07;Liemers College SGM voor Lyc Havo Mavo Vbo Lwoo;Zonegge 07;9;6903 EP;ZEVENAAR;0299;ZEVENAAR;Bijzonder;0316583800; ;VBO/MAVO;Postbus;412;6900 AK;ZEVENAAR;26;Arnhem;11;IJssel en Rijn;14;Arnhem/Nijmegen;15;Arnhem/Nijmegen;09;Arnhem en omstreken;41;Arnhem;Zuid
Gelderland;13554;20RM;20RM00;Stedelijk Gymnasium Arnhem;Thorbeckestraat;17;6828 TS;ARNHEM;0202;ARNHEM;Openbaar;0263209840;www.gymnasiumarnhem.nl;VWO;Thorbeckestraat;17;6828 TS;ARNHEM;26;Arnhem;11;IJssel en Rijn;14;Arnhem/Nijmegen;15;Arnhem/Nijmegen;09;Arnhem en omstreken;41;Arnhem;Zuid
Gelderland;13554;20TZ;20TZ00;Lorentz Groep voor Vwo Havo Mavo Vbo Lwoo;Metamorfosenallee;100;6843 HX;ARNHEM;0202;ARNHEM;Openbaar;0263202850;www.lorentzlyceum.nl;VBO/MAVO/HAVO/VWO;Metamorfosenallee;100;6843 HX;ARNHEM;26;Arnhem;11;IJssel en Rijn;14;Arnhem/Nijmegen;15;Arnhem/Nijmegen;09;Arnhem en omstreken;41;Arnhem;Zuid
Gelderland;13554;20TZ;20TZ04;Lorentz Groep voor Vwo Havo Mavo Vbo Lwoo;Auditorium;6;6661 TZ;ELST GLD;1734;OVERBETUWE;Openbaar;0481362930;www.hetwesteraam.nl;VBO/MAVO;Auditorium;6;6661 TZ;ELST GLD;26;Arnhem;11;IJssel en Rijn;14;Arnhem/Nijmegen;15;Arnhem/Nijmegen;09;Arnhem en omstreken;41;Arnhem;Zuid
Gelderland;13554;20TZ;20TZ07;Lorentz Groep voor Vwo Havo Mavo Vbo Lwoo loc. Maarten van Rossem;Groningensingel;1235;6835 HZ;ARNHEM;0202;ARNHEM;Openbaar;0263202860;www.maartenvanrossem.nl;VBO/MAVO;Groningensingel;1235;6835 HZ;ARNHEM;26;Arnhem;11;IJssel en Rijn;14;Arnhem/Nijmegen;15;Arnhem/Nijmegen;09;Arnhem en omstreken;41;Arnhem;Zuid
Gelderland;13554;20TZ;20TZ11;Lorentz Groep voor Vwo Havo Mavo Vbo Lwoo;Auditorium;3;6661 TZ;ELST GLD;1734;OVERBETUWE;Openbaar;0481362920;www.lyceumelst.nl;VBO/MAVO/HAVO/VWO;Auditorium;3;6661 TZ;ELST GLD;26;Arnhem;11;IJssel en Rijn;14;Arnhem/Nijmegen;15;Arnhem/Nijmegen;09;Arnhem en omstreken;41;Arnhem;Zuid
Gelderland;13554;20TZ;20TZ12;Lorentz Groep voor Vwo Havo Mavo Vbo Lwoo;Parnassusstraat;20;6846 RB;ARNHEM;0202;ARNHEM;Openbaar;0263202840;www.riversarnhem.org;HAVO/VWO;Parnassusstraat;21;6846 RB;ARNHEM;26;Arnhem;11;IJssel en Rijn;14;Arnhem/Nijmegen;15;Arnhem/Nijmegen;09;Arnhem en omstreken;41;Arnhem;Zuid
Gelderland;13554;20TZ;20TZ13;Lorentz Groep voor Vwo Havo Mavo Vbo Lwoo loc. ISK Groningensingel 1235;Groningensingel;1235;6835 HZ;ARNHEM;0202;ARNHEM;Openbaar; ; ;VBO/MAVO/HAVO/VWO;Saturnus;5;6922 LX;DUIVEN;26;Arnhem;11;IJssel en Rijn;14;Arnhem/Nijmegen;15;Arnhem/Nijmegen;09;Arnhem en omstreken;41;Arnhem;Zuid
Gelderland;13554;20TZ;20TZ14;Lorentz Groep voor Vwo Havo Mavo Vbo Lwoo, locatie Lyceum Elst Nijverheidsweg;Nijverheidsweg;2-B;6662 NG;ELST GLD;1734;OVERBETUWE;Openbaar; ; ;VBO/MAVO/HAVO/VWO;Nijverheidsweg;2-B;6662 NG;ELST GLD;26;Arnhem;11;IJssel en Rijn;14;Arnhem/Nijmegen;15;Arnhem/Nijmegen;09;Arnhem en omstreken;41;Arnhem;Zuid
Gelderland;13554;25GL;25GL00;Openb. SGM. Arnhem Noord. voor lyceum, havo, mavo en vbo;Bernhardlaan;49;6824 LE;ARNHEM;0202;ARNHEM;Openbaar;0263209820;www.beekdallyceum.nl;HAVO/VWO;Bernhardlaan;49;6824 LE;ARNHEM;26;Arnhem;11;IJssel en Rijn;14;Arnhem/Nijmegen;15;Arnhem/Nijmegen;09;Arnhem en omstreken;41;Arnhem;Zuid
Gelderland;13554;25GL;25GL04;Openb. SGM. Arnhem Noord voor lyceum, havo, mavo en vbo;Thomas a Kempislaan;82;6822 LS;ARNHEM;0202;ARNHEM;Openbaar;0263209850;www.vmbo-venster.nl;VBO/MAVO;Thomas a Kempislaan;82;6822 LS;ARNHEM;26;Arnhem;11;IJssel en Rijn;14;Arnhem/Nijmegen;15;Arnhem/Nijmegen;09;Arnhem en omstreken;41;Arnhem;Zuid
Gelderland;13554;25GL;25GL06;Openb. SGM. Arnhem Noord voor lyceum, havo, mavo en vbo;Utrechtseweg;174;6812 AL;ARNHEM;0202;ARNHEM;Openbaar;0263209830;www.montessoriarnhem.nl;VBO/MAVO/HAVO;Utrechtseweg;174;6812 AL;ARNHEM;26;Arnhem;11;IJssel en Rijn;14;Arnhem/Nijmegen;15;Arnhem/Nijmegen;09;Arnhem en omstreken;41;Arnhem;Zuid
Gelderland;13554;25GL;25GL09;Openb. SGM. Arnhem Noordvoor lyceum, havo, mavo en vbo;Gruttostraat;1;6883 CN;VELP GLD;0275;RHEDEN;Openbaar; ; ;BRUGJAAR;Postbus;7;6920 AA;DUIVEN;26;Arnhem;11;IJssel en Rijn;14;Arnhem/Nijmegen;15;Arnhem/Nijmegen;09;Arnhem en omstreken;41;Arnhem;Zuid
Gelderland;13554;25GL;25GL10;Openb. SGM. Arnhem Noord. voor lyceum, havo, mavo en vbo;Thorbeckestraat;17;6828 TS;ARNHEM;0202;ARNHEM;Openbaar; ; ;BRUGJAAR;Saturnus;5;6922 LX;DUIVEN;26;Arnhem;11;IJssel en Rijn;14;Arnhem/Nijmegen;15;Arnhem/Nijmegen;09;Arnhem en omstreken;41;Arnhem;Zuid
Gelderland;13554;25GL;25GL11;Openb. SGM. Arnhem Noord. voor lyceum, havo, mavo en vbo;Bruningweg;2-A;6827 BM;ARNHEM;0202;ARNHEM;Openbaar; ; ;BRUGJAAR;Bernhardlaan;49;6824 LE;ARNHEM;26;Arnhem;11;IJssel en Rijn;14;Arnhem/Nijmegen;15;Arnhem/Nijmegen;09;Arnhem en omstreken;41;Arnhem;Zuid
Gelderland;13693;16YV;16YV00;Regionale Scholengemeenschap Pantarijn voor Lyc Havo Mavo Vbo Pro Lwoo;Hollandseweg;11;6706 KN;WAGENINGEN;0289;WAGENINGEN;Openbaar;0317465855;www.pantarijn.nl;VBO/MAVO/HAVO/VWO;Postbus;257;6700 AG;WAGENINGEN;29;Ede;10;De Vallei;16;Eem en Vallei;13;Veluwe;09;Arnhem en omstreken;16;Eem en Vallei;Midden
Gelderland;13693;16YV;16YV01;Regionale Scholengemeenschap Pantarijn voor Lyc Havo Mavo Vbo Pro Lwoo;Hollandseweg;9;6706 KN;WAGENINGEN;0289;WAGENINGEN;Openbaar;0317466599;www.pantarijn.nl;VBO/MAVO/PRO;Postbus;257;6700 AG;WAGENINGEN;29;Ede;10;De Vallei;16;Eem en Vallei;13;Veluwe;09;Arnhem en omstreken;16;Eem en Vallei;Midden
Gelderland;13693;16YV;16YV04;Regionale Scholengemeenschap Pantarijn voor Lyc Havo Mavo Vbo Pro Lwoo;Vicuslaan;2;4041 ZA;KESTEREN;1740;NEDER-BETUWE;Openbaar;0488481492;www.pantarijn.nl;VBO/MAVO;Postbus;257;6700 AG;WAGENINGEN;31;Tiel;14;Rivierenland;15;Rivierenland;16;Zuidwest-Gelderland;11;Oostelijk Maas-Waalgebied;15;Rivierenland;Midden
Gelderland;13693;16YV;16YV10;Regionale Scholengemeenschap Pantarijn voor Lyc Havo Mavo Vbo Pro Lwoo;Agro Business Park;99-101;6708 PV;WAGENINGEN;0289;WAGENINGEN;Openbaar;0317465856; ;BRUGJAAR;Postbus;257;6700 AG;WAGENINGEN;29;Ede;10;De Vallei;16;Eem en Vallei;13;Veluwe;09;Arnhem en omstreken;16;Eem en Vallei;Midden
Gelderland;13693;16YV;16YV11;Regionale Scholengemeenschap Pantarijn voor Lyc Havo Mavo Vbo Pro Lwoo;Tollenhof;1;4041 BH;KESTEREN;1740;NEDER-BETUWE;Openbaar; ; ;VBO/MAVO; ; ; ; ;31;Tiel;14;Rivierenland;15;Rivierenland;16;Zuidwest-Gelderland;11;Oostelijk Maas-Waalgebied;15;Rivierenland;Midden
Gelderland;13709;19EW;19EW00;Openbare Regionale Scholengemeenschap Lek en Linge voor atheneum havo vmbo lwoo;Multatulilaan;6;4103 NM;CULEMBORG;0216;CULEMBORG;Openbaar;0345512833;www.lekenlinge.nl;MAVO/HAVO/VWO;Postbus;461;4100 AL;CULEMBORG;33;Culemborg;14;Rivierenland;15;Rivierenland;16;Zuidwest-Gelderland;13;Utrecht en omstreken;15;Rivierenland;Midden
Gelderland;13709;19EW;19EW01;Openbare Regionale Schoolgemeenschap Lek en Linge voor vwo havo vmbo lwoo;Ina Boudier-Bakkerstraat;2;4103 NN;CULEMBORG;0216;CULEMBORG;Openbaar;0345520066; ;VBO/MAVO;Postbus;461;4100 AL;CULEMBORG;33;Culemborg;14;Rivierenland;15;Rivierenland;16;Zuidwest-Gelderland;13;Utrecht en omstreken;15;Rivierenland;Midden
Gelderland;13709;19EW;19EW03;Openbare Regionale Schoolgemeenschap Lek en Linge voor vwo havo vmbo lwoo;Multatulilaan;3;4103 NM;CULEMBORG;0216;CULEMBORG;Openbaar; ; ;HAVO/VWO;Postbus;461;4100 AL;CULEMBORG;33;Culemborg;14;Rivierenland;15;Rivierenland;16;Zuidwest-Gelderland;13;Utrecht en omstreken;15;Rivierenland;Midden
Gelderland;13709;19EW;19EW04;Openbare Regionale Schoolgemeenschap Lek en Linge voor vwo havo vmbo lwoo;Annie MG Schmidtpad;1;4103 NP;CULEMBORG;0216;CULEMBORG;Openbaar; ; ;VBO/MAVO;Postbus;461;4100 AL;CULEMBORG;33;Culemborg;14;Rivierenland;15;Rivierenland;16;Zuidwest-Gelderland;13;Utrecht en omstreken;15;Rivierenland;Midden
Gelderland;13709;19EW;19EW05;O.R.S. Lek en Linge vestiging de Lingeborgh voor vwo havo vmbo lwoo;Laan van Leeuwenstein;2;4191 NB;GELDERMALSEN;1960;WEST BETUWE;Openbaar;0345571504;www.lekenlinge.nl;VBO/MAVO;Postbus;92;4190 CB;GELDERMALSEN;33;Culemborg;14;Rivierenland;15;Rivierenland;16;Zuidwest-Gelderland;13;Utrecht en omstreken;15;Rivierenland;Midden
Gelderland;28212;16NK;16NK00;Vrije school Zutphen-Groningen;De IJsselhank;1;7206 DG;ZUTPHEN;0301;ZUTPHEN;Bijzonder;0575538720;www.vszutphen.nl;MAVO/HAVO/VWO;Postbus;146;7200 AC;ZUTPHEN;23;Zutphen;09;Stedendriehoek;11;Stedendriehoek;14;Achterhoek;07;Apeldoorn en midden-IJsselgebied;11;Stedendriehoek;Midden
Gelderland;28212;16NK;16NK03;Vrije school Zutphen-Groningen;Dieserstraat;52;7201 NB;ZUTPHEN;0301;ZUTPHEN;Bijzonder;0575538720;www.vszutphen.nl;MAVO/HAVO/VWO;Postbus;146;7200 AC;ZUTPHEN;23;Zutphen;09;Stedendriehoek;11;Stedendriehoek;14;Achterhoek;07;Apeldoorn en midden-IJsselgebied;11;Stedendriehoek;Midden
Gelderland;28212;16NK;16NK06;Vrije School Zutphen vo (Berkenlaan);Berkenlaan;389;7204 EN;ZUTPHEN;0301;ZUTPHEN;Bijzonder; ; ;MAVO/HAVO/VWO; ; ; ; ;23;Zutphen;09;Stedendriehoek;11;Stedendriehoek;14;Achterhoek;07;Apeldoorn en midden-IJsselgebied;11;Stedendriehoek;Midden
Gelderland;30718;00JT;00JT03;Gereformeerde Scholengemeenschap Guido voor Lyceum HAVO MAVO VBO LWOO;Grensweg;2;6823 JH;ARNHEM;0202;ARNHEM;Bijzonder;0264423038;www.guido.nl;VBO/MAVO/HAVO;Postbus;401;3800 AK;AMERSFOORT;26;Arnhem;11;IJssel en Rijn;14;Arnhem/Nijmegen;15;Arnhem/Nijmegen;09;Arnhem en omstreken;41;Arnhem;Zuid
Gelderland;35647;02QN;02QN00;Rooms Katholieke Scholengemeenschap Marianum voor Lyc Havo Mavo Vbo Lwoo;Deken Hooijmansingel;1;7141 EA;GROENLO;1586;OOST GELRE;Bijzonder;0544477070;www.marianum.nl;VBO/MAVO/HAVO/VWO;Postbus;35;7140 AA;GROENLO;24;Winterswijk;12;Achterhoek;13;Oost-Gelderland;14;Achterhoek;08;Zuidelijke Achterhoek;13;Achterhoek;Midden
Gelderland;35647;02QN;02QN02;Rooms Katholieke Scholengemeenschap Marianum voor Lyc Havo Mavo Vbo Lwoo;dr Ariensstraat;1;7131 XM;LICHTENVOORDE;1586;OOST GELRE;Bijzonder;0544477070; ;VBO/MAVO/HAVO/VWO;Postbus;35;7140 AA;GROENLO;24;Winterswijk;12;Achterhoek;13;Oost-Gelderland;14;Achterhoek;08;Zuidelijke Achterhoek;13;Achterhoek;Midden
Gelderland;35647;31CZ;31CZ00;Carmel College West Betuwe;Ossengang;45;4191 LR;GELDERMALSEN;1960;WEST BETUWE;Bijzonder;0345525816;www.persoonlijkvo.nl;HAVO/VWO;Ossengang;45;4191 LR;GELDERMALSEN;33;Culemborg;14;Rivierenland;15;Rivierenland;16;Zuidwest-Gelderland;13;Utrecht en omstreken;15;Rivierenland;Midden
Gelderland;36921;02FB;02FB00;Christelijk College Nassau-Veluwe;Stationslaan;26;3842 LA;HARDERWIJK;0243;HARDERWIJK;Bijzonder;0341436170;www.ccnv.nl;HAVO/VWO;Postbus;29;3840 AA;HARDERWIJK;28;Harderwijk;08;Noordwest-Veluwe;17;Noordwest-Veluwe;13;Veluwe;10;Harderwijk-Amersfoort;17;Noordwest-Veluwe;Midden
Gelderland;40180;02DC;02DC00;Corlaer College;ds. Kuypersstraat;3-5;3863 CA;NIJKERK;0267;NIJKERK;Bijzonder;0334794040;www.corlaercollege.nl;VBO/MAVO/HAVO;Postbus;194;3800 AD;AMERSFOORT;35;Amersfoort;10;De Vallei;16;Eem en Vallei;13;Veluwe;10;Harderwijk-Amersfoort;16;Eem en Vallei;Midden
Gelderland;40180;02DC;02DC03;Corlaer College;Henri Nouwenstraat;8;3863 HV;NIJKERK;0267;NIJKERK;Bijzonder;0332456434;www.corlaercollege.nl;VBO/MAVO/HAVO/VWO;Postbus;194;3800 AD;AMERSFOORT;35;Amersfoort;10;De Vallei;16;Eem en Vallei;13;Veluwe;10;Harderwijk-Amersfoort;16;Eem en Vallei;Midden
Gelderland;40180;26HU;26HU00;Accent Praktijkonderwijs;ds. Kuypersstraat;1;3863 CA;NIJKERK;0267;NIJKERK;Bijzonder;0332458819;www.accentnijkerk.nl;PRO;Postbus;194;3800 AD;AMERSFOORT;35;Amersfoort;10;De Vallei;16;Eem en Vallei;13;Veluwe;10;Harderwijk-Amersfoort;16;Eem en Vallei;Midden
Gelderland;40310;05FB;05FB01;Het Assink lyceum voor Lyceum Havo Mavo Vbo Lwoo;Rekkenseweg;1;7152 AA;EIBERGEN;1859;BERKELLAND;Bijzonder;0545477180; ;VBO/MAVO;Postbus;157;7480 AD;HAAKSBERGEN;22;Enschede;12;Achterhoek;13;Oost-Gelderland;14;Achterhoek;06;Twente;13;Achterhoek;Midden
Gelderland;40310;05FB;05FB08;Het Assink lyceum voor Lyceum Havo Mavo Vbo Lwoo;Parallelweg;9;7161 AE;NEEDE;1859;BERKELLAND;Bijzonder;0545477182; ;VBO/MAVO;Postbus;157;7480 AD;HAAKSBERGEN;22;Enschede;12;Achterhoek;13;Oost-Gelderland;14;Achterhoek;06;Twente;13;Achterhoek;Midden
Gelderland;40310;24TF;24TF00;Staring College Regionale Scholengemeenschap voor Ath Gymn Havo Vmbo;Zutphenseweg;108;7241 SE;LOCHEM;0262;LOCHEM;Openbaar;0573297297;www.staring.nl;VBO/MAVO/HAVO/VWO;Postbus;200;7240 AE;LOCHEM;23;Zutphen;09;Stedendriehoek;11;Stedendriehoek;14;Achterhoek;07;Apeldoorn en midden-IJsselgebied;11;Stedendriehoek;Midden
Gelderland;40310;24TF;24TF01;Staring College Regionale Scholengemeenschap voor Ath Gymn Havo Vmbo;Beukenlaan;1;7271 JK;BORCULO;1859;BERKELLAND;Openbaar;0545273535;www.staring.nl;VBO/MAVO;Postbus;200;7240 AE;LOCHEM;22;Enschede;12;Achterhoek;13;Oost-Gelderland;14;Achterhoek;06;Twente;13;Achterhoek;Midden
Gelderland;40310;24TF;24TF02;Staring College Regionale Scholengemeenschap voor Ath Gymn Havo Vmbo;Haarloseweg;9;7271 BV;BORCULO;1859;BERKELLAND;Openbaar;0545200300;www.staring.nl;VBO/MAVO;Postbus;200;7240 AE;LOCHEM;22;Enschede;12;Achterhoek;13;Oost-Gelderland;14;Achterhoek;06;Twente;13;Achterhoek;Midden
Gelderland;40375;00RZ;00RZ00;Montessori College voor Vwo, Havo, Vmbo;Kwakkenbergweg;27;6523 MJ;NIJMEGEN;0268;NIJMEGEN;Bijzonder;0243283000;www.montessoricollege.nl;VBO/MAVO/HAVO/VWO;Postbus;146;6500 AC;NIJMEGEN;30;Nijmegen;13;Nijmegen;14;Arnhem/Nijmegen;15;Arnhem/Nijmegen;11;Oostelijk Maas-Waalgebied;40;Rijk van Nijmegen;Zuid
Gelderland;40375;00RZ;00RZ01;Montessori College voor Atheneum Havo Mavo Vbo Lwoo;Spoorlaan;16;6562 AM;GROESBEEK;1945;BERG EN DAL;Bijzonder;0243995560; ;VBO/MAVO/HAVO/VWO;Spoorlaan;16;6562 AM;GROESBEEK;30;Nijmegen;13;Nijmegen;14;Arnhem/Nijmegen;15;Arnhem/Nijmegen;11;Oostelijk Maas-Waalgebied;40;Rijk van Nijmegen;Zuid
Gelderland;40375;00RZ;00RZ07;Montessori College voor Vwo, Havo, Vmbo;Kwakkenbergweg;33;6523 MJ;NIJMEGEN;0268;NIJMEGEN;Bijzonder;0243287000;www.montessoricollege.nl;VBO/MAVO/HAVO/VWO;Postbus;146;6500 AC;NIJMEGEN;30;Nijmegen;13;Nijmegen;14;Arnhem/Nijmegen;15;Arnhem/Nijmegen;11;Oostelijk Maas-Waalgebied;40;Rijk van Nijmegen;Zuid
Gelderland;40608;25GE;25GE00;Het Streek Lyceum, Christelijke School voor mavo, havo, vwo en gymnasium;Bovenbuurtweg;1;6717 XA;EDE;0228;EDE;Bijzonder;0318477100;www.hetstreek.nl;VBO/MAVO/HAVO/VWO;Postbus;460;6710 BL;EDE;29;Ede;10;De Vallei;16;Eem en Vallei;13;Veluwe;09;Arnhem en omstreken;16;Eem en Vallei;Midden
Gelderland;40608;25GE;25GE02;Het Streek College, Christelijke School voor vmbo en mavo;Zandlaan;25;6717 LN;EDE;0228;EDE;Bijzonder;0318477100;www.hetstreek.nl;VBO/MAVO;Zandlaan;25;6717 LN;EDE;29;Ede;10;De Vallei;16;Eem en Vallei;13;Veluwe;09;Arnhem en omstreken;16;Eem en Vallei;Midden
Gelderland;40608;26HV;26HV00;Het Streek College Christelijke school voor praktijkonderwijs;Zandlaan;25;6717 LN;EDE;0228;EDE;Bijzonder;0318477100;www.hetstreek.nl;PRO;Postbus;460;6710 BL;EDE;29;Ede;10;De Vallei;16;Eem en Vallei;13;Veluwe;09;Arnhem en omstreken;16;Eem en Vallei;Midden
Gelderland;40641;08LP;08LP00;Isendoorn College voor Mavo Havo en Atheneum;Lage Weide;1;7231 NN;WARNSVELD;0301;ZUTPHEN;Bijzonder;0575760760;www.isendoorn.nl;MAVO/HAVO/VWO;Postbus;1093;7230 AB;WARNSVELD;23;Zutphen;09;Stedendriehoek;11;Stedendriehoek;14;Achterhoek;07;Apeldoorn en midden-IJsselgebied;11;Stedendriehoek;Midden
Gelderland;40641;08LP;08LP01;Isendoorn College voor Mavo Havo en Atheneum;Bussenweide;4-6;7231 NE;WARNSVELD;0301;ZUTPHEN;Bijzonder; ; ;MAVO/HAVO/VWO;Postbus;1093;7230 AB;WARNSVELD;23;Zutphen;09;Stedendriehoek;11;Stedendriehoek;14;Achterhoek;07;Apeldoorn en midden-IJsselgebied;11;Stedendriehoek;Midden
Gelderland;40641;08LP;08LP02;Isendoorn College voor Mavo Havo en Atheneum;Berkenlaan;389;7204 EN;ZUTPHEN;0301;ZUTPHEN;Bijzonder; ; ;MAVO/HAVO/VWO;Postbus;1093;7230 AB;WARNSVELD;23;Zutphen;09;Stedendriehoek;11;Stedendriehoek;14;Achterhoek;07;Apeldoorn en midden-IJsselgebied;11;Stedendriehoek;Midden
Gelderland;40687;25GV;25GV00;Aeres VMBO en Aeres MBO;Mansholtlaan;18;6708 PA;WAGENINGEN;0289;WAGENINGEN;Bijzonder;0880207000;www.aeres.nl;BRUGJAAR;Postbus;245;6710 BE;EDE;29;Ede;10;De Vallei;16;Eem en Vallei;13;Veluwe;09;Arnhem en omstreken;16;Eem en Vallei;Midden
Gelderland;40687;25GV;25GV05;Aeres VMBO Ede;Zandlaan;31;6717 LN;EDE;0228;EDE;Bijzonder;0880205700;www.aeresvmbo-ede.nl;VBO/MAVO;Postbus;245;6710 BE;EDE;29;Ede;10;De Vallei;16;Eem en Vallei;13;Veluwe;09;Arnhem en omstreken;16;Eem en Vallei;Midden
Gelderland;40687;25GV;25GV09;Aeres VMBO Nijkerk;Luxoolseweg;1;3862 WH;NIJKERK;0267;NIJKERK;Bijzonder;0880205900;www.aeres.nl;VBO;Postbus;245;6710 BE;EDE;35;Amersfoort;10;De Vallei;16;Eem en Vallei;13;Veluwe;10;Harderwijk-Amersfoort;16;Eem en Vallei;Midden
Gelderland;40687;25GV;25GV10;Aeres VMBO Velp;Pinkenbergseweg;5-F;6881 BA;VELP GLD;0275;RHEDEN;Bijzonder;0880205200;www.aeres.nl;VBO;Postbus;245;6710 BE;EDE;26;Arnhem;11;IJssel en Rijn;14;Arnhem/Nijmegen;15;Arnhem/Nijmegen;09;Arnhem en omstreken;41;Arnhem;Zuid
Gelderland;40716;19QA;19QA00;hét KWC voor Lyc Havo Mavo Vbo Pro en Lwoo;Beethovenlaan;1;4102 BM;CULEMBORG;0216;CULEMBORG;Bijzonder;0345639050;www.kwc-culemborg.nl;VBO/MAVO/HAVO/VWO;Postbus;7;4100 AA;CULEMBORG;33;Culemborg;14;Rivierenland;15;Rivierenland;16;Zuidwest-Gelderland;13;Utrecht en omstreken;15;Rivierenland;Midden
Gelderland;40716;19QA;19QA04;hét KWC voor Lyc Havo Mavo Vbo Pro en Lwoo;Gershwinhof;1;4102 DJ;CULEMBORG;0216;CULEMBORG;Bijzonder;0345639050;www.kwc-culemborg.nl;VBO/MAVO/PRO;Postbus;7;4100 AA;CULEMBORG;33;Culemborg;14;Rivierenland;15;Rivierenland;16;Zuidwest-Gelderland;13;Utrecht en omstreken;15;Rivierenland;Midden
Gelderland;40810;01AA;01AA86;Morgen College;Westeinde;35;3844 DD;HARDERWIJK;0243;HARDERWIJK;Bijzonder; ; ;VBO/MAVO;Postbus;1;8000 AA;ZWOLLE;28;Harderwijk;08;Noordwest-Veluwe;17;Noordwest-Veluwe;13;Veluwe;10;Harderwijk-Amersfoort;17;Noordwest-Veluwe;Midden
Gelderland;40810;01AA;01AA87;Morgen College;Westeinde;31;3844 DD;HARDERWIJK;0243;HARDERWIJK;Bijzonder; ; ;VBO/MAVO;Postbus;1;8000 AA;ZWOLLE;28;Harderwijk;08;Noordwest-Veluwe;17;Noordwest-Veluwe;13;Veluwe;10;Harderwijk-Amersfoort;17;Noordwest-Veluwe;Midden
Gelderland;40810;01AA;01AA88;ISK WE33;Westeinde;33;3844 DD;HARDERWIJK;0243;HARDERWIJK;Bijzonder; ; ;BRUGJAAR;Postbus;1;8000 AA;ZWOLLE;28;Harderwijk;08;Noordwest-Veluwe;17;Noordwest-Veluwe;13;Veluwe;10;Harderwijk-Amersfoort;17;Noordwest-Veluwe;Midden
Gelderland;40922;00MP;00MP00;Christelijk College De Noordgouw;Eperweg;34-A;8181 EW;HEERDE;0246;HEERDE;Bijzonder;0578693411;www.noordgouw.nl;VBO/MAVO/HAVO/VWO;Postbus;178;8180 AD;HEERDE;18;Zwolle;06;IJssel en Vecht;10;IJssel-Vecht;13;Veluwe;05;Zwolle-Meppel en omstreken;10;IJssel-Vecht;Midden
Gelderland;40930;02VN;02VN00;Regionale Scholengemeenschap Het Rhedens voor Lyceum Havo Mavo Vbo;Kleiberglaan;1;6891 DK;ROZENDAAL;0277;ROZENDAAL;Bijzonder;0313490900;www.hetrhedens.nl;HAVO/VWO;Postbus;35;6950 AA;DIEREN;26;Arnhem;11;IJssel en Rijn;14;Arnhem/Nijmegen;15;Arnhem/Nijmegen;09;Arnhem en omstreken;41;Arnhem;Zuid
Gelderland;40930;02VN;02VN01;Regionale Scholengemeenschap Het Rhedens voor Lyceum Havo Mavo Vbo;Doesburgsedijk;7;6953 AK;DIEREN;0275;RHEDEN;Bijzonder;0313490900; ;VBO/MAVO/HAVO/VWO;Postbus;35;6950 AA;DIEREN;26;Arnhem;11;IJssel en Rijn;14;Arnhem/Nijmegen;15;Arnhem/Nijmegen;09;Arnhem en omstreken;41;Arnhem;Zuid
Gelderland;40930;26NH;26NH00;De Tender School voor Praktijkonderwijs;Harderwijkerweg;1-B;6952 AA;DIEREN;0275;RHEDEN;Bijzonder;0313422765;www.hetrhedens.nl;PRO;Postbus;35;6950 AA;DIEREN;26;Arnhem;11;IJssel en Rijn;14;Arnhem/Nijmegen;15;Arnhem/Nijmegen;09;Arnhem en omstreken;41;Arnhem;Zuid
Gelderland;40979;31JC;31JC02;zone.college vmbo Borculo;Ruurloseweg;35;7271 RS;BORCULO;1859;BERKELLAND;Bijzonder;0882620300;www.zonecollege.nl;VBO;Postbus;190;7240 AD;LOCHEM;22;Enschede;12;Achterhoek;13;Oost-Gelderland;14;Achterhoek;06;Twente;13;Achterhoek;Midden
Gelderland;40979;31JC;31JC03;Zone.college vmbo Doetinchem;Gezellenlaan;14;7005 AZ;DOETINCHEM;0222;DOETINCHEM;Bijzonder;0882620400;www.zonecollege.nl;VBO;Postbus;190;7240 AD;LOCHEM;25;Doetinchem;12;Achterhoek;13;Oost-Gelderland;14;Achterhoek;08;Zuidelijke Achterhoek;13;Achterhoek;Midden
Gelderland;40979;31JC;31JC05;Zone.college vmbo Twello;Meester Zwiersweg;4;7391 HD;TWELLO;0285;VOORST;Bijzonder;0882620800;www.zonecollege.nl;VBO;Postbus;190;7240 AD;LOCHEM;20;Deventer;09;Stedendriehoek;11;Stedendriehoek;13;Veluwe;07;Apeldoorn en midden-IJsselgebied;11;Stedendriehoek;Midden
Gelderland;41100;01OE;01OE49;Yuverta;Industrieweg;4;4041 CR;KESTEREN;1740;NEDER-BETUWE;Bijzonder;0488481310;yuverta.nl/vmbokesteren;VBO;Industrieweg;4;4041 CR;KESTEREN;31;Tiel;14;Rivierenland;15;Rivierenland;16;Zuidwest-Gelderland;11;Oostelijk Maas-Waalgebied;15;Rivierenland;Midden
Gelderland;41100;01OE;01OE50;Yuverta;Marga Klompelaan;37;6532 SB;NIJMEGEN;0268;NIJMEGEN;Bijzonder;0243550642;yuverta.nl/vmbomijmegen;VBO;Marga Klompelaan;37;6532 SB;NIJMEGEN;30;Nijmegen;13;Nijmegen;14;Arnhem/Nijmegen;15;Arnhem/Nijmegen;11;Oostelijk Maas-Waalgebied;40;Rijk van Nijmegen;Zuid
Gelderland;41152;23HC;23HC00;Lingecollege voor vwo havo mavo vmbo pro lwoo;Teisterbantlaan;2;4006 EB;TIEL;0281;TIEL;Openbaar;0344614341;www.lingecollege.nl;VBO/MAVO;Postbus;224;4000 AE;TIEL;31;Tiel;14;Rivierenland;15;Rivierenland;16;Zuidwest-Gelderland;11;Oostelijk Maas-Waalgebied;15;Rivierenland;Midden
Gelderland;41152;23HC;23HC01;Lingecollege voor vwo havo mavo vmbo pro lwoo loc. Lyceum;Heiligestraat;78;4001 DN;TIEL;0281;TIEL;Openbaar;0344620717; ;VBO/MAVO/HAVO/VWO;Postbus;584;4000 AN;TIEL;31;Tiel;14;Rivierenland;15;Rivierenland;16;Zuidwest-Gelderland;11;Oostelijk Maas-Waalgebied;15;Rivierenland;Midden
Gelderland;41152;23HC;23HC02;Lingecollege voor vwo havo mavo vmbo pro lwoo loc. Praktijkonderwijs;Rozenstraat;44;4001 DW;TIEL;0281;TIEL;Openbaar;0344635993;www.lingecollege.nl;PRO;Postbus;399;4000 AJ;TIEL;31;Tiel;14;Rivierenland;15;Rivierenland;16;Zuidwest-Gelderland;11;Oostelijk Maas-Waalgebied;15;Rivierenland;Midden
Gelderland;41152;23HC;23HC04;Lingecollege voor vwo havo mavo vmbo pro lwoo loc. Mavo;Tielerwaardlaan;1;4006 EV;TIEL;0281;TIEL;Openbaar;0344640155;www.lingecollege.nl;VBO/MAVO;Tielerwaardlaan;1;4006 EV;TIEL;31;Tiel;14;Rivierenland;15;Rivierenland;16;Zuidwest-Gelderland;11;Oostelijk Maas-Waalgebied;15;Rivierenland;Midden
Gelderland;41152;23HC;23HC05;Lingecollege voor vwo havo mavo vmbo pro lwoo;Adamshof;14;4001 DB;TIEL;0281;TIEL;Openbaar; ; ;VBO/MAVO/HAVO/VWO;Postbus;56;4000 AB;TIEL;31;Tiel;14;Rivierenland;15;Rivierenland;16;Zuidwest-Gelderland;11;Oostelijk Maas-Waalgebied;15;Rivierenland;Midden
Gelderland;41164;26JR;26JR00;Pro College Nijmegen/Bemmel voor Praktijkonderwijs;Dennenstraat;21;6543 JP;NIJMEGEN;0268;NIJMEGEN;Bijzonder;0242210221;www.procollege.nl;PRO;Dennenstraat;21;6543 JP;NIJMEGEN;30;Nijmegen;13;Nijmegen;14;Arnhem/Nijmegen;15;Arnhem/Nijmegen;11;Oostelijk Maas-Waalgebied;40;Rijk van Nijmegen;Zuid
Gelderland;41164;26JR;26JR01;Pro CollegeNijmegen/Bemmel voor Praktijkonderwijs;Sportlaan;1-K;6681 CD;BEMMEL;1705;LINGEWAARD;Bijzonder;0481453884; ;PRO;Postbus;58;6680 AB;BEMMEL;30;Nijmegen;11;IJssel en Rijn;14;Arnhem/Nijmegen;15;Arnhem/Nijmegen;11;Oostelijk Maas-Waalgebied;41;Arnhem;Zuid
Gelderland;41164;26KY;26KY00;Pro College Wijchen voor praktijkonderwijs;Acaciastraat;68;6602 EN;WIJCHEN;0296;WIJCHEN;Bijzonder;0246412817;www.procollege.nl;PRO;Acaciastraat;68;6602 EN;WIJCHEN;30;Nijmegen;13;Nijmegen;14;Arnhem/Nijmegen;15;Arnhem/Nijmegen;11;Oostelijk Maas-Waalgebied;40;Rijk van Nijmegen;Zuid
Gelderland;41202;00CB;00CB00;Scholengemeenschap voor Voortgezet Vrije Schoolonderwijs;Wilhelminasingel;13-15;6524 AJ;NIJMEGEN;0268;NIJMEGEN;Bijzonder;0242082800;www.sgvvs.nl;MAVO/HAVO/VWO;Wilhelminasingel;13-15;6524 AJ;NIJMEGEN;30;Nijmegen;13;Nijmegen;14;Arnhem/Nijmegen;15;Arnhem/Nijmegen;11;Oostelijk Maas-Waalgebied;40;Rijk van Nijmegen;Zuid
Gelderland;41285;00OB;00OB00;Maaswaal College voor Gymnasium Atheneum Havo Vmbo Lwoo;Veenseweg;18;6603 AN;WIJCHEN;0296;WIJCHEN;Bijzonder;0246487120;www.maaswaalcollege.nl;VBO/HAVO/VWO;Postbus;444;6600 AK;WIJCHEN;30;Nijmegen;13;Nijmegen;14;Arnhem/Nijmegen;15;Arnhem/Nijmegen;11;Oostelijk Maas-Waalgebied;40;Rijk van Nijmegen;Zuid
Gelderland;41285;00OB;00OB03;Maaswaal College voor Gymnasium Atheneum Havo Vmbo Lwoo;Oosterweg;189;6602 HL;WIJCHEN;0296;WIJCHEN;Bijzonder;0246487272;www.maaswaalcollege.nl;VBO/MAVO;Postbus;444;6600 AK;WIJCHEN;30;Nijmegen;13;Nijmegen;14;Arnhem/Nijmegen;15;Arnhem/Nijmegen;11;Oostelijk Maas-Waalgebied;40;Rijk van Nijmegen;Zuid
Gelderland;41285;01VN;01VN00;Canisius College Lyceum Havo Mavo Vbo Lwoo;Berg en Dalseweg;207;6522 BK;NIJMEGEN;0268;NIJMEGEN;Bijzonder;0243816816;www.canisiuscollege.nl;VBO/MAVO/HAVO/VWO;Postbus;6618;6503 GC;NIJMEGEN;30;Nijmegen;13;Nijmegen;14;Arnhem/Nijmegen;15;Arnhem/Nijmegen;11;Oostelijk Maas-Waalgebied;40;Rijk van Nijmegen;Zuid
Gelderland;41285;01VN;01VN03;Canisius College Lyceum Havo Mavo Vbo Lwoo locatie Pontem College;Heyendaalseweg;45;6524 SE;NIJMEGEN;0268;NIJMEGEN;Bijzonder;0243551033;www.pontemcollege.nl;MAVO;Postbus;6618;6503 GC;NIJMEGEN;30;Nijmegen;13;Nijmegen;14;Arnhem/Nijmegen;15;Arnhem/Nijmegen;11;Oostelijk Maas-Waalgebied;40;Rijk van Nijmegen;Zuid
Gelderland;41285;01VN;01VN04;Canisius College Lyceum Havo Mavo Vbo Lwoo locatie Het Rijks VMBO-Campus;Goffertweg;20;6532 AA;NIJMEGEN;0268;NIJMEGEN;Bijzonder;0243523680;www.het-rijks.nl;VBO/MAVO;Postbus;6618;6503 GC;NIJMEGEN;30;Nijmegen;13;Nijmegen;14;Arnhem/Nijmegen;15;Arnhem/Nijmegen;11;Oostelijk Maas-Waalgebied;40;Rijk van Nijmegen;Zuid
Gelderland;41285;02ST;02ST00;Kandinsky College voor Lyceum Havo Mavo Vbo Lwoo;Malderburchtstraat;11;6535 ND;NIJMEGEN;0268;NIJMEGEN;Bijzonder;0243594422;www.kandinskycollege.nl;VBO/MAVO/HAVO/VWO;Postbus;6618;6503 GC;NIJMEGEN;30;Nijmegen;13;Nijmegen;14;Arnhem/Nijmegen;15;Arnhem/Nijmegen;11;Oostelijk Maas-Waalgebied;40;Rijk van Nijmegen;Zuid
Gelderland;41285;02ST;02ST05;Jorismavo;Ploegstraat;16;6532 TV;NIJMEGEN;0268;NIJMEGEN;Bijzonder;0243235175;www.jorismavo.nl;VBO/MAVO;Postbus;6618;6503 GC;NIJMEGEN;30;Nijmegen;13;Nijmegen;14;Arnhem/Nijmegen;15;Arnhem/Nijmegen;11;Oostelijk Maas-Waalgebied;40;Rijk van Nijmegen;Zuid
Gelderland;41285;02ST;02ST06;Kandinsky College voor Lyceum Havo Mavo Vbo Lwoo;Hatertseweg;404;6533 GV;NIJMEGEN;0268;NIJMEGEN;Overige; ; ;VBO/MAVO/HAVO/VWO; ; ; ; ;30;Nijmegen;13;Nijmegen;14;Arnhem/Nijmegen;15;Arnhem/Nijmegen;11;Oostelijk Maas-Waalgebied;40;Rijk van Nijmegen;Zuid
Gelderland;41285;02VE;02VE00;NSG Groenewoud voor Vwo Havo en Mavo;Van Cranenborchstraat;7;6525 BM;NIJMEGEN;0268;NIJMEGEN;Bijzonder;0243234455;www.nsg-groenewoud.nl;MAVO/HAVO/VWO;Postbus;6618;6503 GC;NIJMEGEN;30;Nijmegen;13;Nijmegen;14;Arnhem/Nijmegen;15;Arnhem/Nijmegen;11;Oostelijk Maas-Waalgebied;40;Rijk van Nijmegen;Zuid
Gelderland;41285;02VE;02VE02;Nijmeegse Scholengemeenschap Groenewoudvoor Vwo Havo en Mavo;Schlatmaeckerstraat;10;6525 DH;NIJMEGEN;0268;NIJMEGEN;Bijzonder;0243234455;www.nsg-groenewoud.nl;MAVO/HAVO/VWO;Postbus;6618;6503 GC;NIJMEGEN;30;Nijmegen;13;Nijmegen;14;Arnhem/Nijmegen;15;Arnhem/Nijmegen;11;Oostelijk Maas-Waalgebied;40;Rijk van Nijmegen;Zuid
Gelderland;41285;17IR;17IR00;Pax Christi College - scholengemeenschap voor vwo havo vmbo lwoo;Mr. van Coothstraat;34;6651 ZJ;DRUTEN;0225;DRUTEN;Bijzonder;0487512403;www.paxchristicollege.nl;VBO/MAVO;Postbus;16;6650 AA;DRUTEN;30;Nijmegen;13;Nijmegen;15;Rivierenland;15;Arnhem/Nijmegen;11;Oostelijk Maas-Waalgebied;40;Rijk van Nijmegen;Zuid
Gelderland;41285;17IR;17IR01;Pax Christi College - scholengemeenschap voor vwo havo vmbo lwoo;Akkerstraat;40;6658 XG;BENEDEN-LEEUWEN;0668;WEST MAAS EN WAAL;Bijzonder;0487591745;www.paxchristicollege.nl;VBO/MAVO;Postbus;16;6650 AA;DRUTEN;31;Tiel;13;Nijmegen;15;Rivierenland;16;Zuidwest-Gelderland;11;Oostelijk Maas-Waalgebied;15;Rivierenland;Zuid
Gelderland;41285;17IR;17IR02;Pax Christi College - scholengemeenschap voor vwo havo vmbo lwoo;Klepperheide;15;6651 KM;DRUTEN;0225;DRUTEN;Bijzonder;0487512403;www.paxchristicollege.nl;VBO/MAVO/HAVO/VWO;Postbus;16;6650 AA;DRUTEN;30;Nijmegen;13;Nijmegen;15;Rivierenland;15;Arnhem/Nijmegen;11;Oostelijk Maas-Waalgebied;40;Rijk van Nijmegen;Zuid
Gelderland;41285;20CI;20CI00;Stedelijk Gymnasium Nijmegen;Kronenburgersingel;269;6511 AS;NIJMEGEN;0268;NIJMEGEN;Openbaar;0243220606;www.stedelijkgymnijmegen.nl;VWO;Kronenburgersingel;269;6511 AS;NIJMEGEN;30;Nijmegen;13;Nijmegen;14;Arnhem/Nijmegen;15;Arnhem/Nijmegen;11;Oostelijk Maas-Waalgebied;40;Rijk van Nijmegen;Zuid
Gelderland;41285;20EO;20EO00;Stedelijke Scholengemeenschap Nijmegen;IJsbeerstraat;12;6531 PL;NIJMEGEN;0268;NIJMEGEN;Openbaar;0243563974;www.ssgn.nl;MAVO/HAVO/VWO;Postbus;31091;6503 CB;NIJMEGEN;30;Nijmegen;13;Nijmegen;14;Arnhem/Nijmegen;15;Arnhem/Nijmegen;11;Oostelijk Maas-Waalgebied;40;Rijk van Nijmegen;Zuid
Gelderland;41285;21SK;21SK00;Mondial College;Energieweg;93;6541 CZ;NIJMEGEN;0268;NIJMEGEN;Openbaar;0243786993;www.mondialcollege.nl;VBO/MAVO/HAVO/VWO;Postbus;6920;6503 GK;NIJMEGEN;30;Nijmegen;13;Nijmegen;14;Arnhem/Nijmegen;15;Arnhem/Nijmegen;11;Oostelijk Maas-Waalgebied;40;Rijk van Nijmegen;Zuid
Gelderland;41285;21SK;21SK01;Mondial College;de Meeuwse Acker;2020;6546 DZ;NIJMEGEN;0268;NIJMEGEN;Openbaar;0248200400;www.mondialcollege.nl;VBO;Postbus;6920;6503 GK;NIJMEGEN;30;Nijmegen;13;Nijmegen;14;Arnhem/Nijmegen;15;Arnhem/Nijmegen;11;Oostelijk Maas-Waalgebied;40;Rijk van Nijmegen;Zuid
Gelderland;41285;30AU;30AU00;Citadel College voor vwo havo mavo vbo en lwoo;Dijkstraat;6;6663 AD;LENT;0268;NIJMEGEN;Bijzonder;0243297740;www.citadelcollege.nl;VBO/MAVO;Postbus;148;6500 AC;NIJMEGEN;30;Nijmegen;13;Nijmegen;14;Arnhem/Nijmegen;15;Arnhem/Nijmegen;11;Oostelijk Maas-Waalgebied;40;Rijk van Nijmegen;Zuid
Gelderland;41285;30AU;30AU01;Citadel College voor vwo havo mavo vbo en lwoo;Griftdijk Noord;9-A;6663 AA;LENT;0268;NIJMEGEN;Bijzonder; ; ;VBO/MAVO/HAVO/VWO; ; ; ; ;30;Nijmegen;13;Nijmegen;14;Arnhem/Nijmegen;15;Arnhem/Nijmegen;11;Oostelijk Maas-Waalgebied;40;Rijk van Nijmegen;Zuid
Gelderland;41300;07PK;07PK00;Arentheem College Interconfessionele School voor Atheneum Gymnasium Havo Vmbo;Thomas a Kempislaan;25;6822 LR;ARNHEM;0202;ARNHEM;Bijzonder;0264432113;www.arentheemcollege.nl;HAVO/VWO;Postbus;2019;6802 CA;ARNHEM;26;Arnhem;11;IJssel en Rijn;14;Arnhem/Nijmegen;15;Arnhem/Nijmegen;09;Arnhem en omstreken;41;Arnhem;Zuid
Gelderland;41300;07PK;07PK04;Arentheem College Interconfessionele School voor Atheneum Gymnasium Havo Vmbo;Gruttostraat;10;6883 CN;VELP GLD;0275;RHEDEN;Bijzonder;0264432113;www.arentheem.nl;VBO/MAVO;Reigerstraat;25;6883 ER;VELP GLD;26;Arnhem;11;IJssel en Rijn;14;Arnhem/Nijmegen;15;Arnhem/Nijmegen;09;Arnhem en omstreken;41;Arnhem;Zuid
Gelderland;41300;07PK;07PK05;Arentheem College Interconfessionele School voor Gymnasium Atheneum Havo Vmbo;IJssellaan;89;6826 DM;ARNHEM;0202;ARNHEM;Bijzonder;0263629152;www.arentheemcollege.nl;VBO/MAVO;Postbus;2019;6802 CA;ARNHEM;26;Arnhem;11;IJssel en Rijn;14;Arnhem/Nijmegen;15;Arnhem/Nijmegen;09;Arnhem en omstreken;41;Arnhem;Zuid
Gelderland;41300;07PK;07PK06;Arentheem College Interconfessionele School voor Lyceum Havo Mavo Vbo Lwoo;Laan van Presikhaaf;7;6826 HA;ARNHEM;0202;ARNHEM;Bijzonder;0264432113;www.arentheem.nl;VBO/MAVO;Postbus;2019;6802 CA;ARNHEM;26;Arnhem;11;IJssel en Rijn;14;Arnhem/Nijmegen;15;Arnhem/Nijmegen;09;Arnhem en omstreken;41;Arnhem;Zuid
Gelderland;41300;07PK;07PK07;Arentheem College Interconfessionele School voor Atheneum Gymnasium Havo Vmbo;Reigerstraat;25;6883 ER;VELP GLD;0275;RHEDEN;Bijzonder;0263633836;www.arentheemcollege.nl;VBO/MAVO/HAVO;Postbus;2019;6802 CA;ARNHEM;26;Arnhem;11;IJssel en Rijn;14;Arnhem/Nijmegen;15;Arnhem/Nijmegen;09;Arnhem en omstreken;41;Arnhem;Zuid
Gelderland;41300;26JT;26JT00;Praktijkschool Arentheem;Laan van Presikhaaf;5;6826 HA;ARNHEM;0202;ARNHEM;Bijzonder;0264432113;www.arentheemcollege.nl;PRO;Postbus;2019;6802 CA;ARNHEM;26;Arnhem;11;IJssel en Rijn;14;Arnhem/Nijmegen;15;Arnhem/Nijmegen;09;Arnhem en omstreken;41;Arnhem;Zuid
Gelderland;41345;13JO;13JO00;Sprengenbeek College Havo Mavo Vbo Lwoo;Albert Schweitzerlaan;2;8162 DS;EPE;0232;EPE;Openbaar;0578612094;sprengenbeekcollege.nl;VBO/MAVO/HAVO/VWO;Elspeterweg;22-A;8071 PA;NUNSPEET;27;Apeldoorn;09;Stedendriehoek;11;Stedendriehoek;13;Veluwe;07;Apeldoorn en midden-IJsselgebied;11;Stedendriehoek;Midden
Gelderland;41345;13JO;13JO03;Rsgm Noord Oost Veluwe Ath Havo Mavo Vbo Lwoo;Oude Wisselseweg;35;8162 HJ;EPE;0232;EPE;Openbaar;0578612094;www.rsgnov.nl;VBO/MAVO/HAVO/VWO;Postbus;419;8160 AK;EPE;27;Apeldoorn;09;Stedendriehoek;11;Stedendriehoek;13;Veluwe;07;Apeldoorn en midden-IJsselgebied;11;Stedendriehoek;Midden
Gelderland;41345;17CK;17CK00;Regionale Scholengemeenschap Slingerbos/Levant voor Ath Havo Mavo;Eisenhowerlaan;59;3844 AS;HARDERWIJK;0243;HARDERWIJK;Openbaar;0341414484;www.rsgslingerbos.nl;MAVO/HAVO/VWO;Eisenhowerlaan;59;3844 AS;HARDERWIJK;28;Harderwijk;08;Noordwest-Veluwe;17;Noordwest-Veluwe;13;Veluwe;10;Harderwijk-Amersfoort;17;Noordwest-Veluwe;Midden
Gelderland;41430;02VT;02VT06;Agnieten College Wezep;Noordsingel;70;8091 WD;WEZEP;0269;OLDEBROEK;Bijzonder;0888508008; ;VBO/MAVO;Postbus;1;8000 AA;ZWOLLE;18;Zwolle;08;Noordwest-Veluwe;17;Noordwest-Veluwe;13;Veluwe;05;Zwolle-Meppel en omstreken;17;Noordwest-Veluwe;Midden
Gelderland;41440;00TM;00TM00;Christelijk Scholengemeenschap voor Atheneum Havo Mavo Vbo Lwoo;Mammoetstraat;3;6671 DL;ZETTEN;1734;OVERBETUWE;Bijzonder;0488451544;www.hendrikpiersoncollege.nl;VBO/MAVO/HAVO/VWO;Postbus;2;6670 AA;ZETTEN;26;Arnhem;11;IJssel en Rijn;14;Arnhem/Nijmegen;15;Arnhem/Nijmegen;09;Arnhem en omstreken;41;Arnhem;Zuid
Gelderland;41440;02SY;02SY00;Scholengemeenschap voor Vwo Dorenweerd College;Dalweg;5;6865 CZ;DOORWERTH;0274;RENKUM;Bijzonder;0263397030;www.dorenweerd.nl;MAVO/HAVO/VWO;Postbus;70;6865 ZH;DOORWERTH;26;Arnhem;11;IJssel en Rijn;14;Arnhem/Nijmegen;15;Arnhem/Nijmegen;09;Arnhem en omstreken;41;Arnhem;Zuid
Gelderland;41440;17IM;17IM00;Over Betuwe College voor Ath Havo Mavo Vbo Lwoo;Drieske;4;6681 CX;BEMMEL;1705;LINGEWAARD;Bijzonder;0481470290;www.overbetuwecollege.nl;HAVO/VWO;Postbus;19;6680 AA;BEMMEL;30;Nijmegen;11;IJssel en Rijn;14;Arnhem/Nijmegen;15;Arnhem/Nijmegen;11;Oostelijk Maas-Waalgebied;41;Arnhem;Zuid
Gelderland;41440;17IM;17IM01;Over Betuwe College voor Ath Havo Mavo Vbo Lwoo;Bussel;2-4;6662 VZ;ELST GLD;1734;OVERBETUWE;Bijzonder;0481366555; ;VBO/MAVO/HAVO;Postbus;19;6680 AA;BEMMEL;26;Arnhem;11;IJssel en Rijn;14;Arnhem/Nijmegen;15;Arnhem/Nijmegen;09;Arnhem en omstreken;41;Arnhem;Zuid
Gelderland;41440;17IM;17IM02;Over Betuwe College voor Ath Havo Mavo Vbo Lwoo;Julianastraat;17;6851 KJ;HUISSEN;1705;LINGEWAARD;Bijzonder;0263263222;ww.overbetuwecollege.nl;VBO;Postbus;19;6680 AA;BEMMEL;30;Nijmegen;11;IJssel en Rijn;14;Arnhem/Nijmegen;15;Arnhem/Nijmegen;11;Oostelijk Maas-Waalgebied;41;Arnhem;Zuid
Gelderland;41440;17IM;17IM04;Over Betuwe College voor VMBO-t;Drieske;4;6681 CX;BEMMEL;1705;LINGEWAARD;Bijzonder;0481470290;www.overbetuwecollege.nl;VBO/MAVO;Postbus;19;6680 AA;BEMMEL;30;Nijmegen;11;IJssel en Rijn;14;Arnhem/Nijmegen;15;Arnhem/Nijmegen;11;Oostelijk Maas-Waalgebied;41;Arnhem;Zuid
Gelderland;41585;01MU;01MU00;De Meerwaarde;Rietberglaan;6;3771 RD;BARNEVELD;0203;BARNEVELD;Bijzonder;0342404777;www.demeerwaarde.nl;VBO/MAVO;Postbus;223;3770 AE;BARNEVELD;35;Amersfoort;10;De Vallei;16;Eem en Vallei;13;Veluwe;10;Harderwijk-Amersfoort;16;Eem en Vallei;Midden
Gelderland;41585;02FO;02FO00;De Meerwaarde Praktijkonderwijs;Rietberglaan;6;3771 RD;BARNEVELD;0203;BARNEVELD;Bijzonder;0342404777;www.pro.demeerwaarde.nl;PRO;Postbus;223;3770 AE;BARNEVELD;35;Amersfoort;10;De Vallei;16;Eem en Vallei;13;Veluwe;10;Harderwijk-Amersfoort;16;Eem en Vallei;Midden
Gelderland;41616;26KV;26KV00;Praktijkschool Apeldoorn;Fabianusstraat;2;7333 BM;APELDOORN;0200;APELDOORN;Openbaar;0555332544;www.praktijkschool-apeldoorn.nl;PRO;Postbus;712;7300 AS;APELDOORN;27;Apeldoorn;09;Stedendriehoek;11;Stedendriehoek;13;Veluwe;07;Apeldoorn en midden-IJsselgebied;11;Stedendriehoek;Midden
Gelderland;41622;26LU;26LU00;De Brug School voor Praktijkonderwijs;Sportlaan;2;5301 PX;ZALTBOMMEL;0297;ZALTBOMMEL;Bijzonder;0418540394; ;PRO;Sportlaan;2;5301 PX;ZALTBOMMEL;32;Zaltbommel;14;Rivierenland;15;Rivierenland;16;Zuidwest-Gelderland;12;Noord-Noord-Brabant;15;Rivierenland;Zuid
Gelderland;41671;07YU;07YU00;Stadspoort College Harderwijk;Kruithuis;4;3844 DH;HARDERWIJK;0243;HARDERWIJK;Bijzonder;0341417419;www.mijnschool.nu;PRO;Postbus;187;3840 AD;HARDERWIJK;28;Harderwijk;08;Noordwest-Veluwe;17;Noordwest-Veluwe;13;Veluwe;10;Harderwijk-Amersfoort;17;Noordwest-Veluwe;Midden
Gelderland;41769;01RL;01RL00;Jacobus Fruijtier Scholengemeenschap v Lyceum Havo Mavo Vbo Lwoo;Anklaarseweg;71;7316 MB;APELDOORN;0200;APELDOORN;Bijzonder;0555262300;www.jfsg.nl;VBO/MAVO/HAVO/VWO/PRO;Postbus;2151;7302 EN;APELDOORN;27;Apeldoorn;09;Stedendriehoek;11;Stedendriehoek;13;Veluwe;07;Apeldoorn en midden-IJsselgebied;11;Stedendriehoek;Midden
Gelderland;41769;01RL;01RL02;Jacobus Fruijtier Scholengemeenschap v Lyceum Havo Mavo Vbo Lwoo;Garderenseweg;37-43;3888 LA;UDDEL;0200;APELDOORN;Bijzonder;0577401927;www.jfsg.nl;VBO/MAVO;Garderenseweg;37-43;3888 LA;UDDEL;27;Apeldoorn;09;Stedendriehoek;11;Stedendriehoek;13;Veluwe;07;Apeldoorn en midden-IJsselgebied;11;Stedendriehoek;Midden
Gelderland;41769;01RL;01RL03;Jacobus Fruijtier Scholengemeenschap v Lyceum Havo Mavo Vbo Lwoo;Musschenbroekstraat;11;7316 JD;APELDOORN;0200;APELDOORN;Bijzonder;0555262300; ;VBO/MAVO/HAVO/VWO/PRO;Postbus;2151;7302 EN;APELDOORN;27;Apeldoorn;09;Stedendriehoek;11;Stedendriehoek;13;Veluwe;07;Apeldoorn en midden-IJsselgebied;11;Stedendriehoek;Midden
Gelderland;41769;03WO;03WO01;Van Lodensteincollege Scholengemeenschap voor Lyceum Havo Mavo Vbo Lwoo;Zuiderinslag;1;3871 MR;HOEVELAKEN;0267;NIJKERK;Bijzonder;0332535846;www.vanlodenstein.nl;VBO/MAVO/HAVO/VWO;Postbus;180;3800 AD;AMERSFOORT;35;Amersfoort;10;De Vallei;16;Eem en Vallei;13;Veluwe;10;Harderwijk-Amersfoort;16;Eem en Vallei;Midden
Gelderland;41769;03WO;03WO02;Van Lodensteincollege Scholengemeenschap voor Lyceum Havo Mavo Vbo Lwoo;Kasteelstraat;2;4041 JB;KESTEREN;1740;NEDER-BETUWE;Bijzonder;0488481206;www.vanlodenstein.nl;VBO/MAVO/HAVO;Postbus;180;3800 AD;AMERSFOORT;31;Tiel;14;Rivierenland;15;Rivierenland;16;Zuidwest-Gelderland;11;Oostelijk Maas-Waalgebied;15;Rivierenland;Midden
Gelderland;41769;03WO;03WO03;Van Lodensteincollege Scholengemeenschap voor Lyceum Havo Mavo Vbo Lwoo;Lunterseweg;94;3772 TS;BARNEVELD;0203;BARNEVELD;Bijzonder;0342404999;www.vanlodenstein.nl;VBO/MAVO/HAVO;Postbus;180;3800 AD;AMERSFOORT;35;Amersfoort;10;De Vallei;16;Eem en Vallei;13;Veluwe;10;Harderwijk-Amersfoort;16;Eem en Vallei;Midden
Gelderland;41769;26MV;26MV00;Van Lodenstein College Reformatorische School voor Praktijkonderwijs;Verlengde Parkweg;49;6717 GL;EDE;0228;EDE;Bijzonder;0854838008;www.vanlodenstein.nl;PRO;Postbus;560;6710 BN;EDE;29;Ede;10;De Vallei;16;Eem en Vallei;13;Veluwe;09;Arnhem en omstreken;16;Eem en Vallei;Midden
Gelderland;41820;32KL;32KL00;Al Amana College Ede;Bovenbuurtweg;27;6717 XA;EDE;0228;EDE;Bijzonder; ;ww.alamana.nl;MAVO/HAVO;Laan van Vollenhove;3211;3706 AR;ZEIST;29;Ede;10;De Vallei;16;Eem en Vallei;13;Veluwe;09;Arnhem en omstreken;16;Eem en Vallei;Midden
Gelderland;41864;17AY;17AY00;Cambium College voor Atheneum Havo Mavo Vbo Lwoo;Courtine;2;5301 DH;ZALTBOMMEL;0297;ZALTBOMMEL;Openbaar;0418512500;www.cambium.org;VBO/MAVO/HAVO/VWO;Courtine;2;5301 DH;ZALTBOMMEL;32;Zaltbommel;14;Rivierenland;15;Rivierenland;16;Zuidwest-Gelderland;12;Noord-Noord-Brabant;15;Rivierenland;Zuid
Gelderland;41864;17AY;17AY04;Scholengroep Cambium Gem Ath Havo Mavo Vbo Lwoo;Oude Bosscheweg;2;5301 LA;ZALTBOMMEL;0297;ZALTBOMMEL;Openbaar;0418512408; ;VBO;Oude Bosscheweg;2;5301 LA;ZALTBOMMEL;32;Zaltbommel;14;Rivierenland;15;Rivierenland;16;Zuidwest-Gelderland;12;Noord-Noord-Brabant;15;Rivierenland;Zuid
Gelderland;42356;00SZ;00SZ00;Johannes Fontanus College Christelijk Scholengemeenschap voor Mavo Havo Atheneum;Wethouder Rebellaan;135;3771 KA;BARNEVELD;0203;BARNEVELD;Bijzonder;0342415454;www.jfc.nl;MAVO/HAVO/VWO;Postbus;108;3770 AC;BARNEVELD;35;Amersfoort;10;De Vallei;16;Eem en Vallei;13;Veluwe;10;Harderwijk-Amersfoort;16;Eem en Vallei;Midden
Gelderland;42549;19KZ;19KZ00;Pallas Athene College Openbare Scholengemeenschap voor Vwo Havo Mavo Vbo;Koekeltse Boslaan;21;6715 CW;EDE;0228;EDE;Openbaar;0318624500;www.pallasathenecollege.nl;MAVO/HAVO/VWO;Postbus;4008;6710 EA;EDE;29;Ede;10;De Vallei;16;Eem en Vallei;13;Veluwe;09;Arnhem en omstreken;16;Eem en Vallei;Midden
Gelderland;42556;00WH;00WH02;Gomarusschool s.g.voor VMBO Havo Atheneum;Oude Bosscheweg;4;5301 LA;ZALTBOMMEL;0297;ZALTBOMMEL;Bijzonder; ; ;VBO/MAVO;Postbus;425;4200 AK;GORINCHEM;32;Zaltbommel;14;Rivierenland;15;Rivierenland;16;Zuidwest-Gelderland;12;Noord-Noord-Brabant;15;Rivierenland;Zuid
Gelderland;42571;00LJ;00LJ00;Christelijk College Schaersvoorde voor Atheneum Havo Mavo Vbo Lwoo;Slingelaan;28;7122 AW;AALTEN;0197;AALTEN;Bijzonder;0543491111;www.schaersvoorde.nl;VBO/MAVO/HAVO/VWO;Slingelaan;28;7122 AW;AALTEN;24;Winterswijk;12;Achterhoek;13;Oost-Gelderland;14;Achterhoek;08;Zuidelijke Achterhoek;13;Achterhoek;Midden
Gelderland;42571;00LJ;00LJ02;Christelijk College Schaersvoorde voor Atheneum Havo Mavo Vbo Lwoo;Pronsweg;3;7101 CE;WINTERSWIJK;0294;WINTERSWIJK;Bijzonder;0543512186; ;VBO/MAVO;Pronsweg;3;7101 CE;WINTERSWIJK;24;Winterswijk;12;Achterhoek;13;Oost-Gelderland;14;Achterhoek;08;Zuidelijke Achterhoek;13;Achterhoek;Midden
Gelderland;42571;00LJ;00LJ05;Christelijk College Schaersvoorde voor Atheneum Havo Mavo Vbo Lwoo;Landbouwstraat;1;7122 VM;AALTEN;0197;AALTEN;Bijzonder; ; ;VBO/MAVO/HAVO/VWO; ; ; ; ;24;Winterswijk;12;Achterhoek;13;Oost-Gelderland;14;Achterhoek;08;Zuidelijke Achterhoek;13;Achterhoek;Midden
Gelderland;42571;02NZ;02NZ00;Houtkamp College voor mavo, havo, ath, gym, vbo, lwoo;Ruimzichtlaan;155;7001 KD;DOETINCHEM;0222;DOETINCHEM;Bijzonder;0314325248;www.houtkampcollege.nl;VBO/MAVO/HAVO/VWO;Ruimzichtlaan;155;7001 KD;DOETINCHEM;25;Doetinchem;12;Achterhoek;13;Oost-Gelderland;14;Achterhoek;08;Zuidelijke Achterhoek;13;Achterhoek;Midden
Gelderland;42571;02NZ;02NZ01;Houtkamp  College Vest. Metzo College;Maria Montessoristraat;5;7008 CA;DOETINCHEM;0222;DOETINCHEM;Bijzonder; ;www.metzocollege.nl;VBO/MAVO;Maria Montessoristraat;5;7008 CA;DOETINCHEM;25;Doetinchem;12;Achterhoek;13;Oost-Gelderland;14;Achterhoek;08;Zuidelijke Achterhoek;13;Achterhoek;Midden
Gelderland;42571;02NZ;02NZ09;Houtkamp College Vest. ISK Doetinchem;Vondelstraat;5;7002 AN;DOETINCHEM;0222;DOETINCHEM;Bijzonder;0314323426;www.metzocollege.nl;VBO/MAVO/HAVO/VWO;Vondelstraat;5;7002 AN;DOETINCHEM;25;Doetinchem;12;Achterhoek;13;Oost-Gelderland;14;Achterhoek;08;Zuidelijke Achterhoek;13;Achterhoek;Midden
Gelderland;42571;02NZ;02NZ10;Houtkamp College Vest. Zaagmolenpad;Zaagmolenpad;26;7008 AJ;DOETINCHEM;0222;DOETINCHEM;Bijzonder; ; ;BRUGJAAR;Zaagmolenpad;26;7008 AJ;DOETINCHEM;25;Doetinchem;12;Achterhoek;13;Oost-Gelderland;14;Achterhoek;08;Zuidelijke Achterhoek;13;Achterhoek;Midden
Gelderland;42571;02NZ;02NZ11;Houtkamp College Vest. Kruisbergseweg;Kruisbergseweg;4;7009 BP;DOETINCHEM;0222;DOETINCHEM;Bijzonder; ;www.houtkampcollege.nl;VBO/MAVO/HAVO/VWO;Kruisbergseweg;4;7009 BP;DOETINCHEM;25;Doetinchem;12;Achterhoek;13;Oost-Gelderland;14;Achterhoek;08;Zuidelijke Achterhoek;13;Achterhoek;Midden
Gelderland;42571;02NZ;02NZ15;Houtkamp College voor mavo, havo, ath, gym, vbo, lwoo;Wolborgenmate;4;7006 DG;DOETINCHEM;0222;DOETINCHEM;Overige; ; ;VBO; ; ; ; ;25;Doetinchem;12;Achterhoek;13;Oost-Gelderland;14;Achterhoek;08;Zuidelijke Achterhoek;13;Achterhoek;Midden
Gelderland;42571;13EB;13EB00;Praktijkonderwijs Zutphen;Paulus Potterstraat;12-A;7204 CV;ZUTPHEN;0301;ZUTPHEN;Openbaar;0575515982;www.praktijkonderwijszutphen.nl;PRO;Paulus Potterstraat;12-A;7204 CV;ZUTPHEN;23;Zutphen;09;Stedendriehoek;11;Stedendriehoek;14;Achterhoek;07;Apeldoorn en midden-IJsselgebied;11;Stedendriehoek;Midden
Gelderland;42571;14UM;14UM00;Almende College voor Gymnasium Atheneum Havo Mavo Vbo Lwoo;Terborgseveld;75;7064 AN;SILVOLDE;1509;OUDE IJSSELSTREEK;Bijzonder;0315630000;www.almendecollege.nl;VBO/MAVO/HAVO/VWO;Postbus;27;7064 ZG;SILVOLDE;25;Doetinchem;12;Achterhoek;13;Oost-Gelderland;14;Achterhoek;08;Zuidelijke Achterhoek;13;Achterhoek;Midden
Gelderland;42571;14UM;14UM01;Almende College voor Gymnasium Atheneum Havo Mavo Vbo Lwoo;Pastoor Bluemersplein;2;7064 BK;SILVOLDE;1509;OUDE IJSSELSTREEK;Bijzonder;0315324081;www.almendecollege.nl;VBO/MAVO;Postbus;27;7064 ZG;SILVOLDE;25;Doetinchem;12;Achterhoek;13;Oost-Gelderland;14;Achterhoek;08;Zuidelijke Achterhoek;13;Achterhoek;Midden
Gelderland;42571;14UM;14UM02;Almende College voor Gymnasium Atheneum Havo Mavo Vbo Lwoo;Terborgseveld;77;7064 AN;SILVOLDE;1509;OUDE IJSSELSTREEK;Bijzonder;0315630000;www.almendecollege.nl;VBO/MAVO;Postbus;27;7064 ZG;SILVOLDE;25;Doetinchem;12;Achterhoek;13;Oost-Gelderland;14;Achterhoek;08;Zuidelijke Achterhoek;13;Achterhoek;Midden
Gelderland;42571;17AA;17AA00;Gerrit Komrij College Gemeentelijke Scholengemeenschap voor Vwo Havo Vmbo;Parallelweg;7;7102 DE;WINTERSWIJK;0294;WINTERSWIJK;Openbaar;0543551515;www.gerritkomrijcollege.nl;VBO/MAVO/HAVO/VWO;Postbus;7;7100 AA;WINTERSWIJK;24;Winterswijk;12;Achterhoek;13;Oost-Gelderland;14;Achterhoek;08;Zuidelijke Achterhoek;13;Achterhoek;Midden
Gelderland;42571;17AA;17AA03;Gerrit Komrij College Gemeentelijke Scholengemeenschap voor Vwo Havo Vmbo;Pronsweg;3;7101 CE;WINTERSWIJK;0294;WINTERSWIJK;Openbaar;0543551515; ;BRUGJAAR;Postbus;7;7100 AA;WINTERSWIJK;24;Winterswijk;12;Achterhoek;13;Oost-Gelderland;14;Achterhoek;08;Zuidelijke Achterhoek;13;Achterhoek;Midden
Gelderland;42571;20AD;20AD00;Panora Lyceum Scholengemeenschap voor Gymn Ath Havo Mavo;Holterweg;121;7001 EK;DOETINCHEM;0222;DOETINCHEM;Openbaar;0314727100;www.panoralyceum.nl;MAVO/HAVO/VWO;Holterweg;121;7001 EK;DOETINCHEM;25;Doetinchem;12;Achterhoek;13;Oost-Gelderland;14;Achterhoek;08;Zuidelijke Achterhoek;13;Achterhoek;Midden
Gelderland;42571;20AD;20AD02;Panora Lyceum vestiging Rietveld Lyceum;Vondelstraat;5;7002 AN;DOETINCHEM;0222;DOETINCHEM;Openbaar; ;www.rietveldlyceum.nl;MAVO/HAVO/VWO;Vondelstraat;5;7002 AN;DOETINCHEM;25;Doetinchem;12;Achterhoek;13;Oost-Gelderland;14;Achterhoek;08;Zuidelijke Achterhoek;13;Achterhoek;Midden
Gelderland;42571;20AD;20AD03;Panora Lyceum Scholengemeenschap voor Gymn Ath Havo Mavo;Bizetlaan;86;7002 LZ;DOETINCHEM;0222;DOETINCHEM;Openbaar; ; ;MAVO/HAVO/VWO; ; ; ; ;25;Doetinchem;12;Achterhoek;13;Oost-Gelderland;14;Achterhoek;08;Zuidelijke Achterhoek;13;Achterhoek;Midden
Gelderland;42571;20DH;20DH00;Eligant Lyceum, scholengroep voor Lyceum Havo Mavo Vbo Lwoo;Isendoornstraat;3;7201 NJ;ZUTPHEN;0301;ZUTPHEN;Bijzonder;0575590909;www.eligant.nl;VBO/MAVO/HAVO/VWO;Postbus;4036;7200 BA;ZUTPHEN;23;Zutphen;09;Stedendriehoek;11;Stedendriehoek;14;Achterhoek;07;Apeldoorn en midden-IJsselgebied;11;Stedendriehoek;Midden
Gelderland;42571;20DH;20DH06;Eligant Lyceum, scholengroep voor Lyceum Havo Mavo Vbo Lwoo loc. Kompaan College;Coenensparkstraat;40;7202 AN;ZUTPHEN;0301;ZUTPHEN;Bijzonder;0575590970;www.kompaancollege.nl;VBO/MAVO;Postbus;4131;7200 BC;ZUTPHEN;23;Zutphen;09;Stedendriehoek;11;Stedendriehoek;14;Achterhoek;07;Apeldoorn en midden-IJsselgebied;11;Stedendriehoek;Midden
Gelderland;42571;20DH;20DH07;Het Stedelijk, scholengroep voor openbaar Lyceum Havo Mavo Vbo Lwoo;Paulus Potterstraat;12-A;7204 CV;ZUTPHEN;0301;ZUTPHEN;Openbaar; ; ;VBO;Postbus;4036;7200 BA;ZUTPHEN;23;Zutphen;09;Stedendriehoek;11;Stedendriehoek;14;Achterhoek;07;Apeldoorn en midden-IJsselgebied;11;Stedendriehoek;Midden
Gelderland;42571;20DH;20DH08;Eligant Lyceum, scholengr voor  Lyceum Havo Mavo Vbo Lwoo Kompaan College;Dieserstraat;52;7201 NB;ZUTPHEN;0301;ZUTPHEN;Openbaar; ; ;VBO;Dieserstraat;52;7201 NB;ZUTPHEN;23;Zutphen;09;Stedendriehoek;11;Stedendriehoek;14;Achterhoek;07;Apeldoorn en midden-IJsselgebied;11;Stedendriehoek;Midden
Gelderland;42571;20DH;20DH10;Eligant Lyceum, scholengr. voor Lyc. Havo Mavo Vbo Lwoo loc. Baudartius College;Isendoornstraat;1;7201 NJ;ZUTPHEN;0301;ZUTPHEN;Bijzonder;0575515041; ;VBO/MAVO/HAVO/VWO;Postbus;4036;7200 BA;ZUTPHEN;23;Zutphen;09;Stedendriehoek;11;Stedendriehoek;14;Achterhoek;07;Apeldoorn en midden-IJsselgebied;11;Stedendriehoek;Midden
Gelderland;42571;20DH;20DH11;Eligant Lyceum, scholengroep voor Lyceum Havo Mavo Vbo Lwoo loc. ISK;Wijnhofstraat;1;7203 DV;ZUTPHEN;0301;ZUTPHEN;Bijzonder;0613575523;www.iskzutphen.nl;VBO/MAVO/HAVO/VWO;Wijnhofstraat;1;7203 DV;ZUTPHEN;23;Zutphen;09;Stedendriehoek;11;Stedendriehoek;14;Achterhoek;07;Apeldoorn en midden-IJsselgebied;11;Stedendriehoek;Midden
Gelderland;42571;20DH;20DH12;Eligant Lyceum vestiging Kompaan College Vorden;Almenseweg;29-A;7251 HM;VORDEN;1876;BRONCKHORST;Bijzonder;0575590970; ;VBO/MAVO;Almenseweg;29-A;7251 HM;VORDEN;25;Doetinchem;12;Achterhoek;13;Oost-Gelderland;14;Achterhoek;08;Zuidelijke Achterhoek;13;Achterhoek;Midden
Gelderland;42571;20DH;20DH13;Eligant Lyceum vestiging Kompaan Het Hoge;Het Hoge;41;7251 XV;VORDEN;1876;BRONCKHORST;Bijzonder; ; ;VBO/MAVO; ; ; ; ;25;Doetinchem;12;Achterhoek;13;Oost-Gelderland;14;Achterhoek;08;Zuidelijke Achterhoek;13;Achterhoek;Midden
Gelderland;42571;26KH;26KH00;PRAKTICON;Spoorstraat;11-B;7003 DX;DOETINCHEM;0222;DOETINCHEM;Openbaar;0314389100;www.prakticon.com;PRO;Spoorstraat;11-B;7003 DX;DOETINCHEM;25;Doetinchem;12;Achterhoek;13;Oost-Gelderland;14;Achterhoek;08;Zuidelijke Achterhoek;13;Achterhoek;Midden
Gelderland;42571;26KR;26KR00;MaxX;Parallelweg;5;7161 AE;NEEDE;1859;BERKELLAND;Openbaar;0545294145; ;PRO;Parallelweg;5;7161 AE;NEEDE;22;Enschede;12;Achterhoek;13;Oost-Gelderland;14;Achterhoek;06;Twente;13;Achterhoek;Midden
Gelderland;42571;26MD;26MD00;Pronova;Wielewaalstraat;2;7102 HB;WINTERSWIJK;0294;WINTERSWIJK;Bijzonder;0543531574;www.pronovapraktijkonderwijs.nl;PRO;Wielewaalstraat;2;7102 HB;WINTERSWIJK;24;Winterswijk;12;Achterhoek;13;Oost-Gelderland;14;Achterhoek;08;Zuidelijke Achterhoek;13;Achterhoek;Midden
Gelderland;42575;01FU;01FU00;Nuborgh College;Kruidenlaan;1;8082 CA;ELBURG;0230;ELBURG;Bijzonder;0525688199;www.nuborghcollege.nl;VBO/MAVO;Postbus;27;8080 AA;ELBURG;18;Zwolle;08;Noordwest-Veluwe;17;Noordwest-Veluwe;13;Veluwe;05;Zwolle-Meppel en omstreken;17;Noordwest-Veluwe;Midden
Gelderland;42575;01FU;01FU01;Nuborgh College - locatie Lambert Franckens;Lange Wijden;50;8081 VV;ELBURG;0230;ELBURG;Bijzonder;0525688800;www.nuborghcollege.nl;HAVO/VWO;Postbus;27;8080 AA;ELBURG;18;Zwolle;08;Noordwest-Veluwe;17;Noordwest-Veluwe;13;Veluwe;05;Zwolle-Meppel en omstreken;17;Noordwest-Veluwe;Midden
Gelderland;42575;01FU;01FU04;Nuborgh College - locatie Veluvine;F.A. Molijnlaan;184;8071 AK;NUNSPEET;0302;NUNSPEET;Bijzonder;0341252569;www.nuborghcollege.nl;VBO/MAVO;Postbus;27;8080 AA;ELBURG;28;Harderwijk;08;Noordwest-Veluwe;17;Noordwest-Veluwe;13;Veluwe;10;Harderwijk-Amersfoort;17;Noordwest-Veluwe;Midden
Gelderland;42623;17BZ;17BZ03;Van der Capellen Scholengemeenschap voor ATH HAVO MAVO VBO LWOO;Paterijstraat;17;8081 TA;ELBURG;0230;ELBURG;Openbaar;0525682205;www.capellen.nl;VBO/MAVO;Paterijstraat;17;8081 TA;ELBURG;18;Zwolle;08;Noordwest-Veluwe;17;Noordwest-Veluwe;13;Veluwe;05;Zwolle-Meppel en omstreken;17;Noordwest-Veluwe;Midden
Gelderland;42818;02RA;02RA00;Katholieke Scholengemeenschap Veluws College voor Gymn Ath Havo Mavo en Vmbo;Waltersingel;130;7314 NX;APELDOORN;0200;APELDOORN;Bijzonder;0553579825;www.veluwscollege.nl;HAVO/VWO;Postbus;789;7301 BA;APELDOORN;27;Apeldoorn;09;Stedendriehoek;11;Stedendriehoek;13;Veluwe;07;Apeldoorn en midden-IJsselgebied;11;Stedendriehoek;Midden
Gelderland;42818;02RA;02RA01;Katholieke SGM Veluws College voor Gymn Ath Havo Mavo en Vmbo vest Cortenbosch;Prinses Beatrixlaan;259;7312 DG;APELDOORN;0200;APELDOORN;Bijzonder;0555216377;http://www.ugo.nl;VBO/MAVO;Prinses Beatrixlaan;259;7312 DG;APELDOORN;27;Apeldoorn;09;Stedendriehoek;11;Stedendriehoek;13;Veluwe;07;Apeldoorn en midden-IJsselgebied;11;Stedendriehoek;Midden
Gelderland;42818;02RA;02RA02;Katholieke SGM Veluws College voor Gymn Ath Havo Mavo en Vmbo vest Mheenpark;Zilverschoon;43;7322 GG;APELDOORN;0200;APELDOORN;Bijzonder;0553665633; ;VBO/MAVO;Zilverschoon;43;7322 GG;APELDOORN;27;Apeldoorn;09;Stedendriehoek;11;Stedendriehoek;13;Veluwe;07;Apeldoorn en midden-IJsselgebied;11;Stedendriehoek;Midden
Gelderland;42818;02RA;02RA03;Katholieke SGM Veluws College voor Gymn Ath Havo Mavo en Vmbo oec vst Twello;Veilingstraat;10;7391 GM;TWELLO;0285;VOORST;Bijzonder;0571271561; ;VBO/MAVO;Veilingstraat;10;7391 GM;TWELLO;20;Deventer;09;Stedendriehoek;11;Stedendriehoek;13;Veluwe;07;Apeldoorn en midden-IJsselgebied;11;Stedendriehoek;Midden
Gelderland;42818;02RA;02RA05;Katholieke SGM Veluws College voor Gymn Ath Havo Mavo en Vmbo vest Mheenpark;Duizendschoon;8;7322 GZ;APELDOORN;0200;APELDOORN;Bijzonder;0553665633; ;VBO/MAVO; ; ; ; ;27;Apeldoorn;09;Stedendriehoek;11;Stedendriehoek;13;Veluwe;07;Apeldoorn en midden-IJsselgebied;11;Stedendriehoek;Midden
Gelderland;42818;02RA;02RA06;Katholieke SGM Veluws College voor Gymn Ath  Havo Mavo en Vmbo vest Walterbosch;Jachthoornlaan;15;7312 CD;APELDOORN;0200;APELDOORN;Bijzonder; ; ;HAVO/VWO;Postbus;789;7301 BA;APELDOORN;27;Apeldoorn;09;Stedendriehoek;11;Stedendriehoek;13;Veluwe;07;Apeldoorn en midden-IJsselgebied;11;Stedendriehoek;Midden
Gelderland;42818;08SG;08SG00;Christelijk Voortgezet Onderwijs Apeldoorn voor Gymn Ath Havo Mavo en Vmbo;Heemradenlaan;125;7329 BZ;APELDOORN;0200;APELDOORN;Bijzonder;0555779799;www.heemgaard.nl;VBO/MAVO/HAVO/VWO;Postbus;20177;7302 HD;APELDOORN;27;Apeldoorn;09;Stedendriehoek;11;Stedendriehoek;13;Veluwe;07;Apeldoorn en midden-IJsselgebied;11;Stedendriehoek;Midden
Gelderland;42818;08SG;08SG01;Chr VO Apeldoorn voor Gymn Ath Havo Mavo en Vmbo, vest. UDO vakgericht vmbo;Sprengenweg;81;7314 PH;APELDOORN;0200;APELDOORN;Bijzonder;0553575300;http://www.udo.nl;VBO/MAVO;Postbus;2939;7301 EH;APELDOORN;27;Apeldoorn;09;Stedendriehoek;11;Stedendriehoek;13;Veluwe;07;Apeldoorn en midden-IJsselgebied;11;Stedendriehoek;Midden
Gelderland;42818;08SG;08SG06;Chr VO Apeldoorn voor Gymn Ath Havo Mavo en Vmbo, vest. Christelijk Lyceum;Jachtlaan;108;7313 EC;APELDOORN;0200;APELDOORN;Bijzonder;0553575200;www.christelijklyceumapeldoorn.nl;VBO/MAVO/HAVO/VWO;Postbus;2939;7301 EH;APELDOORN;27;Apeldoorn;09;Stedendriehoek;11;Stedendriehoek;13;Veluwe;07;Apeldoorn en midden-IJsselgebied;11;Stedendriehoek;Midden
Gelderland;42818;08SG;08SG07;Christelijk Voortgezet Onderwijs Apeldoorn voor Gymn Ath Havo Mavo en Vmbo;Blekersweg;30;7312 GL;APELDOORN;0200;APELDOORN;Bijzonder; ; ;VBO/MAVO/HAVO/VWO;Postbus;20177;7302 HD;APELDOORN;27;Apeldoorn;09;Stedendriehoek;11;Stedendriehoek;13;Veluwe;07;Apeldoorn en midden-IJsselgebied;11;Stedendriehoek;Midden
Gelderland;42818;20KQ;20KQ00;Openbare Scholengemeenschap Apeldoorn;Jhr Mr G W Molleruslaan;42;7316 AW;APELDOORN;0200;APELDOORN;Openbaar;0555212655;www.ksg-apeldoorn.nl;VBO/MAVO/HAVO/VWO;Jhr Mr G W Molleruslaan;42;7316 AW;APELDOORN;27;Apeldoorn;09;Stedendriehoek;11;Stedendriehoek;13;Veluwe;07;Apeldoorn en midden-IJsselgebied;11;Stedendriehoek;Midden
Gelderland;42818;20KQ;20KQ04;Openbare Scholengemeenschap Apeldoorn locatie UGO verkennend vmbo;Prinses Beatrixlaan;259;7312 DG;APELDOORN;0200;APELDOORN;Openbaar;0555216377;www.ugo.nl;VBO/MAVO/HAVO/VWO;Postbus;20017;7302 HA;APELDOORN;27;Apeldoorn;09;Stedendriehoek;11;Stedendriehoek;13;Veluwe;07;Apeldoorn en midden-IJsselgebied;11;Stedendriehoek;Midden
Gelderland;42818;20KQ;20KQ05;Openbare Scholengemeenschap Apeldoorn;Jhr Mr G W Molleruslaan;32;7316 AV;APELDOORN;0200;APELDOORN;Openbaar; ; ;VBO/MAVO/HAVO/VWO;Jhr Mr G W Molleruslaan;42;7316 AW;APELDOORN;27;Apeldoorn;09;Stedendriehoek;11;Stedendriehoek;13;Veluwe;07;Apeldoorn en midden-IJsselgebied;11;Stedendriehoek;Midden
Gelderland;42818;20KQ;20KQ06;Onze Wereld;Waleweingaarde;103;7329 BD;APELDOORN;0200;APELDOORN;Openbaar;0552010420;www.onzewereld.nl;BRUGJAAR;Waleweingaarde;103;7329 BD;APELDOORN;27;Apeldoorn;09;Stedendriehoek;11;Stedendriehoek;13;Veluwe;07;Apeldoorn en midden-IJsselgebied;11;Stedendriehoek;Midden
Gelderland;42818;20QU;20QU00;Gymnasium Apeldoorn;Kastanjelaan;10;7316 BN;APELDOORN;0200;APELDOORN;Openbaar;0555213024;www.gymnasium-apeldoorn.nl;VWO;Kastanjelaan;10;7316 BN;APELDOORN;27;Apeldoorn;09;Stedendriehoek;11;Stedendriehoek;13;Veluwe;07;Apeldoorn en midden-IJsselgebied;11;Stedendriehoek;Midden
Gelderland;42818;20QU;20QU05;Gymnasium Apeldoorn;Kastanjelaan;17;7316 BM;APELDOORN;0200;APELDOORN;Openbaar; ; ;VWO;Postbus;20017;7302 HA;APELDOORN;27;Apeldoorn;09;Stedendriehoek;11;Stedendriehoek;13;Veluwe;07;Apeldoorn en midden-IJsselgebied;11;Stedendriehoek;Midden
Gelderland;49701;00WI;00WI00;Christelijk College Groevenbeek;Paul Krugerweg;44-50;3851 ZJ;ERMELO;0233;ERMELO;Bijzonder;0341274950;www.groevenbeek.nl;VBO/MAVO/HAVO/VWO;Postbus;210;3850 AE;ERMELO;28;Harderwijk;08;Noordwest-Veluwe;17;Noordwest-Veluwe;13;Veluwe;10;Harderwijk-Amersfoort;17;Noordwest-Veluwe;Midden
Gelderland;49701;00WI;00WI04;Christelijk College Groevenbeek;Korenlaan;1;3881 DA;PUTTEN;0273;PUTTEN;Bijzonder;0341274950;www.groevenbeek.nl;VBO/MAVO;Postbus;210;3850 AE;ERMELO;28;Harderwijk;08;Noordwest-Veluwe;17;Noordwest-Veluwe;13;Veluwe;10;Harderwijk-Amersfoort;17;Noordwest-Veluwe;Midden
Gelderland;70396;02QQ;02QQ00;Notre Dame Des Anges Havo;Kasteelselaan;50;6574 AJ;UBBERGEN;1945;BERG EN DAL;Bijzonder;0243229337;www.notredame.nl;HAVO;Kasteelselaan;50;6574 AJ;UBBERGEN;30;Nijmegen;13;Nijmegen;14;Arnhem/Nijmegen;15;Arnhem/Nijmegen;11;Oostelijk Maas-Waalgebied;40;Rijk van Nijmegen;Zuid
Gelderland;72464;15DN;15DN00;De Boog Christelijk School voor Prak Vorm;Buizerdweg;17;7331 JD;APELDOORN;0200;APELDOORN;Bijzonder;0555423193;www.cso-deboog.nl;PRO;Buizerdweg;17;7331 JD;APELDOORN;27;Apeldoorn;09;Stedendriehoek;11;Stedendriehoek;13;Veluwe;07;Apeldoorn en midden-IJsselgebied;11;Stedendriehoek;Midden
Gelderland;79314;02UP;02UP00;Marnix College  Scholengemeenschap voor Gymnasium Atheneum Havo Mavo;Prins Bernhardlaan;30;6713 MC;EDE;0228;EDE;Bijzonder;0318650035;www.marnixcollege.nl;MAVO/HAVO/VWO;Postbus;8037;6710 AA;EDE;29;Ede;10;De Vallei;16;Eem en Vallei;13;Veluwe;09;Arnhem en omstreken;16;Eem en Vallei;Midden
Gelderland;79314;02UP;02UP01;Marnix College Scholengemeenschap voor Atheneum Havo Mavo;Prins Bernhardlaan;25;6713 MA;EDE;0228;EDE;Bijzonder;0318650035;www.marnixcollege.nl;BRUGJAAR;Postbus;8037;6710 AA;EDE;29;Ede;10;De Vallei;16;Eem en Vallei;13;Veluwe;09;Arnhem en omstreken;16;Eem en Vallei;Midden
Groningen;13563;16PI;16PI00;Openbare Scholengemeenschap Winkler Prins voor ATH HAVO MAVO VBO LWOO;Raadsgildenlaan;1;9646 AA;VEENDAM;0047;VEENDAM;Openbaar;0598364656;www.winklerprins.nl;VBO/MAVO/HAVO/VWO;Postbus;190;9640 AD;VEENDAM;04;Veendam;02;Oost-Groningen;01;Oost-Groningen;01;Oost-Groningen;02;Oost-Groningen;01;Oost-Groningen;Noord
Groningen;13563;16PI;16PI01;Openbare Scholengemeenschap Winkler Prins voor ATH HAVO MAVO VBO LWOO;Parallelweg;25;9641 KG;VEENDAM;0047;VEENDAM;Openbaar;0598612202; ;VBO/MAVO/HAVO/VWO;Postbus;190;9640 AD;VEENDAM;04;Veendam;02;Oost-Groningen;01;Oost-Groningen;01;Oost-Groningen;02;Oost-Groningen;01;Oost-Groningen;Noord
Groningen;13563;16PI;16PI02;Openbare Scholengemeenschap Winkler Prins voor Atheneum Havo Mavo Vbo Lwoo;Jan Salwaplein;2;9641 LA;VEENDAM;0047;VEENDAM;Openbaar;0598612311; ;PRO;Postbus;190;9640 AD;VEENDAM;04;Veendam;02;Oost-Groningen;01;Oost-Groningen;01;Oost-Groningen;02;Oost-Groningen;01;Oost-Groningen;Noord
Groningen;13563;16PI;16PI03;Openbare Scholengemeenschap Winkler Prins voor ATH HAVO MAVO VBO LWOO;Raadsgildenlaan;11;9646 AA;VEENDAM;0047;VEENDAM;Openbaar; ; ;VBO/MAVO/HAVO/VWO;Postbus;190;9640 AD;VEENDAM;04;Veendam;02;Oost-Groningen;01;Oost-Groningen;01;Oost-Groningen;02;Oost-Groningen;01;Oost-Groningen;Noord
Groningen;13563;16PI;16PI04;Openbare Scholengemeenschap Winkler Prins voor ATH HAVO MAVO VBO LWOO;Raadsgildenlaan;7;9646 AA;VEENDAM;0047;VEENDAM;Openbaar; ; ;BRUGJAAR;Postbus;190;9640 AD;VEENDAM;04;Veendam;02;Oost-Groningen;01;Oost-Groningen;01;Oost-Groningen;02;Oost-Groningen;01;Oost-Groningen;Noord
Groningen;13563;16PI;16PI05;Openbare Scholengemeenschap Winkler Prins voor ATH HAVO MAVO VBO LWOO;Raadsgildenlaan;9;9646 AA;VEENDAM;0047;VEENDAM;Openbaar; ; ;VBO;Postbus;190;9640 AD;VEENDAM;04;Veendam;02;Oost-Groningen;01;Oost-Groningen;01;Oost-Groningen;02;Oost-Groningen;01;Oost-Groningen;Noord
Groningen;28212;16NK;16NK01;Vrije school Zutphen-Groningen;Merwedestraat;45;9725 KA;GRONINGEN;0014;GRONINGEN;Bijzonder;0505201800;www.vrijeschoolvo.nl;MAVO/HAVO/VWO;Merwedestraat;45;9725 KA;GRONINGEN;01;Groningen;03;Centraal-Groningen;03;Centraal en westelijk Groningen;03;Overig Groningen;01;Groningen en omstreken;03;Centraal en Westelijk Groningen;Noord
Groningen;28212;16NK;16NK04;Vrije school Zutphen-Groningen;Merwedestraat;98;9725 KG;GRONINGEN;0014;GRONINGEN;Bijzonder; ; ;MAVO/HAVO/VWO;Merwedestraat;45;9725 KA;GRONINGEN;01;Groningen;03;Centraal-Groningen;03;Centraal en westelijk Groningen;03;Overig Groningen;01;Groningen en omstreken;03;Centraal en Westelijk Groningen;Noord
Groningen;28212;16NK;16NK05;Vrije school Zutphen-Groningen;Reggestraat;1;9725 KH;GRONINGEN;0014;GRONINGEN;Bijzonder; ; ;MAVO/HAVO/VWO;Merwedestraat;45;9725 KA;GRONINGEN;01;Groningen;03;Centraal-Groningen;03;Centraal en westelijk Groningen;03;Overig Groningen;01;Groningen en omstreken;03;Centraal en Westelijk Groningen;Noord
Groningen;31231;00ZV;00ZV05;Lauwers College Christelijk Scholengemeenschap voor Atheneum Havo Mavo Vbo;Sportlaan;5-A;9843 BV;GRIJPSKERK;1969;WESTERKWARTIER;Bijzonder;0594212543; ;VBO/MAVO;Leerweg;1;9202 LE;DRACHTEN;01;Groningen;03;Centraal-Groningen;03;Centraal en westelijk Groningen;03;Overig Groningen;01;Groningen en omstreken;03;Centraal en Westelijk Groningen;Noord
Groningen;31240;02CR;02CR00;Willem Lodewijkgymnasium;Verzetsstrijderslaan;220;9727 CK;GRONINGEN;0014;GRONINGEN;Bijzonder;0505262094;www.wlg.nl;VWO;Verzetsstrijderslaan;220;9727 CK;GRONINGEN;01;Groningen;03;Centraal-Groningen;03;Centraal en westelijk Groningen;03;Overig Groningen;01;Groningen en omstreken;03;Centraal en Westelijk Groningen;Noord
Groningen;35647;01UH;01UH00;Maartenscollege voor Lyceum Havo Mavo;Hemmenlaan;2;9751 NS;HAREN GN;0014;GRONINGEN;Bijzonder;0505375200;www.maartenscollege.nl;MAVO/HAVO/VWO;Postbus;6105;9702 HC;GRONINGEN;01;Groningen;03;Centraal-Groningen;03;Centraal en westelijk Groningen;03;Overig Groningen;01;Groningen en omstreken;03;Centraal en Westelijk Groningen;Noord
Groningen;40365;02VJ;02VJ00;Stichting bijzonder voortgezet onderwijs Ubbo Emmius voor Lyc Havo Mavo Vbo;Stationslaan;17;9503 CA;STADSKANAAL;0037;STADSKANAAL;Bijzonder;0599631122;www.ubboemmius.nl;VBO/MAVO/HAVO/VWO;Postbus;137;9500 AC;STADSKANAAL;06;Stadskanaal;02;Oost-Groningen;01;Oost-Groningen;01;Oost-Groningen;02;Oost-Groningen;01;Oost-Groningen;Noord
Groningen;40365;02VJ;02VJ01;Stichting bijzonder voortgezet onderwijs Ubbo Emmius voor Lyc Havo Mavo Vbo;Bovenburen;60;9675 HH;WINSCHOTEN;1895;OLDAMBT;Bijzonder;0597413060; ;VBO/MAVO/HAVO;Postbus;137;9500 AC;STADSKANAAL;05;Winschoten;02;Oost-Groningen;01;Oost-Groningen;01;Oost-Groningen;02;Oost-Groningen;01;Oost-Groningen;Noord
Groningen;40365;02VJ;02VJ03;Stichting bijzonder voortgezet onderwijs Ubbo Emmius voor Lyc Havo Mavo Vbo;Maarsdreef;23;9501 AM;STADSKANAAL;0037;STADSKANAAL;Bijzonder;0599652628; ;VBO/MAVO;Postbus;137;9500 AC;STADSKANAAL;06;Stadskanaal;02;Oost-Groningen;01;Oost-Groningen;01;Oost-Groningen;02;Oost-Groningen;01;Oost-Groningen;Noord
Groningen;40365;02VJ;02VJ04;Stichting bijzonder voortgezet onderwijs Ubbo Emmius voor Lyc Havo Mavo Vbo;Bovenburen;72;9675 HH;WINSCHOTEN;1895;OLDAMBT;Bijzonder; ; ;VBO;Postbus;137;9500 AC;STADSKANAAL;05;Winschoten;02;Oost-Groningen;01;Oost-Groningen;01;Oost-Groningen;02;Oost-Groningen;01;Oost-Groningen;Noord
Groningen;40365;02VJ;02VJ06;Stichting bijzonder voortgezet onderwijs Ubbo Emmius voor Lyc Havo Mavo Vbo;Boslaan;18;9591 BJ;ONSTWEDDE;0037;STADSKANAAL;Bijzonder;0599331701;www.ubboemmius.nl;VBO/MAVO;Postbus;137;9500 AC;STADSKANAAL;06;Stadskanaal;02;Oost-Groningen;01;Oost-Groningen;01;Oost-Groningen;02;Oost-Groningen;01;Oost-Groningen;Noord
Groningen;40365;02VJ;02VJ07;Stichting bijzonder voortgezet onderwijs Ubbo Emmius voor Lyc Havo Mavo Vbo;Sportparklaan;5;9502 CW;STADSKANAAL;0037;STADSKANAAL;Bijzonder;0599692800; ;VBO;Postbus;137;9500 AC;STADSKANAAL;06;Stadskanaal;02;Oost-Groningen;01;Oost-Groningen;01;Oost-Groningen;02;Oost-Groningen;01;Oost-Groningen;Noord
Groningen;40365;02VJ;02VJ08;Stichting bijzonder voortgezet onderwijs Ubbo Emmius voor Lyc Havo Mavo Vbo;Engelandlaan;1;9501 AR;STADSKANAAL;0037;STADSKANAAL;Bijzonder;0599692400; ;VBO/MAVO;Postbus;137;9500 AC;STADSKANAAL;06;Stadskanaal;02;Oost-Groningen;01;Oost-Groningen;01;Oost-Groningen;02;Oost-Groningen;01;Oost-Groningen;Noord
Groningen;40365;18UZ;18UZ00;School voor Praktijkonderwijs PrO Stadskanaal;Gelderselaan;1;9501 RA;STADSKANAAL;0037;STADSKANAAL;Bijzonder;0599696020;www.ubboemmius.nl/praktijkonderwijs;PRO;Postbus;184;9500 AD;STADSKANAAL;06;Stadskanaal;02;Oost-Groningen;01;Oost-Groningen;01;Oost-Groningen;02;Oost-Groningen;01;Oost-Groningen;Noord
Groningen;40365;19UR;19UR00;Dollard College PrO Winschoten;Bovenburen;11-A;9675 HA;WINSCHOTEN;1895;OLDAMBT;Bijzonder;0597553195;www.dollardcollege.nl;PRO;Bovenburen;11-A;9675 HA;WINSCHOTEN;05;Winschoten;02;Oost-Groningen;01;Oost-Groningen;01;Oost-Groningen;02;Oost-Groningen;01;Oost-Groningen;Noord
Groningen;40365;20CM;20CM00;Dollard College Pontis Winschoten voor Lyc Havo Mavo Vbo Lwoo;Dr. J.H. Hommesplein;2;9671 CZ;WINSCHOTEN;1895;OLDAMBT;Bijzonder;0597670200;www.dollardcollege.nl;VBO/MAVO/HAVO/VWO;Postbus;137;9500 AC;STADSKANAAL;05;Winschoten;02;Oost-Groningen;01;Oost-Groningen;01;Oost-Groningen;02;Oost-Groningen;01;Oost-Groningen;Noord
Groningen;40365;20CM;20CM01;Dollard College voor Lyc Havo Mavo Vbo Lwoo;H. Hindersstraat;5;9665 RA;OUDE PEKELA;0765;PEKELA;Bijzonder;0597481960;www.dollardcollege.nl;VBO/MAVO;Postbus;137;9500 AC;STADSKANAAL;05;Winschoten;02;Oost-Groningen;01;Oost-Groningen;01;Oost-Groningen;02;Oost-Groningen;01;Oost-Groningen;Noord
Groningen;40365;20CM;20CM03;Dollard College voor Lyc Havo Mavo Vbo Lwoo;Dorpsplein;7;9695 DA;BELLINGWOLDE;1950;WESTERWOLDE;Bijzonder;0597553150;www.dollardcollege.nl;VBO/MAVO;Postbus;137;9500 AC;STADSKANAAL;06;Stadskanaal;02;Oost-Groningen;01;Oost-Groningen;01;Oost-Groningen;02;Oost-Groningen;01;Oost-Groningen;Noord
Groningen;40365;20CM;20CM07;Dollard College voor Lyc Havo Mavo Vbo Lwoo;Burg. Garreltsweg;35;9946 PM;WOLDENDORP;1979;EEMSDELTA;Bijzonder;0596601284;www.dollardcollege.nl;VBO/MAVO;Postbus;137;9500 AC;STADSKANAAL;02;Appingedam/Delfzijl;01;Noord-Groningen;02;Noord-Groningen en Eemsmond;02;Delfzijl en omgeving;01;Groningen en omstreken;02;Noord-Groningen-Eemsmond;Noord
Groningen;40365;20CM;20CM08;Dollard College Pontis Winschoten - ISK voor Lyc Havo Mavo Vbo Lwoo;Bovenburen;60;9675 HH;WINSCHOTEN;1895;OLDAMBT;Bijzonder; ;www.dollardcollege.nl;VBO/MAVO;Postbus;137;9500 AC;STADSKANAAL;05;Winschoten;02;Oost-Groningen;01;Oost-Groningen;01;Oost-Groningen;02;Oost-Groningen;01;Oost-Groningen;Noord
Groningen;40365;20CM;20CM09;Dollard College voor Lyc Havo Mavo Vbo Lwoo;P.C. Hooftlaan;1;9673 GS;WINSCHOTEN;1895;OLDAMBT;Bijzonder;0597412251;www.dollardcollege.nl;VBO/MAVO;Postbus;137;9500 AC;STADSKANAAL;05;Winschoten;02;Oost-Groningen;01;Oost-Groningen;01;Oost-Groningen;02;Oost-Groningen;01;Oost-Groningen;Noord
Groningen;40365;20CM;20CM10;Dollard College voor Lyc Havo Mavo Vbo Lwoo;Bovenburen;11;9675 HA;WINSCHOTEN;1895;OLDAMBT;Bijzonder;0597553195; ;VBO/MAVO;Postbus;137;9500 AC;STADSKANAAL;05;Winschoten;02;Oost-Groningen;01;Oost-Groningen;01;Oost-Groningen;02;Oost-Groningen;01;Oost-Groningen;Noord
Groningen;40365;20CM;20CM13;Dollard College voor Lyc Havo Mavo Vbo Lwoo;Bovenburen;76;9675 HH;WINSCHOTEN;1895;OLDAMBT;Bijzonder;0850019712; ;VBO/MAVO;Postbus;137;9500 AC;STADSKANAAL;05;Winschoten;02;Oost-Groningen;01;Oost-Groningen;01;Oost-Groningen;02;Oost-Groningen;01;Oost-Groningen;Noord
Groningen;40570;14RP;14RP00;Christelijke Scholengemeenschap Groningen Vmbo Havo Atheneum;Heerdenpad;8;9731 BW;GRONINGEN;0014;GRONINGEN;Bijzonder;0505742766;www.csg.nl;VBO/MAVO/HAVO/VWO;Postbus;9475;9703 LR;GRONINGEN;01;Groningen;03;Centraal-Groningen;03;Centraal en westelijk Groningen;03;Overig Groningen;01;Groningen en omstreken;03;Centraal en Westelijk Groningen;Noord
Groningen;40570;14RP;14RP01;Christelijke Scholengemeenschap Groningen - locatie Augustinus;Admiraal de Ruyterlaan;37;9726 GP;GRONINGEN;0014;GRONINGEN;Bijzonder;0503139720; ;VBO/MAVO/HAVO/VWO;Postbus;9475;9703 LR;GRONINGEN;01;Groningen;03;Centraal-Groningen;03;Centraal en westelijk Groningen;03;Overig Groningen;01;Groningen en omstreken;03;Centraal en Westelijk Groningen;Noord
Groningen;40570;14RP;14RP02;Christelijke Scholengemeenschap Groningen - locatie Kluiverboom;Kluiverboom;1;9732 KZ;GRONINGEN;0014;GRONINGEN;Bijzonder;0505710195;www.csgkluiverboom.nl;VBO/MAVO;Postbus;9475;9703 LR;GRONINGEN;01;Groningen;03;Centraal-Groningen;03;Centraal en westelijk Groningen;03;Overig Groningen;01;Groningen en omstreken;03;Centraal en Westelijk Groningen;Noord
Groningen;40570;14RP;14RP03;Christelijke Scholengemeenschap Groningen - locatie Diamantlaan;Diamantlaan;14;9743 BG;GRONINGEN;0014;GRONINGEN;Bijzonder;0505718544;www.csg.nl;VBO/MAVO;Postbus;9475;9703 LR;GRONINGEN;01;Groningen;03;Centraal-Groningen;03;Centraal en westelijk Groningen;03;Overig Groningen;01;Groningen en omstreken;03;Centraal en Westelijk Groningen;Noord
Groningen;40570;14RP;14RP04;Christelijke Scholengemeenschap Groningen - locatie Winsum;Meeden;35;9951 HX;WINSUM GN;1966;HET HOGELAND;Bijzonder;0595441701; ;VBO/MAVO;Postbus;9475;9703 LR;GRONINGEN;01;Groningen;01;Noord-Groningen;02;Noord-Groningen en Eemsmond;03;Overig Groningen;01;Groningen en omstreken;02;Noord-Groningen-Eemsmond;Noord
Groningen;40851;05OP;05OP00;Christelijkeschool voor praktijkonderwijs De Bolster;Multatulistraat;91;9721 NH;GRONINGEN;0014;GRONINGEN;Bijzonder;0505250110;www.de-bolster.nl;PRO;Multatulistraat;91;9721 NH;GRONINGEN;01;Groningen;03;Centraal-Groningen;03;Centraal en westelijk Groningen;03;Overig Groningen;01;Groningen en omstreken;03;Centraal en Westelijk Groningen;Noord
Groningen;40872;25PW;25PW55;Drenthe College Terra;Molenstraat;12;9821 PG;OLDEKERK;1969;WESTERKWARTIER;Overige;0594505800; ;VBO;Molenstraat;12;9821 PG;OLDEKERK;01;Groningen;03;Centraal-Groningen;03;Centraal en westelijk Groningen;03;Overig Groningen;01;Groningen en omstreken;03;Centraal en Westelijk Groningen;Noord
Groningen;40872;25PW;25PW56;Drenthe College Terra;Hamrik;4-A;9951 JH;WINSUM GN;1966;HET HOGELAND;Overige;0595447070; ;VBO/PRO;Postbus;33;9950 AA;WINSUM GN;01;Groningen;01;Noord-Groningen;02;Noord-Groningen en Eemsmond;03;Overig Groningen;01;Groningen en omstreken;02;Noord-Groningen-Eemsmond;Noord
Groningen;40872;25PW;25PW57;Drenthe College Terra;Onderdendamsterweg;43-A;9951 TD;WINSUM GN;1966;HET HOGELAND;Overige; ; ;PRO;Postbus;17;9700 AA;GRONINGEN;01;Groningen;01;Noord-Groningen;02;Noord-Groningen en Eemsmond;03;Overig Groningen;01;Groningen en omstreken;02;Noord-Groningen-Eemsmond;Noord
Groningen;41143;00DI;00DI00;rsg de Borgen voor Lyceum Havo Mavo Vbo Lwoo;Waezenburglaan;51-A;9351 HC;LEEK;1969;WESTERKWARTIER;Bijzonder;0505292929;www.rsgdeborgen.nl;VBO/MAVO;Postbus;212;9350 AE;LEEK;01;Groningen;03;Centraal-Groningen;03;Centraal en westelijk Groningen;03;Overig Groningen;01;Groningen en omstreken;03;Centraal en Westelijk Groningen;Noord
Groningen;41143;00DI;00DI02;rsg de Borgen voor Lyceum havo Mavo Vbo Lwoo;Waezenburglaan;55;9351 HC;LEEK;1969;WESTERKWARTIER;Bijzonder;0594854545;www.rsgdeborgen.nl;MAVO/HAVO/VWO;Postbus;17;9700 AA;GRONINGEN;01;Groningen;03;Centraal-Groningen;03;Centraal en westelijk Groningen;03;Overig Groningen;01;Groningen en omstreken;03;Centraal en Westelijk Groningen;Noord
Groningen;41143;00DI;00DI03;rsg de Borgen voor Lyceum havo mavo Vbo Lwoo;Kersenlaan;16;9861 CR;GROOTEGAST;1969;WESTERKWARTIER;Bijzonder;0594612261;www.rsgdeborgen.nl;VBO/MAVO;Postbus;212;9350 AE;LEEK;01;Groningen;03;Centraal-Groningen;03;Centraal en westelijk Groningen;03;Overig Groningen;01;Groningen en omstreken;03;Centraal en Westelijk Groningen;Noord
Groningen;41143;00DI;00DI06;rsg de Borgen voor Lyceum Havo Mavo Vbo Lwoo;Waezenburglaan;51;9351 HC;LEEK;1969;WESTERKWARTIER;Bijzonder;0594854530;www.rsgdeborgen.nl;VBO/MAVO;Postbus;212;9350 AE;LEEK;01;Groningen;03;Centraal-Groningen;03;Centraal en westelijk Groningen;03;Overig Groningen;01;Groningen en omstreken;03;Centraal en Westelijk Groningen;Noord
Groningen;41789;02UV;02UV00;Gomarus College voor Vwo Havo Mavo Vbo Lwoo;Vondelpad;1;9721 LX;GRONINGEN;0014;GRONINGEN;Bijzonder;0505244500;www.gomaruscollege.nl;VBO/MAVO/HAVO/VWO;Postbus;935;9700 AX;GRONINGEN;01;Groningen;03;Centraal-Groningen;03;Centraal en westelijk Groningen;03;Overig Groningen;01;Groningen en omstreken;03;Centraal en Westelijk Groningen;Noord
Groningen;41789;02UV;02UV08;Gomarus College voor Vwo Havo Mavo Vbo Lwoo;Magnoliastraat;1;9741 CS;GRONINGEN;0014;GRONINGEN;Bijzonder;0505713093; ;BRUGJAAR;Magnoliastraat;1;9741 CS;GRONINGEN;01;Groningen;03;Centraal-Groningen;03;Centraal en westelijk Groningen;03;Overig Groningen;01;Groningen en omstreken;03;Centraal en Westelijk Groningen;Noord
Groningen;41789;02UV;02UV10;Gomarus College voor Vwo Havo Mavo Vbo Lwoo;Lavendelweg;7;9731 HR;GRONINGEN;0014;GRONINGEN;Bijzonder;0505752850;www.gomaruscollege.nl;VBO/PRO;Lavendelweg;7;9731 HR;GRONINGEN;01;Groningen;03;Centraal-Groningen;03;Centraal en westelijk Groningen;03;Overig Groningen;01;Groningen en omstreken;03;Centraal en Westelijk Groningen;Noord
Groningen;41789;02UV;02UV17;Gomarus College voor Vwo Havo Mavo Vbo Lwoo;Vondelpad;2;9721 LX;GRONINGEN;0014;GRONINGEN;Bijzonder;0505244540;www.gomaruscollege.nl;VBO/MAVO;Postbus;935;9700 AX;GRONINGEN;01;Groningen;03;Centraal-Groningen;03;Centraal en westelijk Groningen;03;Overig Groningen;01;Groningen en omstreken;03;Centraal en Westelijk Groningen;Noord
Groningen;41789;02UV;02UV18;Gomarus College voor Vwo Havo Mavo Vbo Lwoo;Vondelpad;3;9721 LX;GRONINGEN;0014;GRONINGEN;Bijzonder;0505244575;www.gomaruscollege.nl;BRUGJAAR;Postbus;935;9700 AX;GRONINGEN;01;Groningen;03;Centraal-Groningen;03;Centraal en westelijk Groningen;03;Overig Groningen;01;Groningen en omstreken;03;Centraal en Westelijk Groningen;Noord
Groningen;41889;16IH;16IH00;Regionale Scholengemeenschap Ter Apel voor Ath Havo Mavo Lhno;Oude Weg;41;9561 LB;TER APEL;1950;WESTERWOLDE;Openbaar;0599581226;www.rsgterapel.nl;VBO/MAVO/HAVO/VWO;Postbus;47;9560 AA;TER APEL;06;Stadskanaal;02;Oost-Groningen;01;Oost-Groningen;01;Oost-Groningen;02;Oost-Groningen;01;Oost-Groningen;Noord
Groningen;41889;16IH;16IH03;Regionale Scholengemeenschap Ter Apel voor Ath Havo Mavo Lhno;Westerstraat;4;9561 SM;TER APEL;1950;WESTERWOLDE;Openbaar; ; ;BRUGJAAR;Postbus;47;9560 AA;TER APEL;06;Stadskanaal;02;Oost-Groningen;01;Oost-Groningen;01;Oost-Groningen;02;Oost-Groningen;01;Oost-Groningen;Noord
Groningen;42510;13ZU;13ZU00;Reitdiepcollege voor Atheneum Havo Mavo Vbo Lwoo;Eikenlaan;286;9741 EW;GRONINGEN;0014;GRONINGEN;Openbaar;0503210610;www.kamerlinghonnes.nl;VBO/MAVO/HAVO/VWO;Eikenlaan;286;9741 EW;GRONINGEN;01;Groningen;03;Centraal-Groningen;03;Centraal en westelijk Groningen;03;Overig Groningen;01;Groningen en omstreken;03;Centraal en Westelijk Groningen;Noord
Groningen;42510;13ZU;13ZU02;Reitdiepcollege voor Atheneum Havo Mavo Vbo Lwoo;Diamantlaan;27;9743 BA;GRONINGEN;0014;GRONINGEN;Openbaar;0503210625;www.leonvangelder.nl;VBO/MAVO;Diamantlaan;27;9743 BA;GRONINGEN;01;Groningen;03;Centraal-Groningen;03;Centraal en westelijk Groningen;03;Overig Groningen;01;Groningen en omstreken;03;Centraal en Westelijk Groningen;Noord
Groningen;42510;13ZU;13ZU03;Reitdiepcollege voor Atheneum Havo Mavo Vbo Lwoo;Travertijnstraat;2;9743 SZ;GRONINGEN;0014;GRONINGEN;Openbaar;0503124218; ;VBO/MAVO;Travertijnstraat;2;9743 SZ;GRONINGEN;01;Groningen;03;Centraal-Groningen;03;Centraal en westelijk Groningen;03;Overig Groningen;01;Groningen en omstreken;03;Centraal en Westelijk Groningen;Noord
Groningen;42510;17SG;17SG00;Heyerdahl College Openbare School voor Praktijkonderwijs;Kluiverboom;1-B;9732 KZ;GRONINGEN;0014;GRONINGEN;Openbaar;0505797999;www.heyerdahlcollege.nl;PRO;Kluiverboom;1-B;9732 KZ;GRONINGEN;01;Groningen;03;Centraal-Groningen;03;Centraal en westelijk Groningen;03;Overig Groningen;01;Groningen en omstreken;03;Centraal en Westelijk Groningen;Noord
Groningen;42510;20BV;20BV00;Praedinius Gymnasium;Turfsingel;82;9711 VX;GRONINGEN;0014;GRONINGEN;Openbaar;0503120559;www.praedinius.nl;VWO;Postbus;278;9700 AG;GRONINGEN;01;Groningen;03;Centraal-Groningen;03;Centraal en westelijk Groningen;03;Overig Groningen;01;Groningen en omstreken;03;Centraal en Westelijk Groningen;Noord
Groningen;42510;20BV;20BV01;Praedinius Gymnasium;Kruitlaan;11;9711 TW;GRONINGEN;0014;GRONINGEN;Openbaar;0503120559; ;VWO;Postbus;278;9700 AG;GRONINGEN;01;Groningen;03;Centraal-Groningen;03;Centraal en westelijk Groningen;03;Overig Groningen;01;Groningen en omstreken;03;Centraal en Westelijk Groningen;Noord
Groningen;42510;20EM;20EM00;H. N. Werkmancollege, school voor Atheneum, havo,mavo en vbo;Nieuwe Sint Jansstraat;11;9711 VG;GRONINGEN;0014;GRONINGEN;Openbaar;0503210500;www.stadlyceum.nl;VBO/MAVO/HAVO/VWO;Postbus;1060;9701 BB;GRONINGEN;01;Groningen;03;Centraal-Groningen;03;Centraal en westelijk Groningen;03;Overig Groningen;01;Groningen en omstreken;03;Centraal en Westelijk Groningen;Noord
Groningen;42510;20EM;20EM01;H.N. Werkman College, school voor atheneum, havo, mavo en vbo;Melisseweg;2-A;9731 BX;GRONINGEN;0014;GRONINGEN;Openbaar;0503210520;www.iskgroningen.nl;HAVO/VWO;Melisseweg;2-A;9731 BX;GRONINGEN;01;Groningen;03;Centraal-Groningen;03;Centraal en westelijk Groningen;03;Overig Groningen;01;Groningen en omstreken;03;Centraal en Westelijk Groningen;Noord
Groningen;42510;20EM;20EM03;H N Werkman College, school voor atheneum, havo,mavo en vbo;Melisseweg;2;9731 BX;GRONINGEN;0014;GRONINGEN;Openbaar;0503210515;www.topsporttalentschoolgroningen.nl;VBO/MAVO/HAVO/VWO;Melisseweg;2;9731 BX;GRONINGEN;01;Groningen;03;Centraal-Groningen;03;Centraal en westelijk Groningen;03;Overig Groningen;01;Groningen en omstreken;03;Centraal en Westelijk Groningen;Noord
Groningen;42510;20EM;20EM04;H.N. Werkman College, school voor atheneum, havo, mavo en vbo;Kluiverboom;1-A;9732 KZ;GRONINGEN;0014;GRONINGEN;Openbaar;0503210555;www.werkmanvmbo.nl;VBO/MAVO;Kluiverboom;1-A;9732 KZ;GRONINGEN;01;Groningen;03;Centraal-Groningen;03;Centraal en westelijk Groningen;03;Overig Groningen;01;Groningen en omstreken;03;Centraal en Westelijk Groningen;Noord
Groningen;42510;20ER;20ER00;Zernike College voor ATHENEUM HAVO MAVO VBO;Helper Brink;30;9722 EP;GRONINGEN;0014;GRONINGEN;Openbaar;0503210580;www.montessorilyceumgroningen.nl;HAVO/VWO;Postbus;6204;9702 HE;GRONINGEN;01;Groningen;03;Centraal-Groningen;03;Centraal en westelijk Groningen;03;Overig Groningen;01;Groningen en omstreken;03;Centraal en Westelijk Groningen;Noord
Groningen;42510;20ER;20ER04;Zernike College voor Ath Havo Mavo Vbo;Kerklaan;39;9751 NL;HAREN GN;0014;GRONINGEN;Openbaar; ; ;HAVO/VWO;Postbus;6111;9702 HC;GRONINGEN;01;Groningen;03;Centraal-Groningen;03;Centraal en westelijk Groningen;03;Overig Groningen;01;Groningen en omstreken;03;Centraal en Westelijk Groningen;Noord
Groningen;42510;20ER;20ER05;Zernike College voor Atheum Havo Mavo Vbo;Rummerinkhof;8;9751 SL;HAREN GN;0014;GRONINGEN;Openbaar;0504065760; ;BRUGJAAR;Postbus;6111;9702 HC;GRONINGEN;01;Groningen;03;Centraal-Groningen;03;Centraal en westelijk Groningen;03;Overig Groningen;01;Groningen en omstreken;03;Centraal en Westelijk Groningen;Noord
Groningen;42510;20ER;20ER08;Zernike College voor ATHENEUM HAVO MAVO VBO;Van Iddekingeweg;140;9721 CL;GRONINGEN;0014;GRONINGEN;Openbaar;0503210595;www.montessorivaklyceum.nl;VBO/MAVO;Postbus;6111;9702 HC;GRONINGEN;01;Groningen;03;Centraal-Groningen;03;Centraal en westelijk Groningen;03;Overig Groningen;01;Groningen en omstreken;03;Centraal en Westelijk Groningen;Noord
Groningen;42510;20ER;20ER09;Zernike College voor ATHENEUM HAVO MAVO VBO;Vondellaan;83;9721 LD;GRONINGEN;0014;GRONINGEN;Openbaar;0503210590;www.montessorivaklyceum.nl;VBO/MAVO;Postbus;6111;9702 HC;GRONINGEN;01;Groningen;03;Centraal-Groningen;03;Centraal en westelijk Groningen;03;Overig Groningen;01;Groningen en omstreken;03;Centraal en Westelijk Groningen;Noord
Groningen;42534;25GM;25GM00;dr Aletta Jacobs College voor Lyc Havo Mavo Vbo Lwoo;Laan van de Sport;4;9603 TG;HOOGEZAND;1952;MIDDEN-GRONINGEN;Openbaar;0598350250;https://www.aletta.nl/;VBO/MAVO/HAVO/VWO;Postbus;452;9600 AL;HOOGEZAND;03;Hoogezand-Sappemeer;03;Centraal-Groningen;03;Centraal en westelijk Groningen;03;Overig Groningen;01;Groningen en omstreken;03;Centraal en Westelijk Groningen;Noord
Groningen;42534;25GM;25GM02;dr Aletta Jacobs College voor Lyc Havo Mavo Vbo Lwoo;Laan van de Sport;6;9603 TG;HOOGEZAND;1952;MIDDEN-GRONINGEN;Openbaar;0598350250;www.aletta.nl;PRO;Postbus;452;9600 AL;HOOGEZAND;03;Hoogezand-Sappemeer;03;Centraal-Groningen;03;Centraal en westelijk Groningen;03;Overig Groningen;01;Groningen en omstreken;03;Centraal en Westelijk Groningen;Noord
Groningen;42534;25GM;25GM04;dr Aletta Jacobs College voor Lyc Havo Mavo Vbo Lwoo;Laan van de Sport;8;9603 TG;HOOGEZAND;1952;MIDDEN-GRONINGEN;Openbaar;0598350250; ;VBO/MAVO/HAVO/VWO;Postbus;452;9600 AL;HOOGEZAND;03;Hoogezand-Sappemeer;03;Centraal-Groningen;03;Centraal en westelijk Groningen;03;Overig Groningen;01;Groningen en omstreken;03;Centraal en Westelijk Groningen;Noord
Groningen;42590;30JM;30JM00;VO Eemsdelta  praktijkonderwijs;Pastorielaan;4-A;9901 CE;APPINGEDAM;1979;EEMSDELTA;Bijzonder;0596693693;www.vo-eemsdelta.nl;PRO;Postbus;173;9930 AD;DELFZIJL;02;Appingedam/Delfzijl;01;Noord-Groningen;02;Noord-Groningen en Eemsmond;02;Delfzijl en omgeving;01;Groningen en omstreken;02;Noord-Groningen-Eemsmond;Noord
Groningen;42590;30PP;30PP00;VO Eemsdelta voor vwo, havo en vmbo;Pastorielaan;4;9901 CE;APPINGEDAM;1979;EEMSDELTA;Bijzonder;0596693693;www.vo-eemsdelta.nl;VBO/MAVO;Postbus;173;9930 AD;DELFZIJL;02;Appingedam/Delfzijl;01;Noord-Groningen;02;Noord-Groningen en Eemsmond;02;Delfzijl en omgeving;01;Groningen en omstreken;02;Noord-Groningen-Eemsmond;Noord
Groningen;42590;30PP;30PP01;VO Eemsdelta  voor vwo, havo en vmbo;Poststraat;1;9628 AA;SIDDEBUREN;1952;MIDDEN-GRONINGEN;Bijzonder;0186626477; ;VBO/MAVO;Postbus;173;9930 AD;DELFZIJL;03;Hoogezand-Sappemeer;03;Centraal-Groningen;03;Centraal en westelijk Groningen;03;Overig Groningen;01;Groningen en omstreken;03;Centraal en Westelijk Groningen;Noord
Groningen;42590;30PP;30PP02;VO Eemsdelta  voor vwo, havo en vmbo;Sikkel;3;9932 BD;DELFZIJL;1979;EEMSDELTA;Bijzonder;0596693693;www.vo-eemsdelta.nl;BRUGJAAR;Postbus;173;9930 AD;DELFZIJL;02;Appingedam/Delfzijl;01;Noord-Groningen;02;Noord-Groningen en Eemsmond;02;Delfzijl en omgeving;01;Groningen en omstreken;02;Noord-Groningen-Eemsmond;Noord
Groningen;42590;30PP;30PP04;VO Eemsdelta  voor vwo, havo  en vmbo;Pastorielaan;4-D;9901 CE;APPINGEDAM;1979;EEMSDELTA;Bijzonder;0596693693;www.vo-eemsdelta.nl;HAVO/VWO;Postbus;173;9930 AD;DELFZIJL;02;Appingedam/Delfzijl;01;Noord-Groningen;02;Noord-Groningen en Eemsmond;02;Delfzijl en omgeving;01;Groningen en omstreken;02;Noord-Groningen-Eemsmond;Noord
Groningen;42880;16ZK;16ZK00;Hogeland College voor Ath Havo Mavo Vbo Lwoo;A.G. Bellstraat;2;9989 AT;WARFFUM;1966;HET HOGELAND;Openbaar;0595425005;www.hogeland.nl;VBO/HAVO/VWO;Postbus;10;9989 ZG;WARFFUM;01;Groningen;01;Noord-Groningen;02;Noord-Groningen en Eemsmond;03;Overig Groningen;01;Groningen en omstreken;02;Noord-Groningen-Eemsmond;Noord
Groningen;42880;16ZK;16ZK01;Hogeland College voor Ath Havo Mavo Vbo Lwoo;Meeden;35;9951 HX;WINSUM GN;1966;HET HOGELAND;Openbaar;0595571605; ;VBO/MAVO;Postbus;10;9989 ZG;WARFFUM;01;Groningen;01;Noord-Groningen;02;Noord-Groningen en Eemsmond;03;Overig Groningen;01;Groningen en omstreken;02;Noord-Groningen-Eemsmond;Noord
Groningen;42880;16ZK;16ZK02;Hogeland College voor Ath Havo Mavo Vbo Lwoo;Sportlaan;2;9981 JZ;UITHUIZEN;1966;HET HOGELAND;Openbaar;0595431236; ;VBO/MAVO;Postbus;10;9989 ZG;WARFFUM;01;Groningen;01;Noord-Groningen;02;Noord-Groningen en Eemsmond;03;Overig Groningen;01;Groningen en omstreken;02;Noord-Groningen-Eemsmond;Noord
Groningen;42880;16ZK;16ZK03;Hogeland College voor Ath Havo Mavo Vbo Lwoo;A.G. Bellstraat;14;9989 AT;WARFFUM;1966;HET HOGELAND;Overige; ; ;HAVO/VWO; ; ; ; ;01;Groningen;01;Noord-Groningen;02;Noord-Groningen en Eemsmond;03;Overig Groningen;01;Groningen en omstreken;02;Noord-Groningen-Eemsmond;Noord
Limburg;40619;23HH;23HH00;Praktijkonderwijs Roermond;Heinsbergerweg;192;6045 CL;ROERMOND;0957;ROERMOND;Bijzonder;0475323437;www.pro-roermond.nl;PRO;Heinsbergerweg;192;6045 CL;ROERMOND;77;Roermond;31;Roermond;39;Midden-Limburg;38;Midden-Limburg;24;Roermond en omstreken;38;Gewest Limburg-Noord;Zuid
Limburg;40842;01GN;01GN00;Valuascollege Lyc Ath Havo Mavo Vbo Lwoo;Hogeweg;24;5911 EB;VENLO;0983;VENLO;Bijzonder;0773590400;www.valuascollege.nl;VBO/MAVO/HAVO/VWO;Postbus;321;5900 AH;VENLO;76;Venlo;29;Noord-Limburg;38;Noord-Limburg;37;Noord-Limburg;23;Noord-Limburg;38;Gewest Limburg-Noord;Zuid
Limburg;40842;16XD;16XD00;College Den Hulster Scholengemeenschap voor ATH HAVO MAVO VBO LWOO;Hagerhofweg;15;5912 PN;VENLO;0983;VENLO;Bijzonder;0773590300;www.denhulster.nl;VBO/MAVO/HAVO/VWO;Postbus;60;5900 AB;VENLO;76;Venlo;29;Noord-Limburg;38;Noord-Limburg;37;Noord-Limburg;23;Noord-Limburg;38;Gewest Limburg-Noord;Zuid
Limburg;40842;19HR;19HR00;Blariacumcollege Scholengemeenschap voor Lyceum Havo Mavo Vbo Lwoo;Drie Decembersingel;40;5922 BD;VENLO;0983;VENLO;Bijzonder;0773590200;www.blariacum.nl;VBO/MAVO/HAVO/VWO;Postbus;457;5900 AL;VENLO;76;Venlo;29;Noord-Limburg;38;Noord-Limburg;37;Noord-Limburg;23;Noord-Limburg;38;Gewest Limburg-Noord;Zuid
Limburg;40996;01MO;01MO00;Atheneum van de Trevianum Scholengroep;Bradleystraat;25;6135 CV;SITTARD;1883;SITTARD-GELEEN;Bijzonder;0464206900;www.trevianum.nl;VWO;Postbus;211;6130 AE;SITTARD;78;Sittard;32;Westelijke Mijnstreek;40;Westelijke Mijnstreek;39;Zuid-Limburg;25;Zuid-Limburg;39;Gewest Zuid-Limburg;Zuid
Limburg;40996;04DS;04DS00;Gymnasium van de Trevianum Scholengroep;Bradleystraat;25;6135 CV;SITTARD;1883;SITTARD-GELEEN;Bijzonder;0464206900;www.trevianum.nl;VWO;Postbus;211;6130 AE;SITTARD;78;Sittard;32;Westelijke Mijnstreek;40;Westelijke Mijnstreek;39;Zuid-Limburg;25;Zuid-Limburg;39;Gewest Zuid-Limburg;Zuid
Limburg;40996;07BQ;07BQ00;HAVO van de Trevianum Scholengroep;Bradleystraat;25;6135 CV;SITTARD;1883;SITTARD-GELEEN;Bijzonder;0464206900;www.trevianum.nl;HAVO;Postbus;211;6130 AE;SITTARD;78;Sittard;32;Westelijke Mijnstreek;40;Westelijke Mijnstreek;39;Zuid-Limburg;25;Zuid-Limburg;39;Gewest Zuid-Limburg;Zuid
Limburg;41100;01OE;01OE57;Yuverta;Spoorweg;8;5963 NJ;HEGELSOM;1507;HORST AAN DE MAAS;Bijzonder;0773981620;yuverta.nl/vmbohorst;VBO/MAVO;Postbus;6214;5960 AE;HORST;76;Venlo;29;Noord-Limburg;38;Noord-Limburg;37;Noord-Limburg;23;Noord-Limburg;38;Gewest Limburg-Noord;Zuid
Limburg;41100;01OE;01OE58;Yuverta;Jagerstraat;6;6042 KA;ROERMOND;0957;ROERMOND;Bijzonder; ;yuverta.nl/vmboroermond;VBO/MAVO;Postbus;1050;6040 KB;ROERMOND;77;Roermond;31;Roermond;39;Midden-Limburg;38;Midden-Limburg;24;Roermond en omstreken;38;Gewest Limburg-Noord;Zuid
Limburg;41100;01OE;01OE59;Yuverta;Heldevierlaan;12;6415 SB;HEERLEN;0917;HEERLEN;Bijzonder;0455700888;yuverta.nl/vmboheerlen;VBO/MAVO;Heldevierlaan;12;6415 SB;HEERLEN;79;Heerlen;33;Parkstad Limburg;41;Oostelijk Zuid-Limburg;39;Zuid-Limburg;25;Zuid-Limburg;39;Gewest Zuid-Limburg;Zuid
Limburg;41100;01OE;01OE60;Yuverta;Past van der Steenstraat;5;6031 EB;NEDERWEERT;0946;NEDERWEERT;Bijzonder;0495632130;yuverta.nl/mavonederweert;VBO/MAVO;Postbus;2709;6030 AA;NEDERWEERT;75;Weert;30;Weert;39;Midden-Limburg;38;Midden-Limburg;22;Zuidoost-Noord-Brabant;38;Gewest Limburg-Noord;Zuid
Limburg;41203;03XF;03XF00;Mundium College voor vwo, havo, mavo, vbo en lwoo;Heinsbergerweg;184;6045 CK;ROERMOND;0957;ROERMOND;Bijzonder;0475345700;www.roer.college;VBO/MAVO/HAVO/VWO;Heinsbergerweg;184;6045 CK;ROERMOND;77;Roermond;31;Roermond;39;Midden-Limburg;38;Midden-Limburg;24;Roermond en omstreken;38;Gewest Limburg-Noord;Zuid
Limburg;41203;03XF;03XF04;Mundium College SGM v lyc havo mavo lwoo, locatie Wings;Oranjelaan;300;6043 GL;ROERMOND;0957;ROERMOND;Bijzonder;0475345800;www.wingsroermond.nl;VBO/MAVO/HAVO/VWO;Postbus;2136;6040 CA;ROERMOND;77;Roermond;31;Roermond;39;Midden-Limburg;38;Midden-Limburg;24;Roermond en omstreken;38;Gewest Limburg-Noord;Zuid
Limburg;41203;03XF;03XF05;Mundium College SGM v LYC HAVO MAVO LWOO locatie NT-2;Jagerstraat;2;6042 KA;ROERMOND;0957;ROERMOND;Bijzonder;0475453618;www.nt2mundium.nl;BRUGJAAR;Postbus;1232;6040 KE;ROERMOND;77;Roermond;31;Roermond;39;Midden-Limburg;38;Midden-Limburg;24;Roermond en omstreken;38;Gewest Limburg-Noord;Zuid
Limburg;41203;14PS;14PS00;Bisschop College Broekhin voor Lyceum Havo Mavo Vbo;Bob Boumanstraat;30;6042 EH;ROERMOND;0957;ROERMOND;Bijzonder;0475346666;www.broekhin.nl;VBO/MAVO/HAVO/VWO;Bob Boumanstraat;30-32;6042 EH;ROERMOND;77;Roermond;31;Roermond;39;Midden-Limburg;38;Midden-Limburg;24;Roermond en omstreken;38;Gewest Limburg-Noord;Zuid
Limburg;41203;14PS;14PS03;Bisschop College Broekhin Reuver voor Lyceum Havo Mavo Vbo - locatie Grescollege;Keulseweg;36;5953 HL;REUVER;0889;BEESEL;Bijzonder;0774741802;www.grescollege.nl;VBO/MAVO/HAVO/VWO;Keulseweg;36;5953 HL;REUVER;76;Venlo;29;Noord-Limburg;38;Noord-Limburg;37;Noord-Limburg;23;Noord-Limburg;38;Gewest Limburg-Noord;Zuid
Limburg;41203;16PE;16PE00;Connect College voor vwo havo mavo vbo en lwoo;Populierlaan;1;6101 BA;ECHT;1711;ECHT-SUSTEREN;Bijzonder;0475416111;www.connectcollege.nl;VBO/MAVO/HAVO/VWO;Postbus;38;6100 AA;ECHT;77;Roermond;31;Roermond;39;Midden-Limburg;38;Midden-Limburg;24;Roermond en omstreken;38;Gewest Limburg-Noord;Zuid
Limburg;41203;16PE;16PE01;Connect College;Maasbrachterweg;22;6101 XX;ECHT;1711;ECHT-SUSTEREN;Bijzonder;0475416113;www.connectcollege.nl;VBO/MAVO/HAVO/VWO;Postbus;38;6100 AA;ECHT;77;Roermond;31;Roermond;39;Midden-Limburg;38;Midden-Limburg;24;Roermond en omstreken;38;Gewest Limburg-Noord;Zuid
Limburg;41203;17GT;17GT00;Rooms Katholieke Scholengemeenschap St Ursula voor Vwo Havo Vmbo Lwoo;Bergerweg;21;6085 AS;HORN;1640;LEUDAL;Bijzonder;0475582121;www.ursula.nl;VBO/MAVO/HAVO/VWO;Postbus;4728;6085 ZG;HORN;77;Roermond;31;Roermond;39;Midden-Limburg;38;Midden-Limburg;24;Roermond en omstreken;38;Gewest Limburg-Noord;Zuid
Limburg;41203;17GT;17GT02;Rooms katholieke Scholengemeenschap St Ursula voor Vwo Havo Vmbo Lwoo;Tienderweg;101;6093 EN;HEYTHUYSEN;1640;LEUDAL;Bijzonder;0475492088; ;VBO/MAVO/HAVO/VWO;Postbus;4728;6085 ZG;HORN;77;Roermond;31;Roermond;39;Midden-Limburg;38;Midden-Limburg;24;Roermond en omstreken;38;Gewest Limburg-Noord;Zuid
Limburg;41211;17HN;17HN02;Mezzo Scholen voor vwo, havo en vmbo, locatie Mezzo Elzendaal Gennep;Stiemensweg;40;6591 MD;GENNEP;0907;GENNEP;Bijzonder;0485511813;www.mezzoscholen.nl;VBO/MAVO;Postbus;574;5000 AN;TILBURG;30;Nijmegen;29;Noord-Limburg;38;Noord-Limburg;37;Noord-Limburg;11;Oostelijk Maas-Waalgebied;38;Gewest Limburg-Noord;Zuid
Limburg;41285;02ST;02ST04;Kandinsky College voor Lyc Havo Mavo Vbo Lwoo;Singel;124;6584 BK;MOLENHOEK;0944;MOOK EN MIDDELAAR;Bijzonder;0243584186;www.kandinskymolenhoek.nl;VBO/MAVO;Postbus;6618;6503 GC;NIJMEGEN;30;Nijmegen;13;Nijmegen;14;Arnhem/Nijmegen;37;Noord-Limburg;11;Oostelijk Maas-Waalgebied;40;Rijk van Nijmegen;Zuid
Limburg;41391;01GL;01GL00;Sophianum Scholengemeenschap in het Heuvelland;Landsraderweg;3;6271 NT;GULPEN;1729;GULPEN-WITTEM;Bijzonder;0434505310;www.sophianum.nl;VBO/MAVO/HAVO/VWO;Landsraderweg;3;6271 NT;GULPEN;80;Maastricht;34;Maastricht Mergelland;42;Maastricht en Mergelland;39;Zuid-Limburg;25;Zuid-Limburg;39;Gewest Zuid-Limburg;Zuid
Limburg;41391;02DF;02DF00;Grotiuscollege Stedelijke Scholengemeenschap voor Lyceum Havo Mavo;Akerstraat;117;6417 BM;HEERLEN;0917;HEERLEN;Openbaar;0455713952;www.grotius.nl;MAVO/HAVO/VWO;Postbus;189;6430 AD;HOENSBROEK;79;Heerlen;33;Parkstad Limburg;41;Oostelijk Zuid-Limburg;39;Zuid-Limburg;25;Zuid-Limburg;39;Gewest Zuid-Limburg;Zuid
Limburg;41391;02DF;02DF01;Grotiuscollege Stedelijke Scholengemeenschap voor Lyceum Havo Mavo;Drieschstraat;1;6412 XX;HEERLEN;0917;HEERLEN;Openbaar; ; ;MAVO/HAVO/VWO;Postbus;143;6130 AC;SITTARD;79;Heerlen;33;Parkstad Limburg;41;Oostelijk Zuid-Limburg;39;Zuid-Limburg;25;Zuid-Limburg;39;Gewest Zuid-Limburg;Zuid
Limburg;41391;02IB;02IB00;DaCapo College locatie Havikstraat voor Mavo Vbo Lwoo;Havikstraat;5;6135 ED;SITTARD;1883;SITTARD-GELEEN;Bijzonder;0467820800;https://dacapokijktnaarmij.nl;VBO/MAVO;Havikstraat;5;6135 ED;SITTARD;78;Sittard;32;Westelijke Mijnstreek;40;Westelijke Mijnstreek;39;Zuid-Limburg;25;Zuid-Limburg;39;Gewest Zuid-Limburg;Zuid
Limburg;41391;02IB;02IB05;DaCapo College voor Mavo Vmbo Lwoo locatie EOA;Einighauserweg;25;6163 AK;GELEEN;1883;SITTARD-GELEEN;Bijzonder;0467820700; ;BRUGJAAR;Havikstraat;5;6135 ED;SITTARD;78;Sittard;32;Westelijke Mijnstreek;40;Westelijke Mijnstreek;39;Zuid-Limburg;25;Zuid-Limburg;39;Gewest Zuid-Limburg;Zuid
Limburg;41391;02IB;02IB07;DaCapo College voor Mavo Vmbo Lwoo locatie Milaanstraat;Milaanstraat;125;6135 LH;SITTARD;1883;SITTARD-GELEEN;Bijzonder;0467820750;https://dacapokijktnaarmij.nl/;VBO/MAVO;Havikstraat;5;6135 ED;SITTARD;78;Sittard;32;Westelijke Mijnstreek;40;Westelijke Mijnstreek;39;Zuid-Limburg;25;Zuid-Limburg;39;Gewest Zuid-Limburg;Zuid
Limburg;41391;02ZR;02ZR00;Het College voor Lyc Havo Mavo Vbo lwoo;Parklaan;1-A;6006 NT;WEERT;0988;WEERT;Bijzonder;0495657740;www.college.nl;VBO/MAVO/HAVO/VWO;Postbus;69;6000 AB;WEERT;75;Weert;30;Weert;39;Midden-Limburg;38;Midden-Limburg;22;Zuidoost-Noord-Brabant;38;Gewest Limburg-Noord;Zuid
Limburg;41391;02ZR;02ZR03;Het College Scholengemeenschap voor Lyceum Havo Mavo Vbo Lwoo loc. Het Kwadrant;Thornstraat;7;6004 JP;WEERT;0988;WEERT;Bijzonder;0495513666;www.college.nl;VBO/MAVO;Thornstraat;7;6004 JP;WEERT;75;Weert;30;Weert;39;Midden-Limburg;38;Midden-Limburg;22;Zuidoost-Noord-Brabant;38;Gewest Limburg-Noord;Zuid
Limburg;41391;02ZR;02ZR06;Het College voor Lyc Havo Mavo Vbo lwoo;Kazernelaan;101;6006 SP;WEERT;0988;WEERT;Bijzonder; ; ;BRUGJAAR;Postbus;69;6000 AB;WEERT;75;Weert;30;Weert;39;Midden-Limburg;38;Midden-Limburg;22;Zuidoost-Noord-Brabant;38;Gewest Limburg-Noord;Zuid
Limburg;41391;05FJ;05FJ00;Emmacollege voor Mavo Kbl en BBL;De Weggebekker;1;6413 NR;HEERLEN;0917;HEERLEN;Bijzonder;0455224040;www.emma-lvo.nl;VBO/MAVO;Postbus;189;6430 AD;HOENSBROEK;79;Heerlen;33;Parkstad Limburg;41;Oostelijk Zuid-Limburg;39;Zuid-Limburg;25;Zuid-Limburg;39;Gewest Zuid-Limburg;Zuid
Limburg;41391;05FJ;05FJ01;Emmacollege voor Havo Mavo Vbo Lwoo locatie Broekland;Polderstraat;4;6431 LE;HOENSBROEK;0917;HEERLEN;Bijzonder;0455213675;www.broekland-lvo.nl;VBO/MAVO/HAVO;Postbus;189;6430 AD;HOENSBROEK;79;Heerlen;33;Parkstad Limburg;41;Oostelijk Zuid-Limburg;39;Zuid-Limburg;25;Zuid-Limburg;39;Gewest Zuid-Limburg;Zuid
Limburg;41391;05FJ;05FJ11;Emmacollege voor Havo Mavo Vbo Lwoo;Schandelermolenweg;21;6415 GG;HEERLEN;0917;HEERLEN;Bijzonder;0880272600;www.tcpl.nl;VBO;Postbus;189;6430 AD;HOENSBROEK;79;Heerlen;33;Parkstad Limburg;41;Oostelijk Zuid-Limburg;39;Zuid-Limburg;25;Zuid-Limburg;39;Gewest Zuid-Limburg;Zuid
Limburg;41391;05FJ;05FJ12;Emmacollege voor Havo Mavo Vbo Lwoo;Putgraaf;188;6411 GT;HEERLEN;0917;HEERLEN;Bijzonder;0455213505;www.isk-emma.nl;BRUGJAAR;De Weggebekker;1;6413 NR;HEERLEN;79;Heerlen;33;Parkstad Limburg;41;Oostelijk Zuid-Limburg;39;Zuid-Limburg;25;Zuid-Limburg;39;Gewest Zuid-Limburg;Zuid
Limburg;41391;05GV;05GV00;DaCapo-College Einighauserweg;Einighauserweg;25;6163 AK;GELEEN;1883;SITTARD-GELEEN;Bijzonder;0467820700; ;PRO;Havikstraat;5;6135 ED;SITTARD;78;Sittard;32;Westelijke Mijnstreek;40;Westelijke Mijnstreek;39;Zuid-Limburg;25;Zuid-Limburg;39;Gewest Zuid-Limburg;Zuid
Limburg;41391;16SL;16SL00;Sint-Janscollege voor Vwo Havo;Amstenraderweg;122;6431 EN;HOENSBROEK;0917;HEERLEN;Bijzonder;0455218666;www.sintjan-lvo.nl;HAVO/VWO;Postbus;189;6430 AD;HOENSBROEK;79;Heerlen;33;Parkstad Limburg;41;Oostelijk Zuid-Limburg;39;Zuid-Limburg;25;Zuid-Limburg;39;Gewest Zuid-Limburg;Zuid
Limburg;41391;18DD;18DD00;Scholengemeenschap Philips van Horne voor LYC HAVO MAVO VBO LWOO;Herenstraat;298;6004 XL;WEERT;0988;WEERT;Bijzonder;0495431030;www.pvanhorne.nl;VBO/MAVO/HAVO/VWO;Postbus;190;6000 AD;WEERT;75;Weert;30;Weert;39;Midden-Limburg;38;Midden-Limburg;22;Zuidoost-Noord-Brabant;38;Gewest Limburg-Noord;Zuid
Limburg;41391;18DD;18DD02;Scholengemeenschap Philips van Horne voor Lyc Havo Mavo Vbo Lwoo loc. Kwadrant;Thornstraat;7;6004 JP;WEERT;0988;WEERT;Bijzonder;0495513666;www.hetkwadrant.nl;VBO/MAVO/PRO;Thornstraat;7;6004 JP;WEERT;75;Weert;30;Weert;39;Midden-Limburg;38;Midden-Limburg;22;Zuidoost-Noord-Brabant;38;Gewest Limburg-Noord;Zuid
Limburg;41391;18DO;18DO00;Compass College voor Atheneum Havo en Mavo;Schoolstraat;16;6443 BT;BRUNSSUM;0899;BRUNSSUM;Bijzonder;0455258616;www.compass-lvo.nl;MAVO/HAVO/VWO;Postbus;2780;6401 DG;HEERLEN;79;Heerlen;33;Parkstad Limburg;41;Oostelijk Zuid-Limburg;39;Zuid-Limburg;25;Zuid-Limburg;39;Gewest Zuid-Limburg;Zuid
Limburg;41391;18DO;18DO02;Compass College voor Atheneum Havo en Mavo locatie Vrijeschool Parkstad;Nieuw-Eyckholt;300;6419 DJ;HEERLEN;0917;HEERLEN;Bijzonder;0455742941;www.vrijeschoolparkstad.nl;MAVO/HAVO/VWO;Nieuw-Eyckholt;300;6419 DJ;HEERLEN;79;Heerlen;33;Parkstad Limburg;41;Oostelijk Zuid-Limburg;39;Zuid-Limburg;25;Zuid-Limburg;39;Gewest Zuid-Limburg;Zuid
Limburg;41391;19PV;19PV00;Graaf Huyn College voor LYC HAVO MAVO VBO LWOO;Jos Klijnenlaan;683;6164 AP;GELEEN;1883;SITTARD-GELEEN;Bijzonder;0464236400;www.ghc.nl;VBO/MAVO/HAVO/VWO;Jos Klijnenlaan;683;6164 AP;GELEEN;78;Sittard;32;Westelijke Mijnstreek;40;Westelijke Mijnstreek;39;Zuid-Limburg;25;Zuid-Limburg;39;Gewest Zuid-Limburg;Zuid
Limburg;41391;20IS;20IS00;Stella Maris College voor Lyc Havo Mavo Vbo Lwoo;Parallelweg;56;6231 CJ;MEERSSEN;0938;MEERSSEN;Bijzonder;0433586100;www.stellamariscollege.nl;VBO/MAVO/HAVO/VWO;Parallelweg;56;6231 CJ;MEERSSEN;80;Maastricht;34;Maastricht Mergelland;42;Maastricht en Mergelland;39;Zuid-Limburg;25;Zuid-Limburg;39;Gewest Zuid-Limburg;Zuid
Limburg;41391;20KA;20KA00;Scholengemeenschap Groenewald voor Vmbo Havo VWO;Kinskystraat;15;6171 LX;STEIN;0971;STEIN;Bijzonder;0464332820;www.groenewald.nl;VBO/MAVO/HAVO/VWO;Postbus;6;6170 AA;STEIN;78;Sittard;32;Westelijke Mijnstreek;40;Westelijke Mijnstreek;39;Zuid-Limburg;25;Zuid-Limburg;39;Gewest Zuid-Limburg;Zuid
Limburg;41391;20LL;20LL00;Bouwens van der Boije College voor Lyceum Havo Mavo Lwoo Vbo;Min. Calsstraat;10;5981 VT;PANNINGEN;1894;PEEL EN MAAS;Bijzonder;0773068888;www.hetbouwens.nl;VBO/MAVO/HAVO/VWO;Postbus;7191;5980 AD;PANNINGEN;76;Venlo;29;Noord-Limburg;38;Noord-Limburg;37;Noord-Limburg;23;Noord-Limburg;38;Gewest Limburg-Noord;Zuid
Limburg;41391;25FY;25FY00;Raayland College RK SGM v Gymn Ath Havo Mavo Vmbo Pro;Leunseweg;6;5802 CH;VENRAY;0984;VENRAY;Bijzonder;0478551155;www.raayland.nl;VBO/MAVO/HAVO/VWO/PRO;Postbus;166;5800 AD;VENRAY;76;Venlo;29;Noord-Limburg;38;Noord-Limburg;37;Noord-Limburg;23;Noord-Limburg;38;Gewest Limburg-Noord;Zuid
Limburg;41391;25GF;25GF00;Dendroncollege RK SGM v Lyc Havo Mavo Vbo Lwoo;Gebr. van Doornelaan;124;5961 BE;HORST;1507;HORST AAN DE MAAS;Bijzonder;0773970880;www.dendron.nl;VBO/MAVO/HAVO/VWO;Postbus;6032;5960 AA;HORST;76;Venlo;29;Noord-Limburg;38;Noord-Limburg;37;Noord-Limburg;23;Noord-Limburg;38;Gewest Limburg-Noord;Zuid
Limburg;41391;25GF;25GF01;Dendroncollege RK SGM v Lyc Havo Mavo Vbo Lwoo;Gebr. van Doornelaan;124;5961 BE;HORST;1507;HORST AAN DE MAAS;Bijzonder;0773970880; ;BRUGJAAR;Postbus;6032;5960 AA;HORST;76;Venlo;29;Noord-Limburg;38;Noord-Limburg;37;Noord-Limburg;23;Noord-Limburg;38;Gewest Limburg-Noord;Zuid
Limburg;41391;26HL;26HL00;Terra Nigra Praktijkonderwijs;Terra nigrastraat;5;6216 BK;MAASTRICHT;0935;MAASTRICHT;Bijzonder;0433621079;www.terranigra.nl;PRO;Terra nigrastraat;5;6216 BK;MAASTRICHT;80;Maastricht;34;Maastricht Mergelland;42;Maastricht en Mergelland;39;Zuid-Limburg;25;Zuid-Limburg;39;Gewest Zuid-Limburg;Zuid
Limburg;41391;27VG;27VG00;Porta Mosana College Vwo Havo Mavo Vbo;Oude Molenweg;130;6228 XW;MAASTRICHT;0935;MAASTRICHT;Openbaar;0432410410;www.uwcmaastricht.nl;VBO/MAVO/HAVO/VWO;Postbus;4050;6202 RB;MAASTRICHT;80;Maastricht;34;Maastricht Mergelland;42;Maastricht en Mergelland;39;Zuid-Limburg;25;Zuid-Limburg;39;Gewest Zuid-Limburg;Zuid
Limburg;41391;27VG;27VG01;Porta Mosana College Vwo Havo Mavo Vbo locatie Avenir College;Bemelerweg;1;6226 NE;MAASTRICHT;0935;MAASTRICHT;Openbaar;0433526868;www.vmbomaastricht.nl;VBO/MAVO;Bemelerweg;1;6226 NE;MAASTRICHT;80;Maastricht;34;Maastricht Mergelland;42;Maastricht en Mergelland;39;Zuid-Limburg;25;Zuid-Limburg;39;Gewest Zuid-Limburg;Zuid
Limburg;41391;27VG;27VG04;Porta Mosana College Vwo Havo Mavo Vbo loc. United World College Maastricht;Discusworp;65;6225 XP;MAASTRICHT;0935;MAASTRICHT;Openbaar;0432410410;www.uwcmaastricht.nl;VBO/MAVO/HAVO/VWO;Postbus;1187;6201 BD;MAASTRICHT;80;Maastricht;34;Maastricht Mergelland;42;Maastricht en Mergelland;39;Zuid-Limburg;25;Zuid-Limburg;39;Gewest Zuid-Limburg;Zuid
Limburg;41391;27ZH;27ZH00;Sint-Maartenscollege;Noormannensingel;50;6224 BW;MAASTRICHT;0935;MAASTRICHT;Bijzonder;0433526868;www.vmbomaastricht.nl;VBO/MAVO/HAVO/VWO;Bemelerweg;1;6226 NE;MAASTRICHT;80;Maastricht;34;Maastricht Mergelland;42;Maastricht en Mergelland;39;Zuid-Limburg;25;Zuid-Limburg;39;Gewest Zuid-Limburg;Zuid
Limburg;41391;27ZH;27ZH03;Sint-Maartenscollege;Bemelergrubbe;2;6226 NK;MAASTRICHT;0935;MAASTRICHT;Bijzonder;0882241188;www.novocollege.nl;BRUGJAAR;Bemelerweg;1;6226 NE;MAASTRICHT;80;Maastricht;34;Maastricht Mergelland;42;Maastricht en Mergelland;39;Zuid-Limburg;25;Zuid-Limburg;39;Gewest Zuid-Limburg;Zuid
Limburg;41391;27ZJ;27ZJ00;Bonnefantencollege;Bemelergrubbe;2;6226 NK;MAASTRICHT;0935;MAASTRICHT;Bijzonder;0433541234;www.bonnefantencollege.nl;VBO/MAVO/HAVO/VWO;Eenhoornsingel;100;6216 CW;MAASTRICHT;80;Maastricht;34;Maastricht Mergelland;42;Maastricht en Mergelland;39;Zuid-Limburg;25;Zuid-Limburg;39;Gewest Zuid-Limburg;Zuid
Limburg;41391;27ZJ;27ZJ02;Bonnefantencollege;Nijverheidsweg;25;6227 AL;MAASTRICHT;0935;MAASTRICHT;Bijzonder;0433540377;www.blvs.nl;VBO/MAVO/HAVO/VWO;Postbus;143;6130 AC;SITTARD;80;Maastricht;34;Maastricht Mergelland;42;Maastricht en Mergelland;39;Zuid-Limburg;25;Zuid-Limburg;39;Gewest Zuid-Limburg;Zuid
Limburg;41391;31TG;31TG00;Openbaar Buurtcollege Maas en Peel voor mavo, havo en vwo;Piushof;87;5981 VW;PANNINGEN;1894;PEEL EN MAAS;Openbaar; ;www.buurtcollegemaasenpeel.nl;MAVO/HAVO/VWO;Postbus;143;6130 AC;SITTARD;76;Venlo;29;Noord-Limburg;38;Noord-Limburg;37;Noord-Limburg;23;Noord-Limburg;38;Gewest Limburg-Noord;Zuid
Limburg;44813;17UX;17UX00;Wildveld;Roerdompstraat;5;5912 BR;VENLO;0983;VENLO;Algemeen bijzonder;0773542450;www.ogbuitengewoon.nl/wildveld;PRO;Roerdompstraat;5;5912 BR;VENLO;76;Venlo;29;Noord-Limburg;38;Noord-Limburg;37;Noord-Limburg;23;Noord-Limburg;38;Gewest Limburg-Noord;Zuid
Limburg;57990;32DA;32DA00;Het Martin Buber;Marktstraat;6;6461 CX;KERKRADE;0928;KERKRADE;Openbaar;0618736513;www.hetmartinbuber.nl;MAVO/HAVO/VWO;Marktstraat;6;6461 CX;KERKRADE;79;Heerlen;33;Parkstad Limburg;41;Oostelijk Zuid-Limburg;39;Zuid-Limburg;25;Zuid-Limburg;39;Gewest Zuid-Limburg;Zuid
Limburg;58997;32EA;32EA00;Montessori College Maastricht voor Atheneum en Gymnasium;Wilhelminasingel;80;6221 BL;MAASTRICHT;0935;MAASTRICHT;Bijzonder; ;www.montessoricollegemaastricht.nl;MAVO/VWO;Wilhelminasingel;80;6221 BL;MAASTRICHT;80;Maastricht;34;Maastricht Mergelland;42;Maastricht en Mergelland;39;Zuid-Limburg;25;Zuid-Limburg;39;Gewest Zuid-Limburg;Zuid
Limburg;99048;13FB;13FB00;Katholieke School voor Praktijkonderwijs;Sittarderweg;75;6412 CC;HEERLEN;0917;HEERLEN;Bijzonder;0455615555;www.katholiekeschoolvoorpraktijkonderwijs.nl;PRO;Postbus;31076;6370 AB;LANDGRAAF;79;Heerlen;33;Parkstad Limburg;41;Oostelijk Zuid-Limburg;39;Zuid-Limburg;25;Zuid-Limburg;39;Gewest Zuid-Limburg;Zuid
Limburg;99048;16VM;16VM00;Herlecollege Scholengemeenschap voor Vmbo;Heldevierlaan;5;6415 SB;HEERLEN;0917;HEERLEN;Bijzonder;0455721010;www.bcpl.nl;VBO/MAVO;Postbus;31076;6370 AB;LANDGRAAF;79;Heerlen;33;Parkstad Limburg;41;Oostelijk Zuid-Limburg;39;Zuid-Limburg;25;Zuid-Limburg;39;Gewest Zuid-Limburg;Zuid
Limburg;99048;16VM;16VM04;Herle College Scholengemeenschap voor Mavo Vbo Lwoo;Mgr. Schrijnenstraat;20;6417 XZ;HEERLEN;0917;HEERLEN;Bijzonder;0455717532; ;VBO/MAVO;Postbus;31076;6370 AB;LANDGRAAF;79;Heerlen;33;Parkstad Limburg;41;Oostelijk Zuid-Limburg;39;Zuid-Limburg;25;Zuid-Limburg;39;Gewest Zuid-Limburg;Zuid
Limburg;99048;16VM;16VM07;Herlecollege Scholengemeenschap voor Vmbo;Schandelermolenweg;21;6415 GG;HEERLEN;0917;HEERLEN;Bijzonder;0880272600;www.tcpl.nl;VBO;Postbus;3053;6401 DN;HEERLEN;79;Heerlen;33;Parkstad Limburg;41;Oostelijk Zuid-Limburg;39;Zuid-Limburg;25;Zuid-Limburg;39;Gewest Zuid-Limburg;Zuid
Limburg;99048;17JB;17JB00;Charlemagne College voor VWO (ath.-gymn.), havo, vmbo, vmbo-t, lwoo;Dormansberg;19;6371 XE;LANDGRAAF;0882;LANDGRAAF;Bijzonder;0455315656;www.eijkhagen.nl;VBO/MAVO/HAVO/VWO;Postbus;31012;6370 AA;LANDGRAAF;79;Heerlen;33;Parkstad Limburg;41;Oostelijk Zuid-Limburg;39;Zuid-Limburg;25;Zuid-Limburg;39;Gewest Zuid-Limburg;Zuid
Limburg;99048;17JB;17JB01;Charlemagne College locatie Brandenberg;Graafstraat;10;6371 XS;LANDGRAAF;0882;LANDGRAAF;Bijzonder;0455311962; ;VBO/MAVO;Postbus;31076;6370 AB;LANDGRAAF;79;Heerlen;33;Parkstad Limburg;41;Oostelijk Zuid-Limburg;39;Zuid-Limburg;25;Zuid-Limburg;39;Gewest Zuid-Limburg;Zuid
Limburg;99048;17JB;17JB02;Charlemagne College, locatie Holz;Richerstraat;35;6461 VP;KERKRADE;0928;KERKRADE;Bijzonder;0455473500; ;VBO/MAVO/HAVO;Postbus;31076;6370 AB;LANDGRAAF;79;Heerlen;33;Parkstad Limburg;41;Oostelijk Zuid-Limburg;39;Zuid-Limburg;25;Zuid-Limburg;39;Gewest Zuid-Limburg;Zuid
Limburg;99048;17JB;17JB05;Charlemagne College, locatie Schandelermolenweg;Schandelermolenweg;21;6415 GG;HEERLEN;0917;HEERLEN;Bijzonder; ; ;VBO;Postbus;31076;6370 AB;LANDGRAAF;79;Heerlen;33;Parkstad Limburg;41;Oostelijk Zuid-Limburg;39;Zuid-Limburg;25;Zuid-Limburg;39;Gewest Zuid-Limburg;Zuid
Limburg;99048;19HV;19HV00;VWO van het Bernardinuscollege;Sint Franciscusweg;38;6417 BD;HEERLEN;0917;HEERLEN;Bijzonder;0455740150;www.bernardinuscollege.nl;VWO;Sint Franciscusweg;38;6417 BD;HEERLEN;79;Heerlen;33;Parkstad Limburg;41;Oostelijk Zuid-Limburg;39;Zuid-Limburg;25;Zuid-Limburg;39;Gewest Zuid-Limburg;Zuid
Limburg;99048;19QC;19QC00;School voor Havo Mavo V H Bernardinuscollege;Akerstraat;95;6417 BK;HEERLEN;0917;HEERLEN;Bijzonder;0455740150;www.bernardinuscollege.nl;MAVO/HAVO;Akerstraat;95;6417 BK;HEERLEN;79;Heerlen;33;Parkstad Limburg;41;Oostelijk Zuid-Limburg;39;Zuid-Limburg;25;Zuid-Limburg;39;Gewest Zuid-Limburg;Zuid
Limburg;99048;19XS;19XS00;Sintermeertencollege Scholengemeenschap voor Lyceum Havo Mavo;Valkenburgerweg;219;6419 AT;HEERLEN;0917;HEERLEN;Bijzonder;0455711664;www.sintermeerten.nl/;MAVO/HAVO/VWO;Valkenburgerweg;219;6419 AT;HEERLEN;79;Heerlen;33;Parkstad Limburg;41;Oostelijk Zuid-Limburg;39;Zuid-Limburg;25;Zuid-Limburg;39;Gewest Zuid-Limburg;Zuid
Limburg;99048;19XS;19XS01;Sintermeertencollege Scholengemeenschap voor Lyceum Havo Mavo;Mgr. Schrijnenstraat;20;6417 XZ;HEERLEN;0917;HEERLEN;Bijzonder;0455717532; ;MAVO/HAVO/VWO;Valkenburgerweg;219;6419 AT;HEERLEN;79;Heerlen;33;Parkstad Limburg;41;Oostelijk Zuid-Limburg;39;Zuid-Limburg;25;Zuid-Limburg;39;Gewest Zuid-Limburg;Zuid
Limburg;99048;26KZ;26KZ00;Openbare School voor Praktijkonderwijs;Sittarderweg;75;6412 CC;HEERLEN;0917;HEERLEN;Openbaar;0455615555;www.openbareschoolvoorpraktijkonderwijs.nl;PRO;Postbus;31076;6370 AB;LANDGRAAF;79;Heerlen;33;Parkstad Limburg;41;Oostelijk Zuid-Limburg;39;Zuid-Limburg;25;Zuid-Limburg;39;Gewest Zuid-Limburg;Zuid
Noord-Brabant;13556;02DW;02DW00;Gymnasium Bernrode;Abdijstraat;36;5473 AG;HEESWIJK-DINTHER;1721;BERNHEZE;Bijzonder;0413291342;www.bernrode.nl;VWO;Abdijstraat;36;5473 AG;HEESWIJK-DINTHER;72;Oss;27;Noordoost-Brabant;36;Noordoost-Brabant;35;Noordoost-Noord-Brabant;12;Noord-Noord-Brabant;36;Noord-Oost-Brabant;Zuid
Noord-Brabant;13556;20AJ;20AJ00;Stedelijk Gymnasium;Mercatorplein;2;5223 LL;'S-HERTOGENBOSCH;0796;S HERTOGENBOSCH;Openbaar;0736219068;www.sgdb.nl;VWO;Mercatorplein;2;5223 LL;'S-HERTOGENBOSCH;69;'s-Hertogenbosch;27;Noordoost-Brabant;36;Noordoost-Brabant;35;Noordoost-Noord-Brabant;12;Noord-Noord-Brabant;36;Noord-Oost-Brabant;Zuid
Noord-Brabant;20074;32JH;32JH00;Novum Saeculum Tilburg;Wildstraat;1;5042 WZ;TILBURG;0855;TILBURG;Islamitisch;0685478811;www.novumlyceum.nl;MAVO/HAVO/VWO;Wildstraat;1;5042 WZ;TILBURG;68;Tilburg;26;Midden-Brabant;35;Midden-Brabant;34;Midden-Noord-Brabant;21;Tilburg en omstreken;35;Midden-Brabant;Zuid
Noord-Brabant;20074;32LN;32LN00;Novum Saeculum Breda;Archimedesstraat;2;4816 BB;BREDA;0758;BREDA;Overige;0685478811;www.novumlyceum.nl;MAVO; ; ; ; ;66;Breda;25;West-Brabant;34;West-Brabant;33;West-Noord-Brabant;20;West-Noord-Brabant;34;West-Brabant;Zuid
Noord-Brabant;20190;32KN;32KN00;Sam College;Schoonstraat;34;5384 AP;HEESCH;1721;BERNHEZE;Bijzonder;0412724972;www.samcollege.nl;MAVO;Hertewissel;93;5344 LG;OSS;72;Oss;27;Noordoost-Brabant;36;Noordoost-Brabant;35;Noordoost-Noord-Brabant;12;Noord-Noord-Brabant;36;Noord-Oost-Brabant;Zuid
Noord-Brabant;20216;32KR;32KR00;Bredagora;van Riebeecklaan;2;4818 EB;BREDA;0758;BREDA;Overige; ; ;VWO;van Riebeecklaan;2;4818 EB;BREDA;66;Breda;25;West-Brabant;34;West-Brabant;33;West-Noord-Brabant;20;West-Noord-Brabant;34;West-Brabant;Zuid
Noord-Brabant;26093;00KV;00KV00;KSE (Katholieke Scholengemeenschap Etten-Leur e.o.);Stijn Streuvelslaan;42;4873 EB;ETTEN-LEUR;0777;ETTEN-LEUR;Bijzonder;0765015905;www.k-s-e.nl;MAVO/HAVO/VWO;Postbus;159;4870 AD;ETTEN-LEUR;66;Breda;25;West-Brabant;34;West-Brabant;33;West-Noord-Brabant;20;West-Noord-Brabant;34;West-Brabant;Zuid
Noord-Brabant;26093;06XL;06XL00;Markland Oudenbosch Gymn Ath Havo Mavo Vmbo;Eikenlaan;18;4731 CR;OUDENBOSCH;1655;HALDERBERGE;Bijzonder;0165390390;www.markland.nl;VBO/MAVO/HAVO/VWO;Eikenlaan;18;4731 CR;OUDENBOSCH;65;Roosendaal en Nispen;25;West-Brabant;34;West-Brabant;33;West-Noord-Brabant;20;West-Noord-Brabant;34;West-Brabant;Zuid
Noord-Brabant;26093;30EU;30EU00;Markland Zevenbergen;Vaandelweg;4;4761 BC;ZEVENBERGEN;1709;MOERDIJK;Bijzonder; ;http://zevenbergen.markland.nl;MAVO/HAVO/VWO;Vaandelweg;4;4761 BC;ZEVENBERGEN;65;Roosendaal en Nispen;25;West-Brabant;34;West-Brabant;33;West-Noord-Brabant;20;West-Noord-Brabant;34;West-Brabant;Zuid
Noord-Brabant;29187;03KN;03KN00;Rooms Katholieke SGM Pius X voor Gymnasium Atheneum Havo Mavo Vbo Pro Lwoo;Tuinstraat;1;5531 GK;BLADEL;1728;BLADEL;Bijzonder;0497361261;www.piusx-college.nl;VBO/MAVO/HAVO/VWO/PRO;Postbus;169;5530 AD;BLADEL;70;Eindhoven;28;Zuidoost-Brabant;37;Zuidoost-Brabant;36;Zuidoost-Noord-Brabant;22;Zuidoost-Noord-Brabant;37;Zuidoost-Brabant;Zuid
Noord-Brabant;30725;32KZ;32KZ00;Medina College;Jacob Oppenheimstraat;1;5652 HG;EINDHOVEN;0772;EINDHOVEN;Islamitisch;0850520298;www.medinacollege.nl;MAVO/HAVO;Postbus;1890;5602 CB;EINDHOVEN;70;Eindhoven;28;Zuidoost-Brabant;37;Zuidoost-Brabant;36;Zuidoost-Noord-Brabant;22;Zuidoost-Noord-Brabant;37;Zuidoost-Brabant;Zuid
Noord-Brabant;31087;09VG;09VG00;Reeshof College VMBO, VMBO LWOO;Warmondstraat;240;5036 BV;TILBURG;0855;TILBURG;Bijzonder;0135784770;www.reeshofcollege.nl;VBO/MAVO;Postbus;1330;5004 BH;TILBURG;68;Tilburg;26;Midden-Brabant;35;Midden-Brabant;34;Midden-Noord-Brabant;21;Tilburg en omstreken;35;Midden-Brabant;Zuid
Noord-Brabant;31087;20GD;20GD00;Campus 013, scholengemeenschap voor vbo en mavo, lwoo;Stappegoorweg;185;5022 DD;TILBURG;0855;TILBURG;Bijzonder;0135397040;www.campus013.nl;VBO/MAVO;Postbus;1330;5004 BH;TILBURG;68;Tilburg;26;Midden-Brabant;35;Midden-Brabant;34;Midden-Noord-Brabant;21;Tilburg en omstreken;35;Midden-Brabant;Zuid
Noord-Brabant;31087;20GD;20GD01;Yonder ISK voor vbo en mavo, lwoo;Schout Backstraat;37;5037 MJ;TILBURG;0855;TILBURG;Bijzonder;0135397050;www.yonder.nl;VBO/MAVO;Postbus;1330;5004 BH;TILBURG;68;Tilburg;26;Midden-Brabant;35;Midden-Brabant;34;Midden-Noord-Brabant;21;Tilburg en omstreken;35;Midden-Brabant;Zuid
Noord-Brabant;31087;20GD;20GD03;Yonder ISK voor vbo en mavo, lwoo;Schout Backstraat;37;5037 MJ;TILBURG;0855;TILBURG;Overige;0135397050;www.yonder.nl;VBO/MAVO;Postbus;1330;5004 BH;TILBURG;68;Tilburg;26;Midden-Brabant;35;Midden-Brabant;34;Midden-Noord-Brabant;21;Tilburg en omstreken;35;Midden-Brabant;Zuid
Noord-Brabant;31107;02HI;02HI00;Curio vmbo;Steenspil;46;4661 TZ;HALSTEREN;0748;BERGEN OP ZOOM;Bijzonder;0765048000;www.curio.nl;VBO/MAVO;Postbus;699;4870 AR;ETTEN-LEUR;64;Bergen op Zoom;25;West-Brabant;34;West-Brabant;33;West-Noord-Brabant;20;West-Noord-Brabant;34;West-Brabant;Zuid
Noord-Brabant;31107;02HI;02HI06;Curio vmbo, locatie Curio pomona;Pomonalaan;45;4613 ES;BERGEN OP ZOOM;0748;BERGEN OP ZOOM;Bijzonder;0765048000;www.curio.nl;VBO/MAVO;Postbus;699;4870 AR;ETTEN-LEUR;64;Bergen op Zoom;25;West-Brabant;34;West-Brabant;33;West-Noord-Brabant;20;West-Noord-Brabant;34;West-Brabant;Zuid
Noord-Brabant;31107;02HI;02HI08;Curio isk Bergen op Zoom;Drebbelstraat;20;4622 RC;BERGEN OP ZOOM;0748;BERGEN OP ZOOM;Bijzonder; ;www.curio.nl;VBO/MAVO;Postbus;699;4870 AR;ETTEN-LEUR;64;Bergen op Zoom;25;West-Brabant;34;West-Brabant;33;West-Noord-Brabant;20;West-Noord-Brabant;34;West-Brabant;Zuid
Noord-Brabant;31107;15NY;15NY00;Curio praktijkschool Breda;Frankenthalerstraat;17;4816 KA;BREDA;0758;BREDA;Bijzonder;0765048000;www.curio.nl;PRO;Postbus;699;4870 AR;ETTEN-LEUR;66;Breda;25;West-Brabant;34;West-Brabant;33;West-Noord-Brabant;20;West-Noord-Brabant;34;West-Brabant;Zuid
Noord-Brabant;31107;19XV;19XV00;Curio VO, locatie prinsentuin van cooth vmbo;Tuinzigtlaan;10;4812 XN;BREDA;0758;BREDA;Openbaar;0765048000;www.curio.nl;VBO/MAVO;Postbus;699;4870 AR;ETTEN-LEUR;66;Breda;25;West-Brabant;34;West-Brabant;33;West-Noord-Brabant;20;West-Noord-Brabant;34;West-Brabant;Zuid
Noord-Brabant;31107;19XV;19XV01;Curio VO, locatie Graaf Engelbrecht;Ganzerik;3;4822 RK;BREDA;0758;BREDA;Openbaar;0765048000;www.graafengelbrecht.nl;VBO/MAVO;Postbus;699;4870 AR;ETTEN-LEUR;66;Breda;25;West-Brabant;34;West-Brabant;33;West-Noord-Brabant;20;West-Noord-Brabant;34;West-Brabant;Zuid
Noord-Brabant;31107;19XV;19XV02;Curio VO, locatie Curio de rotonde vmbo;Groene Woud;2;4834 BC;BREDA;0758;BREDA;Openbaar;0765048000;www.curio.nl;VBO/MAVO;Postbus;699;4870 AR;ETTEN-LEUR;66;Breda;25;West-Brabant;34;West-Brabant;33;West-Noord-Brabant;20;West-Noord-Brabant;34;West-Brabant;Zuid
Noord-Brabant;31107;21CY;21CY00;Curio;Trivium;74;4873 LP;ETTEN-LEUR;0777;ETTEN-LEUR;Bijzonder;0765048000;www.curio.nl;BRUGJAAR;Postbus;699;4870 AR;ETTEN-LEUR;66;Breda;25;West-Brabant;34;West-Brabant;33;West-Noord-Brabant;20;West-Noord-Brabant;34;West-Brabant;Zuid
Noord-Brabant;31107;21CY;21CY02;Curio locatie Prinsentuin van Cooth vmbo;Tuinzigtlaan;10;4812 XN;BREDA;0758;BREDA;Bijzonder;0765048000;www.curio.nl;VBO/MAVO;Postbus;699;4870 AR;ETTEN-LEUR;66;Breda;25;West-Brabant;34;West-Brabant;33;West-Noord-Brabant;20;West-Noord-Brabant;34;West-Brabant;Zuid
Noord-Brabant;31107;21CY;21CY03;Curio locatie Prinsentuin Oudenbosch vmbo;Groene Woud;54-A;4731 GV;OUDENBOSCH;1655;HALDERBERGE;Bijzonder;0765048000;www.curio.nl;VBO;Postbus;699;4870 AR;ETTEN-LEUR;65;Roosendaal en Nispen;25;West-Brabant;34;West-Brabant;33;West-Noord-Brabant;20;West-Noord-Brabant;34;West-Brabant;Zuid
Noord-Brabant;31107;21CY;21CY05;Curio locatie Prinsentuin Andel vmbo;Buitenlaan;2;4281 NX;ANDEL;1959;ALTENA;Bijzonder;0765048000;www.curio.nl;VBO;Postbus;699;4870 AR;ETTEN-LEUR;52;Gorinchem;25;West-Brabant;34;West-Brabant;34;Midden-Noord-Brabant;18;Dordrecht-Gorinchem;34;West-Brabant;Midden
Noord-Brabant;31107;25LX;25LX33;Curio locatie Curio scala vmbo;Meulenspie;2;4847 TK;TETERINGEN;0758;BREDA;Bijzonder;0765048000;www.curio.nl;VBO/MAVO;Postbus;699;4870 AR;ETTEN-LEUR;66;Breda;25;West-Brabant;34;West-Brabant;33;West-Noord-Brabant;20;West-Noord-Brabant;34;West-Brabant;Zuid
Noord-Brabant;31107;25LX;25LX41;Curio locatie Curio effent mavo;Kruidenlaan;19;4907 AA;OOSTERHOUT NB;0826;OOSTERHOUT;Bijzonder;0765048000;www.curio.nl;VBO/MAVO;Postbus;699;4870 AR;ETTEN-LEUR;66;Breda;25;West-Brabant;34;West-Brabant;33;West-Noord-Brabant;20;West-Noord-Brabant;34;West-Brabant;Zuid
Noord-Brabant;31107;25LX;25LX48;Curio isk Breda;Verviersstraat;8;4826 HT;BREDA;0758;BREDA;Bijzonder;0765048000;www.curio.nl;VBO/MAVO;Postbus;699;4870 AR;ETTEN-LEUR;66;Breda;25;West-Brabant;34;West-Brabant;33;West-Noord-Brabant;20;West-Noord-Brabant;34;West-Brabant;Zuid
Noord-Brabant;31226;02TC;02TC00;Christiaan Huygens College voor Lyceum Havo Mavo Vbo Lwoo;Rachmaninowlaan;2;5653 AT;EINDHOVEN;0772;EINDHOVEN;Bijzonder;0402516221;www.huygenslyceum.nl;HAVO/VWO;Postbus;8827;5605 LV;EINDHOVEN;70;Eindhoven;28;Zuidoost-Brabant;37;Zuidoost-Brabant;36;Zuidoost-Noord-Brabant;22;Zuidoost-Noord-Brabant;37;Zuidoost-Brabant;Zuid
Noord-Brabant;31226;02TC;02TC03;Christiaan Huygens College voor Lyceum Havo Mavo Vbo Lwoo locatie Olympia;Botenlaan;38;5652 CA;EINDHOVEN;0772;EINDHOVEN;Bijzonder;0402519652;www.huygenscollege.nl;VBO/MAVO;Postbus;8827;5605 LV;EINDHOVEN;70;Eindhoven;28;Zuidoost-Brabant;37;Zuidoost-Brabant;36;Zuidoost-Noord-Brabant;22;Zuidoost-Noord-Brabant;37;Zuidoost-Brabant;Zuid
Noord-Brabant;31226;02TC;02TC04;Christiaan Huygens Coll. voor Lyc Havo Mavo Vbo Lwoo loc. Frits Philips lyc-mavo;Avignonlaan;1;5627 GA;EINDHOVEN;0772;EINDHOVEN;Bijzonder;0402421890;www.fritsphilips.eu;VBO/MAVO/HAVO/VWO;Postbus;8827;5605 LV;EINDHOVEN;70;Eindhoven;28;Zuidoost-Brabant;37;Zuidoost-Brabant;36;Zuidoost-Noord-Brabant;22;Zuidoost-Noord-Brabant;37;Zuidoost-Brabant;Zuid
Noord-Brabant;33372;16QH;16QH00;De Nassau Scholengemeenschap voor Gymn Ath Havo Mavo;Paul Krugerlaan;2;4818 BC;BREDA;0758;BREDA;Bijzonder;0765330330;www.denassau.nl;MAVO/HAVO/VWO;Paul Krugerlaan;2;4818 BC;BREDA;66;Breda;25;West-Brabant;34;West-Brabant;33;West-Noord-Brabant;20;West-Noord-Brabant;34;West-Brabant;Zuid
Noord-Brabant;33372;16QH;16QH01;De Nassau Scholengemeenschap voor Gymn Ath Havo Mavo;de la Reijweg;136;4818 BA;BREDA;0758;BREDA;Bijzonder;0765330330;www.denassau.nl;MAVO/HAVO/VWO;Paul Krugerlaan;2;4818 BC;BREDA;66;Breda;25;West-Brabant;34;West-Brabant;33;West-Noord-Brabant;20;West-Noord-Brabant;34;West-Brabant;Zuid
Noord-Brabant;35647;01FY;01FY00;Augustinianum Scholengemeenschap voor Vwo en Havo;Dirk Boutslaan;25;5613 LH;EINDHOVEN;0772;EINDHOVEN;Bijzonder;0402111069;www.augustinianum.nl;HAVO/VWO;Dirk Boutslaan;25;5613 LH;EINDHOVEN;70;Eindhoven;28;Zuidoost-Brabant;37;Zuidoost-Brabant;36;Zuidoost-Noord-Brabant;22;Zuidoost-Noord-Brabant;37;Zuidoost-Brabant;Zuid
Noord-Brabant;35647;19XH;19XH00;Het Hooghuis;Molenstraat;30;5341 GD;OSS;0828;OSS;Bijzonder;0412224180;www.hethooghuis.nl;VBO/MAVO/HAVO/VWO;Postbus;384;5340 AJ;OSS;72;Oss;27;Noordoost-Brabant;36;Noordoost-Brabant;35;Noordoost-Noord-Brabant;12;Noord-Noord-Brabant;36;Noord-Oost-Brabant;Zuid
Noord-Brabant;35647;19XH;19XH01;Het Hooghuis Locatie Stadion;Mondriaanlaan;6;5342 CN;OSS;0828;OSS;Bijzonder;0412224140;www.hethooghuis.nl;VBO/MAVO;Postbus;384;5340 AJ;OSS;72;Oss;27;Noordoost-Brabant;36;Noordoost-Brabant;35;Noordoost-Noord-Brabant;12;Noord-Noord-Brabant;36;Noord-Oost-Brabant;Zuid
Noord-Brabant;35647;19XH;19XH03;Het Hooghuis locatie Heesch;Schoonstraat;34;5384 AP;HEESCH;1721;BERNHEZE;Bijzonder;0412224130;www.hethooghuis.nl;VBO/MAVO;Postbus;384;5340 AJ;OSS;72;Oss;27;Noordoost-Brabant;36;Noordoost-Brabant;35;Noordoost-Noord-Brabant;12;Noord-Noord-Brabant;36;Noord-Oost-Brabant;Zuid
Noord-Brabant;35647;19XH;19XH04;Het Hooghuis locatie Zuid/West gebouw Zuid;De Ruivert;5;5342 CM;OSS;0828;OSS;Bijzonder;0412224160;www.hethooghuis.nl;VBO/MAVO;Postbus;384;5340 AJ;OSS;72;Oss;27;Noordoost-Brabant;36;Noordoost-Brabant;35;Noordoost-Noord-Brabant;12;Noord-Noord-Brabant;36;Noord-Oost-Brabant;Zuid
Noord-Brabant;35647;19XH;19XH05;Het Hooghuis locatie Zuid/West gebouw West;Verdistraat;75;5343 VC;OSS;0828;OSS;Bijzonder;0412224150;www.hethooghuis.nl;VBO;Postbus;384;5340 AJ;OSS;72;Oss;27;Noordoost-Brabant;36;Noordoost-Brabant;35;Noordoost-Noord-Brabant;12;Noord-Noord-Brabant;36;Noord-Oost-Brabant;Zuid
Noord-Brabant;35647;19XH;19XH08;Het Hooghuis locatie De Singel;Euterpehof;20;5342 CW;OSS;0828;OSS;Bijzonder;0412224110;www.hethooghuis.nl;PRO;Postbus;384;5340 AJ;OSS;72;Oss;27;Noordoost-Brabant;36;Noordoost-Brabant;35;Noordoost-Noord-Brabant;12;Noord-Noord-Brabant;36;Noord-Oost-Brabant;Zuid
Noord-Brabant;35647;19XH;19XH09;Het Hooghuis locatie Mondriaan College;Mondriaanlaan;1;5342 CN;OSS;0828;OSS;Bijzonder;0412224190;https://mondriaan.hethooghuis.nl/;VBO/MAVO/HAVO/VWO;Postbus;384;5340 AJ;OSS;72;Oss;27;Noordoost-Brabant;36;Noordoost-Brabant;35;Noordoost-Noord-Brabant;12;Noord-Noord-Brabant;36;Noord-Oost-Brabant;Zuid
Noord-Brabant;40143;01IW;01IW00;Dongemond College voor Atheneum Havo en Vmbo;Collegeweg;1;4942 VC;RAAMSDONKSVEER;0779;GEERTRUIDENBERG;Bijzonder;0162513469;www.dongemondcollege.nl/;VBO/MAVO/HAVO/VWO;Postbus;124;4940 AC;RAAMSDONKSVEER;66;Breda;25;West-Brabant;34;West-Brabant;33;West-Noord-Brabant;20;West-Noord-Brabant;34;West-Brabant;Zuid
Noord-Brabant;40143;01IW;01IW03;Dongemond College voor Atheneum Havo en Vmbo;Kempsstraat;15;4921 TB;MADE;1719;DRIMMELEN;Bijzonder;0162683125; ;VBO/MAVO;Postbus;124;4940 AC;RAAMSDONKSVEER;66;Breda;25;West-Brabant;34;West-Brabant;33;West-Noord-Brabant;20;West-Noord-Brabant;34;West-Brabant;Zuid
Noord-Brabant;40232;25KX;25KX00;Lorentz Casimir Lyceum;Celebeslaan;10-20;5641 AG;EINDHOVEN;0772;EINDHOVEN;Bijzonder;0402909420;www.lcl.nl;HAVO/VWO;Celebeslaan;10-20;5641 AG;EINDHOVEN;70;Eindhoven;28;Zuidoost-Brabant;37;Zuidoost-Brabant;36;Zuidoost-Noord-Brabant;22;Zuidoost-Noord-Brabant;37;Zuidoost-Brabant;Zuid
Noord-Brabant;40278;13VV;13VV00;Praktijkschool De Zwaaikom;Nassaustraat;10;4902 NA;OOSTERHOUT NB;0826;OOSTERHOUT;Bijzonder;0162422827;www.dezwaaikom.nl;PRO;Nassaustraat;10;4902 NA;OOSTERHOUT NB;66;Breda;25;West-Brabant;34;West-Brabant;33;West-Noord-Brabant;20;West-Noord-Brabant;34;West-Brabant;Zuid
Noord-Brabant;40517;15IS;15IS00;Het Kwadrant School voor Praktijk Onderwijs;Oberonstraat;2;4624 VM;BERGEN OP ZOOM;0748;BERGEN OP ZOOM;Bijzonder;0164210199;www.hetkwadrant-boz.nl;PRO;Oberonstraat;2;4624 VM;BERGEN OP ZOOM;64;Bergen op Zoom;25;West-Brabant;34;West-Brabant;33;West-Noord-Brabant;20;West-Noord-Brabant;34;West-Brabant;Zuid
Noord-Brabant;40588;04GU;04GU00;Elde College Schijndel voor VWO HAVO VMBO LWOO en PRO;Putsteeg;4;5481 XT;SCHIJNDEL;1948;MEIERIJSTAD;Bijzonder;0738200400;www.eldecollege.nl;VBO/MAVO/HAVO/VWO;Postbus;63;5480 AB;SCHIJNDEL;71;Uden;27;Noordoost-Brabant;36;Noordoost-Brabant;35;Noordoost-Noord-Brabant;12;Noord-Noord-Brabant;36;Noord-Oost-Brabant;Zuid
Noord-Brabant;40588;04GU;04GU03;Elde College Schijndel voor VWO HAVO VMBO LWOO en PRO;Kapelbergstraat;6;5271 VB;SINT-MICHIELSGESTEL;0845;SINT-MICHIELSGESTEL;Bijzonder;0738200400; ;VBO/MAVO;Postbus;63;5480 AB;SCHIJNDEL;69;'s-Hertogenbosch;27;Noordoost-Brabant;36;Noordoost-Brabant;35;Noordoost-Noord-Brabant;12;Noord-Noord-Brabant;36;Noord-Oost-Brabant;Zuid
Noord-Brabant;40588;04GU;04GU06;Elde College Schijndel voor VWO HAVO VMBO LWOO en PRO;Putsteeg;2-A;5481 XT;SCHIJNDEL;1948;MEIERIJSTAD;Bijzonder;0738200400; ;PRO;Postbus;63;5480 AB;SCHIJNDEL;71;Uden;27;Noordoost-Brabant;36;Noordoost-Brabant;35;Noordoost-Noord-Brabant;12;Noord-Noord-Brabant;36;Noord-Oost-Brabant;Zuid
Noord-Brabant;40588;04GU;04GU08;Ede College Schijndel voor VWO HAVO VMBO LWOO en PRO;Kloosterpark;10;5481 KJ;SCHIJNDEL;1948;MEIERIJSTAD;Bijzonder; ; ;BRUGJAAR;Postbus;63;5480 AB;SCHIJNDEL;71;Uden;27;Noordoost-Brabant;36;Noordoost-Brabant;35;Noordoost-Noord-Brabant;12;Noord-Noord-Brabant;36;Noord-Oost-Brabant;Zuid
Noord-Brabant;40588;06HF;06HF00;Udens College voor Lyceum Havo Mavo Vbo Lwoo;President Kennedylaan;22-B;5402 KD;UDEN;1991;MAASHORST;Bijzonder;0413283000;www.udenscollege.nl;HAVO/VWO;Postbus;104;5400 AC;UDEN;71;Uden;27;Noordoost-Brabant;36;Noordoost-Brabant;35;Noordoost-Noord-Brabant;12;Noord-Noord-Brabant;36;Noord-Oost-Brabant;Zuid
Noord-Brabant;40588;06HF;06HF02;Udens College voor Lyceum Havo Mavo Vbo Lwoo;Kleinveld;25;5401 ZW;UDEN;1991;MAASHORST;Bijzonder;0413283000;www.udenscollege.nl;VBO/MAVO;Postbus;391;5400 AJ;UDEN;71;Uden;27;Noordoost-Brabant;36;Noordoost-Brabant;35;Noordoost-Noord-Brabant;12;Noord-Noord-Brabant;36;Noord-Oost-Brabant;Zuid
Noord-Brabant;40854;25MB;25MB00;Stg ROC Summa College;Habsburglaan;1;5616 HV;EINDHOVEN;0772;EINDHOVEN;Bijzonder;0402694000;www.summacollege.nl;MAVO/HAVO;Postbus;6101;5600 HC;EINDHOVEN;70;Eindhoven;28;Zuidoost-Brabant;37;Zuidoost-Brabant;36;Zuidoost-Noord-Brabant;22;Zuidoost-Noord-Brabant;37;Zuidoost-Brabant;Zuid
Noord-Brabant;40854;25MB;25MB36;Stg ROC Summa College;de Blecourtstraat;1;5652 GB;EINDHOVEN;0772;EINDHOVEN;Bijzonder;0402694000;www.summacollege.nl;MAVO/HAVO;Postbus;6101;5600 HC;EINDHOVEN;70;Eindhoven;28;Zuidoost-Brabant;37;Zuidoost-Brabant;36;Zuidoost-Noord-Brabant;22;Zuidoost-Noord-Brabant;37;Zuidoost-Brabant;Zuid
Noord-Brabant;40854;25MB;25MB48;Stg ROC Summa College;Willem de Rijkelaan;3;5616 EA;EINDHOVEN;0772;EINDHOVEN;Bijzonder;0402694000;www.summacollege.nl;MAVO;Postbus;6101;5600 HC;EINDHOVEN;70;Eindhoven;28;Zuidoost-Brabant;37;Zuidoost-Brabant;36;Zuidoost-Noord-Brabant;22;Zuidoost-Noord-Brabant;37;Zuidoost-Brabant;Zuid
Noord-Brabant;40854;25MB;25MB49;Stg ROC Summa College;Koenraadlaan;102;5651 EZ;EINDHOVEN;0772;EINDHOVEN;Bijzonder; ; ;MAVO/HAVO; ; ; ; ;70;Eindhoven;28;Zuidoost-Brabant;37;Zuidoost-Brabant;36;Zuidoost-Noord-Brabant;22;Zuidoost-Noord-Brabant;37;Zuidoost-Brabant;Zuid
Noord-Brabant;40856;00NE;00NE00;Delta vmbo;Deltaweg;205;5709 AB;HELMOND;0794;HELMOND;Openbaar;0492510306;deltaweg.janvanbrabant.nl;VBO/MAVO;Deltaweg;205;5709 AB;HELMOND;74;Helmond;28;Zuidoost-Brabant;37;Zuidoost-Brabant;36;Zuidoost-Noord-Brabant;22;Zuidoost-Noord-Brabant;37;Zuidoost-Brabant;Zuid
Noord-Brabant;40856;00NE;00NE02;Jan van Brabant College vestiging Gasthuisstraat;Gasthuisstraat;79;5708 HJ;HELMOND;0794;HELMOND;Openbaar;0492549448; ;MAVO;Gasthuisstraat;79;5708 HJ;HELMOND;74;Helmond;28;Zuidoost-Brabant;37;Zuidoost-Brabant;36;Zuidoost-Noord-Brabant;22;Zuidoost-Noord-Brabant;37;Zuidoost-Brabant;Zuid
Noord-Brabant;40856;02QP;02QP00;Willibrord Gymnasium;Beukenstraat;80;5753 GD;DEURNE;0762;DEURNE;Bijzonder;0493314802;www.willibrordgymnasium.nl;VWO;Postbus;247;5750 AE;DEURNE;74;Helmond;28;Zuidoost-Brabant;37;Zuidoost-Brabant;36;Zuidoost-Noord-Brabant;22;Zuidoost-Noord-Brabant;37;Zuidoost-Brabant;Zuid
Noord-Brabant;40856;14LF;14LF00;Jan van Brabant College vestiging Molenstraat;Molenstraat;191;5701 KD;HELMOND;0794;HELMOND;Openbaar;0492522287;www.janvanbrabant.nl;MAVO/HAVO/VWO;Molenstraat;191;5701 KD;HELMOND;74;Helmond;28;Zuidoost-Brabant;37;Zuidoost-Brabant;36;Zuidoost-Noord-Brabant;22;Zuidoost-Noord-Brabant;37;Zuidoost-Brabant;Zuid
Noord-Brabant;40856;25MG;25MG00;Commanderij College voor gymnasium atheneum havo vmbo  en praktijkonderwijs;Sleutelbosch;2;5421 KZ;GEMERT;1652;GEMERT-BAKEL;Bijzonder;0492371220;www.commanderijcollege.nl;VBO/MAVO/HAVO/VWO;Postbus;58;5420 AB;GEMERT;74;Helmond;28;Zuidoost-Brabant;37;Zuidoost-Brabant;36;Zuidoost-Noord-Brabant;22;Zuidoost-Noord-Brabant;37;Zuidoost-Brabant;Zuid
Noord-Brabant;40856;25MG;25MG02;Commanderij College voor gymnasium atheneum havo vmbo en praktijkonderwijs;St.-Josephstraat;17;5421 CR;GEMERT;1652;GEMERT-BAKEL;Bijzonder;0492371220; ;VBO/MAVO/PRO;Postbus;58;5420 AB;GEMERT;74;Helmond;28;Zuidoost-Brabant;37;Zuidoost-Brabant;36;Zuidoost-Noord-Brabant;22;Zuidoost-Noord-Brabant;37;Zuidoost-Brabant;Zuid
Noord-Brabant;40856;25MG;25MG03;Commanderij College voor gymnasium atheneum havo vmbo en praktijkonderwijs;Muzenlaan;2;5741 NS;BEEK EN DONK;1659;LAARBEEK;Bijzonder;0492371220; ;VBO/MAVO;Postbus;58;5420 AB;GEMERT;74;Helmond;28;Zuidoost-Brabant;37;Zuidoost-Brabant;36;Zuidoost-Noord-Brabant;22;Zuidoost-Noord-Brabant;37;Zuidoost-Brabant;Zuid
Noord-Brabant;41054;16RT;16RT00;Voortgezet Onderwijs Best-Oirschot;Willem de Zwijgerweg;150;5684 SL;BEST;0753;BEST;Bijzonder;0499336231;www.voboscholen.nl;VBO/MAVO/HAVO/VWO;Postbus;184;5680 AD;BEST;70;Eindhoven;28;Zuidoost-Brabant;37;Zuidoost-Brabant;36;Zuidoost-Noord-Brabant;22;Zuidoost-Noord-Brabant;37;Zuidoost-Brabant;Zuid
Noord-Brabant;41054;16RT;16RT01;Voortgezet Onderwijs Best-Oirschot locatie Kempenhorst VMBO College;Eikenbussel;1;5689 AA;OIRSCHOT;0823;OIRSCHOT;Bijzonder;0499571537;www.voboscholen.nl;VBO/MAVO;Postbus;184;5680 AD;BEST;70;Eindhoven;28;Zuidoost-Brabant;37;Zuidoost-Brabant;36;Zuidoost-Noord-Brabant;22;Zuidoost-Noord-Brabant;37;Zuidoost-Brabant;Zuid
Noord-Brabant;41070;05PL;05PL00;Ds. Pierson College voor Mavo Havo Atheneum;Geraert ter Borchstraat;1;5212 CZ;'S-HERTOGENBOSCH;0796;S HERTOGENBOSCH;Bijzonder;0736442929;www.pierson.nl;MAVO/HAVO/VWO;Postbus;701;5201 AS;'S-HERTOGENBOSCH;69;'s-Hertogenbosch;27;Noordoost-Brabant;36;Noordoost-Brabant;35;Noordoost-Noord-Brabant;12;Noord-Noord-Brabant;36;Noord-Oost-Brabant;Zuid
Noord-Brabant;41100;01OE;01OE51;Yuverta;Hervensebaan;7;5232 JL;'S-HERTOGENBOSCH;0796;S HERTOGENBOSCH;Bijzonder;0736422155;yuverta.nl/vmbodenbosch;VBO;Postbus;2411;5202 CK;'S-HERTOGENBOSCH;69;'s-Hertogenbosch;27;Noordoost-Brabant;36;Noordoost-Brabant;35;Noordoost-Noord-Brabant;12;Noord-Noord-Brabant;36;Noord-Oost-Brabant;Zuid
Noord-Brabant;41100;01OE;01OE54;Yuverta;Locatellistraat;5;5654 JB;EINDHOVEN;0772;EINDHOVEN;Bijzonder;0402595757;yuverta.nl/vmboeindhoven;VBO;Locatellistraat;5;5654 JB;EINDHOVEN;70;Eindhoven;28;Zuidoost-Brabant;37;Zuidoost-Brabant;36;Zuidoost-Noord-Brabant;22;Zuidoost-Noord-Brabant;37;Zuidoost-Brabant;Zuid
Noord-Brabant;41164;30MM;30MM00;Pro College Boxmeer, school voor Praktijkonderwijs;Stationsweg;38-B;5831 CR;BOXMEER;1982;LAND VAN CUIJK;Bijzonder;0485577459;www.procollege.nl;PRO;Stationsweg;38-B;5831 CR;BOXMEER;73;Boxmeer;27;Noordoost-Brabant;36;Noordoost-Brabant;35;Noordoost-Noord-Brabant;11;Oostelijk Maas-Waalgebied;36;Noord-Oost-Brabant;Zuid
Noord-Brabant;41202;00CB;00CB02;Scholengemeenschap voor Voortgezet Vrije Schoolonderwijs;Sterrenlaan;16;5631 KA;EINDHOVEN;0772;EINDHOVEN;Bijzonder;0402969310;www.novalis.nl;MAVO/HAVO/VWO;Postbus;1073;5602 BB;EINDHOVEN;70;Eindhoven;28;Zuidoost-Brabant;37;Zuidoost-Brabant;36;Zuidoost-Noord-Brabant;22;Zuidoost-Noord-Brabant;37;Zuidoost-Brabant;Zuid
Noord-Brabant;41211;02FY;02FY00;OMO Scholengroep Bergen op Zoom e.o. voor Lyceum Havo Mavo Vbo Lwoo;Bolwerk-Zuid;168;4611 DX;BERGEN OP ZOOM;0748;BERGEN OP ZOOM;Bijzonder;0164213520;www.mollerjuvenaat.nl;VBO/MAVO/HAVO/VWO;Postbus;574;5000 AN;TILBURG;64;Bergen op Zoom;25;West-Brabant;34;West-Brabant;33;West-Noord-Brabant;20;West-Noord-Brabant;34;West-Brabant;Zuid
Noord-Brabant;41211;02FY;02FY01;OMO Scholengroep Bergen op Zoom e.o., ZuidWestHoek College;O Lv Vrouw ter Duinenln;201;4641 RM;OSSENDRECHT;0873;WOENSDRECHT;Bijzonder;0164672302; ;VBO/MAVO;Postbus;574;5000 AN;TILBURG;64;Bergen op Zoom;25;West-Brabant;34;West-Brabant;33;West-Noord-Brabant;20;West-Noord-Brabant;34;West-Brabant;Zuid
Noord-Brabant;41211;02FY;02FY02;OMO Scholengroep Bergen op Zoom e.o., 't Ravelijn;Ravelijnstraat;2-A;4651 DT;STEENBERGEN NB;0851;STEENBERGEN;Bijzonder;0167525070; ;VBO/MAVO;Postbus;574;5000 AN;TILBURG;65;Roosendaal en Nispen;25;West-Brabant;34;West-Brabant;33;West-Noord-Brabant;20;West-Noord-Brabant;34;West-Brabant;Zuid
Noord-Brabant;41211;02FY;02FY07;OMO Scholengroep Bergen op Zoom e.o., MollerJuvenaat;Noordzijde Zoom;61;4613 AB;BERGEN OP ZOOM;0748;BERGEN OP ZOOM;Overige;0164241550;www.sgboz.nl;VWO;Postbus;574;5000 AN;TILBURG;64;Bergen op Zoom;25;West-Brabant;34;West-Brabant;33;West-Noord-Brabant;20;West-Noord-Brabant;34;West-Brabant;Zuid
Noord-Brabant;41211;02QT;02QT00;Maurick College Scholengemeenschap voor vmbo, havo, atheneum en gymnasium;Titus Brandsmalaan;1;5262 BS;VUGHT;0865;VUGHT;Bijzonder;0736562302;www.maurickcollege.nl;VBO/MAVO/HAVO/VWO;Postbus;574;5000 AN;TILBURG;69;'s-Hertogenbosch;27;Noordoost-Brabant;36;Noordoost-Brabant;35;Noordoost-Noord-Brabant;12;Noord-Noord-Brabant;36;Noord-Oost-Brabant;Zuid
Noord-Brabant;41211;04SU;04SU00;Voortgezet Onderwijs Veghel voor vwo, havo, mavo, vbo en praktijkonderwijs;Pr W Alexander Sportprk;15;5461 XL;VEGHEL;1948;MEIERIJSTAD;Bijzonder;0413366941;www.zwijsencollege.nl;HAVO/VWO;Postbus;574;5000 AN;TILBURG;71;Uden;27;Noordoost-Brabant;36;Noordoost-Brabant;35;Noordoost-Noord-Brabant;12;Noord-Noord-Brabant;36;Noord-Oost-Brabant;Zuid
Noord-Brabant;41211;04SU;04SU02;VO Veghel voor vwo, havo, mavo, vbo en praktijkonderwijs, Fioretti College;Muntelaar;4;5467 HA;VEGHEL;1948;MEIERIJSTAD;Bijzonder;0413340575;www.fioretticollege.nl;VBO/MAVO/PRO;Postbus;574;5000 AN;TILBURG;71;Uden;27;Noordoost-Brabant;36;Noordoost-Brabant;35;Noordoost-Noord-Brabant;12;Noord-Noord-Brabant;36;Noord-Oost-Brabant;Zuid
Noord-Brabant;41211;04SU;04SU06;VO Veghel voor vwo, havo, mavo, vbo en praktijkonderwijs, Fioretti College;Muntelaar;8;5467 HA;VEGHEL;1948;MEIERIJSTAD;Overige; ; ;VBO/MAVO/PRO; ; ; ; ;71;Uden;27;Noordoost-Brabant;36;Noordoost-Brabant;35;Noordoost-Noord-Brabant;12;Noord-Noord-Brabant;36;Noord-Oost-Brabant;Zuid
Noord-Brabant;41211;04XU;04XU00;OMO Scholengroep Boxtel voor vwo, havo, mavo, vbo, pro;Baanderherenweg;2;5282 RJ;BOXTEL;0757;BOXTEL;Bijzonder;0411676924;www.osboxtel.nl;VBO/MAVO/PRO;Postbus;574;5000 AN;TILBURG;69;'s-Hertogenbosch;27;Noordoost-Brabant;36;Noordoost-Brabant;35;Noordoost-Noord-Brabant;12;Noord-Noord-Brabant;36;Noord-Oost-Brabant;Zuid
Noord-Brabant;41211;04XU;04XU05;OMO Scholengroep Boxtel, locatie Boxtels onderwijs voor nieuwkomers (BONK);Dr.de Brouwerlaan;74;5283 EE;BOXTEL;0757;BOXTEL;Overige;0411688987;www.bonkboxtel.nl;VBO/MAVO;Postbus;574;5000 AN;TILBURG;69;'s-Hertogenbosch;27;Noordoost-Brabant;36;Noordoost-Brabant;35;Noordoost-Noord-Brabant;12;Noord-Noord-Brabant;36;Noord-Oost-Brabant;Zuid
Noord-Brabant;41211;04XU;04XU06;OMO Scholengroep Boxtel voor vwo, havo, mavo, vbo, pro, locatie Jacob Roelandsly;Grote Beemd;3;5281 CC;BOXTEL;0757;BOXTEL;Bijzonder;0411672219;www.jrl.nl;HAVO/VWO;Postbus;574;5000 AN;TILBURG;69;'s-Hertogenbosch;27;Noordoost-Brabant;36;Noordoost-Brabant;35;Noordoost-Noord-Brabant;12;Noord-Noord-Brabant;36;Noord-Oost-Brabant;Zuid
Noord-Brabant;41211;04YX;04YX00;Munnikenheide College voor MAVO VBO LWOO;Trivium;60;4873 LP;ETTEN-LEUR;0777;ETTEN-LEUR;Bijzonder;0765016152;www.munnikenheidecollege.nl;VBO/MAVO;Postbus;574;5000 AN;TILBURG;66;Breda;25;West-Brabant;34;West-Brabant;33;West-Noord-Brabant;20;West-Noord-Brabant;34;West-Brabant;Zuid
Noord-Brabant;41211;04YX;04YX02;Munnikenheide College voor MAVO VBO LWOO;Bosheidestraat;1;4715 RD;RUCPHEN;0840;RUCPHEN;Bijzonder;0765016152; ;VBO/MAVO;Postbus;574;5000 AN;TILBURG;65;Roosendaal en Nispen;25;West-Brabant;34;West-Brabant;33;West-Noord-Brabant;20;West-Noord-Brabant;34;West-Brabant;Zuid
Noord-Brabant;41211;07MU;07MU00;Rodenborch-College voor Atheneum Havo Mavo;Rietpad;4;5245 PE;ROSMALEN;0796;S HERTOGENBOSCH;Bijzonder;0735219046;www.rodenborch.nl;MAVO/HAVO/VWO;Postbus;574;5000 AN;TILBURG;69;'s-Hertogenbosch;27;Noordoost-Brabant;36;Noordoost-Brabant;35;Noordoost-Noord-Brabant;12;Noord-Noord-Brabant;36;Noord-Oost-Brabant;Zuid
Noord-Brabant;41211;13PE;13PE00;Varendonck College voor Atheneum Gymnasium Havo Vmbo Lwoo Pro;Beatrixlaan;25;5721 LZ;ASTEN;0743;ASTEN;Bijzonder;0493672672;www.varendonck.nl;VBO/MAVO/HAVO/VWO;Postbus;574;5000 AN;TILBURG;74;Helmond;28;Zuidoost-Brabant;37;Zuidoost-Brabant;36;Zuidoost-Noord-Brabant;22;Zuidoost-Noord-Brabant;37;Zuidoost-Brabant;Zuid
Noord-Brabant;41211;13PE;13PE01;Varendonck College voor Atheneum Gymnasium Havo Vmbo Lwoo Pro;Kanaalstraat;14;5711 EJ;SOMEREN;0847;SOMEREN;Bijzonder;0493672672; ;VBO/MAVO/PRO;Postbus;574;5000 AN;TILBURG;74;Helmond;28;Zuidoost-Brabant;37;Zuidoost-Brabant;36;Zuidoost-Noord-Brabant;22;Zuidoost-Noord-Brabant;37;Zuidoost-Brabant;Zuid
Noord-Brabant;41211;14SW;14SW00;Roncalli Scholengemeenschap voor Ath Havo Mavo;Tuinderspad;6;4613 CA;BERGEN OP ZOOM;0748;BERGEN OP ZOOM;Bijzonder;0164241050;www.roncalli-boz.nl;MAVO/HAVO/VWO;Postbus;574;5000 AN;TILBURG;64;Bergen op Zoom;25;West-Brabant;34;West-Brabant;33;West-Noord-Brabant;20;West-Noord-Brabant;34;West-Brabant;Zuid
Noord-Brabant;41211;15BS;15BS00;Sondervick College RK Scholengemeenschap voor Lyceum Havo Mavo Vbo Lwoo;Knegselseweg;30;5504 NC;VELDHOVEN;0861;VELDHOVEN;Bijzonder;0402309444;www.sondervick.nl;VBO/MAVO/HAVO/VWO;Postbus;574;5000 AN;TILBURG;70;Eindhoven;28;Zuidoost-Brabant;37;Zuidoost-Brabant;36;Zuidoost-Noord-Brabant;22;Zuidoost-Noord-Brabant;37;Zuidoost-Brabant;Zuid
Noord-Brabant;41211;16OX;16OX00;2College voor Lyceum Havo Mavo Vbo;van Kemenadelaan;5;5061 EE;OISTERWIJK;0824;OISTERWIJK;Bijzonder;0880232600;www.2college.nl;VBO/MAVO/HAVO/VWO;Postbus;574;5000 AN;TILBURG;68;Tilburg;26;Midden-Brabant;35;Midden-Brabant;34;Midden-Noord-Brabant;21;Tilburg en omstreken;35;Midden-Brabant;Zuid
Noord-Brabant;41211;16OX;16OX02;2College voor Lyceum Havo Mavo Vbo,  Cobbenhagenlyceum;Brittendreef;5;5012 AE;TILBURG;0855;TILBURG;Bijzonder;0880232500;www.2college.nl/cobbenhagenlyceum;VBO/MAVO/HAVO/VWO;Postbus;574;5000 AN;TILBURG;68;Tilburg;26;Midden-Brabant;35;Midden-Brabant;34;Midden-Noord-Brabant;21;Tilburg en omstreken;35;Midden-Brabant;Zuid
Noord-Brabant;41211;16OX;16OX03;2College voor Lyceum Havo Mavo Vbo, Ruivenmavo;Vlierakkerhof;1;5056 NH;BERKEL-ENSCHOT;0855;TILBURG;Bijzonder;0880232800;www.2College.nl;VBO/MAVO;Postbus;574;5000 AN;TILBURG;68;Tilburg;26;Midden-Brabant;35;Midden-Brabant;34;Midden-Noord-Brabant;21;Tilburg en omstreken;35;Midden-Brabant;Zuid
Noord-Brabant;41211;16OX;16OX04;2College voor Lyceum Havo Mavo Vbo, Jozefmavo;Sportweg;11;5037 AC;TILBURG;0855;TILBURG;Bijzonder;0880232700; ;VBO/MAVO;Postbus;574;5000 AN;TILBURG;68;Tilburg;26;Midden-Brabant;35;Midden-Brabant;34;Midden-Noord-Brabant;21;Tilburg en omstreken;35;Midden-Brabant;Zuid
Noord-Brabant;41211;16OX;16OX09;2College voor Lyceum Havo Mavo Vbo, EOA Oisterwijk;Kievitsblekweg;4;5062 SV;OISTERWIJK;0824;OISTERWIJK;Bijzonder;0880232650; ;VBO;Postbus;574;5000 AN;TILBURG;68;Tilburg;26;Midden-Brabant;35;Midden-Brabant;34;Midden-Noord-Brabant;21;Tilburg en omstreken;35;Midden-Brabant;Zuid
Noord-Brabant;41211;16OX;16OX10;2College voor Lyceum Havo Mavo Vbo, Cobbenhagenmavo;Jac van Vollenhovenstr;260;5012 AD;TILBURG;0855;TILBURG;Bijzonder;0880232550; ;VBO/MAVO;Postbus;574;5000 AN;TILBURG;68;Tilburg;26;Midden-Brabant;35;Midden-Brabant;34;Midden-Noord-Brabant;21;Tilburg en omstreken;35;Midden-Brabant;Zuid
Noord-Brabant;41211;16OX;16OX11;2College voor Lyceum Havo Mavo Vbo;Bedrijfsweg;15;5061 JX;OISTERWIJK;0824;OISTERWIJK;Bijzonder;0880232500;www.2college.nl;BRUGJAAR;Postbus;574;5000 AN;TILBURG;68;Tilburg;26;Midden-Brabant;35;Midden-Brabant;34;Midden-Noord-Brabant;21;Tilburg en omstreken;35;Midden-Brabant;Zuid
Noord-Brabant;41211;16OX;16OX13;2College Cobbenhagenlyceum Waldorfstroom;Gershwinstraat;8;5012 AR;TILBURG;0855;TILBURG;Overige; ; ;VBO/MAVO/HAVO/VWO;Postbus;574;5000 AN;TILBURG;68;Tilburg;26;Midden-Brabant;35;Midden-Brabant;34;Midden-Noord-Brabant;21;Tilburg en omstreken;35;Midden-Brabant;Zuid
Noord-Brabant;41211;16VK;16VK00;OMO Scholengroep De Langstraat voor vwo havo mavo vbo;Olympiaweg;8-B;5143 NA;WAALWIJK;0867;WAALWIJK;Bijzonder;0416673930;www.sgdelangstraat.nl;VBO/MAVO/HAVO/VWO;Postbus;574;5000 AN;TILBURG;67;Waalwijk;26;Midden-Brabant;35;Midden-Brabant;34;Midden-Noord-Brabant;12;Noord-Noord-Brabant;35;Midden-Brabant;Zuid
Noord-Brabant;41211;16VK;16VK01;OMO Scholengr. De Langstraat voor vwo havo mavo vbo, Van Haestrecht College;Vossenbergselaan;8;5171 CC;KAATSHEUVEL;0809;LOON OP ZAND;Bijzonder;0416272683;www.sgdelangstraat.nl;VBO/MAVO;Postbus;574;5000 AN;TILBURG;68;Tilburg;26;Midden-Brabant;35;Midden-Brabant;34;Midden-Noord-Brabant;21;Tilburg en omstreken;35;Midden-Brabant;Zuid
Noord-Brabant;41211;16VK;16VK02;OMO Scholengroep De Langstraat voor vwo havo mavo vbo, Walewyc Mavo;Olympiaweg;8-A;5143 NA;WAALWIJK;0867;WAALWIJK;Bijzonder;0416333220; ;VBO/MAVO;Postbus;574;5000 AN;TILBURG;67;Waalwijk;26;Midden-Brabant;35;Midden-Brabant;34;Midden-Noord-Brabant;12;Noord-Noord-Brabant;35;Midden-Brabant;Zuid
Noord-Brabant;41211;16VK;16VK03;OMO Scholengroep De Langstraat  voor vwo havo mavo vbo, d`Oultremont College;Dillenburgstraat;46;5151 GL;DRUNEN;0797;HEUSDEN;Bijzonder;0416374448;www.sgdelangstraat.nl;VBO/MAVO/HAVO/VWO;Postbus;574;5000 AN;TILBURG;69;'s-Hertogenbosch;26;Midden-Brabant;36;Noordoost-Brabant;35;Noordoost-Noord-Brabant;12;Noord-Noord-Brabant;36;Noord-Oost-Brabant;Zuid
Noord-Brabant;41211;16VK;16VK06;OMO Scholengroep De Langstraat voor vwo havo mavo vbo, De Overlaat;Eikendonklaan;3;5143 NG;WAALWIJK;0867;WAALWIJK;Overige;0416336931;www.sgdelangstraat.nl;VBO/MAVO;Postbus;574;5000 AN;TILBURG;67;Waalwijk;26;Midden-Brabant;35;Midden-Brabant;34;Midden-Noord-Brabant;12;Noord-Noord-Brabant;35;Midden-Brabant;Zuid
Noord-Brabant;41211;17HN;17HN00;Mezzo Scholen voor vwo, havo en vmbo;Bilderbeekstraat;27;5831 CW;BOXMEER;1982;LAND VAN CUIJK;Bijzonder;0485572032;www.mezzoscholen.nl;VBO/MAVO/HAVO/VWO;Postbus;574;5000 AN;TILBURG;73;Boxmeer;27;Noordoost-Brabant;36;Noordoost-Brabant;35;Noordoost-Noord-Brabant;11;Oostelijk Maas-Waalgebied;36;Noord-Oost-Brabant;Zuid
Noord-Brabant;41211;17HN;17HN04;Mezzo Scholen voor vwo, havo en vmbo, locatie  Mezzo Elzendaal Boxmeer;Stationsweg;38;5831 CR;BOXMEER;1982;LAND VAN CUIJK;Overige;0485572032;www.mezzoscholen.nl;VBO/MAVO/HAVO/VWO;Postbus;574;5000 AN;TILBURG;73;Boxmeer;27;Noordoost-Brabant;36;Noordoost-Brabant;35;Noordoost-Noord-Brabant;11;Oostelijk Maas-Waalgebied;36;Noord-Oost-Brabant;Zuid
Noord-Brabant;41211;17HN;17HN05;Mezzo Scholen voor vwo, havo en vmbo, locatie Mezzo Metameer Jenaplan;Stationsweg;5;5831 CR;BOXMEER;1982;LAND VAN CUIJK;Overige;0485571434;www.mezzoscholen.nl;VBO/MAVO;Postbus;574;5000 AN;TILBURG;73;Boxmeer;27;Noordoost-Brabant;36;Noordoost-Brabant;35;Noordoost-Noord-Brabant;11;Oostelijk Maas-Waalgebied;36;Noord-Oost-Brabant;Zuid
Noord-Brabant;41211;17JY;17JY00;Gymnasium Beekvliet;Beekvlietstraat;4;5271 SM;SINT-MICHIELSGESTEL;0845;SINT-MICHIELSGESTEL;Bijzonder;0735512213;www.gymnasiumbeekvliet.nl;VWO;Postbus;574;5000 AN;TILBURG;69;'s-Hertogenbosch;27;Noordoost-Brabant;36;Noordoost-Brabant;35;Noordoost-Noord-Brabant;12;Noord-Noord-Brabant;36;Noord-Oost-Brabant;Zuid
Noord-Brabant;41211;17KF;17KF00;Van Maerlant voor Mavo Vbo Lwoo;Onderwijsboulevard;1;5223 DE;'S-HERTOGENBOSCH;0796;S HERTOGENBOSCH;Bijzonder;0736132931;www.vanmaerlant.nl;VBO/MAVO;Postbus;574;5000 AN;TILBURG;69;'s-Hertogenbosch;27;Noordoost-Brabant;36;Noordoost-Brabant;35;Noordoost-Noord-Brabant;12;Noord-Noord-Brabant;36;Noord-Oost-Brabant;Zuid
Noord-Brabant;41211;17VP;17VP00;Onderwijscampus Deurne voor ATH, GYM, HAVO, MAVO, VBO, en PRO;Vloeieindsedreef;5;5753 SM;DEURNE;0762;DEURNE;Bijzonder;0493353400;www.onderwijscampusdeurne.nl;HAVO/VWO;Postbus;574;5000 AN;TILBURG;74;Helmond;28;Zuidoost-Brabant;37;Zuidoost-Brabant;36;Zuidoost-Noord-Brabant;22;Zuidoost-Noord-Brabant;37;Zuidoost-Brabant;Zuid
Noord-Brabant;41211;17VP;17VP01;Onderwijscampus Deurne voor ATH GYM HAVO MAVO VBO en PRO;Burgemeester Roefslaan;11;5753 GX;DEURNE;0762;DEURNE;Bijzonder;0493353440;www.onderwijscampusdeurne.nl;VBO/MAVO;Postbus;574;5000 AN;TILBURG;74;Helmond;28;Zuidoost-Brabant;37;Zuidoost-Brabant;36;Zuidoost-Noord-Brabant;22;Zuidoost-Noord-Brabant;37;Zuidoost-Brabant;Zuid
Noord-Brabant;41211;17VP;17VP02;Onderwijscampus Deurne voor ATH GYM HAVO MAVO VBO en PRO;Vloeieindsedreef;1;5753 SM;DEURNE;0762;DEURNE;Bijzonder;0493353460;www.onderwijscampusdeurne.nl;VBO/MAVO;Postbus;574;5000 AN;TILBURG;74;Helmond;28;Zuidoost-Brabant;37;Zuidoost-Brabant;36;Zuidoost-Noord-Brabant;22;Zuidoost-Noord-Brabant;37;Zuidoost-Brabant;Zuid
Noord-Brabant;41211;17VP;17VP05;Onderwijscampus Deurne voor ATH GYM HAVO MAVO VBO en PRO;Burgemeester Roefslaan;13;5753 GX;DEURNE;0762;DEURNE;Bijzonder;0493353420;www.onderwijscampusdeurne.nl;PRO;Postbus;574;5000 AN;TILBURG;74;Helmond;28;Zuidoost-Brabant;37;Zuidoost-Brabant;36;Zuidoost-Noord-Brabant;22;Zuidoost-Noord-Brabant;37;Zuidoost-Brabant;Zuid
Noord-Brabant;41211;18XR;18XR00;Rythovius College Scholengemeenschap voor Lyc Havo Mavo;Bospoort;1;5521 CK;EERSEL;0770;EERSEL;Bijzonder;0497513043;www.rythoviuscollege.nl;MAVO/HAVO/VWO;Postbus;574;5000 AN;TILBURG;70;Eindhoven;28;Zuidoost-Brabant;37;Zuidoost-Brabant;36;Zuidoost-Noord-Brabant;22;Zuidoost-Noord-Brabant;37;Zuidoost-Brabant;Zuid
Noord-Brabant;41211;19RX;19RX00;Merletcollege Lyc Havo Mavo Vbo Lwoo;Katwijkseweg;2;5431 RX;CUIJK;1982;LAND VAN CUIJK;Bijzonder;0485336336;www.merletcollege.nl;VBO/MAVO/HAVO/VWO;Postbus;574;5000 AN;TILBURG;73;Boxmeer;27;Noordoost-Brabant;36;Noordoost-Brabant;35;Noordoost-Noord-Brabant;11;Oostelijk Maas-Waalgebied;36;Noord-Oost-Brabant;Zuid
Noord-Brabant;41211;19RX;19RX01;Merletcollege Lyc Havo Mavo Vbo Lwoo;Stoofweg;4;5361 HZ;GRAVE;1982;LAND VAN CUIJK;Bijzonder;0486477116;www.merletcollege.nl;VBO/MAVO/HAVO;Postbus;574;5000 AN;TILBURG;73;Boxmeer;27;Noordoost-Brabant;36;Noordoost-Brabant;35;Noordoost-Noord-Brabant;11;Oostelijk Maas-Waalgebied;36;Noord-Oost-Brabant;Zuid
Noord-Brabant;41211;19RX;19RX02;Merletcollege Lyc Havo Mavo Vbo Lwoo;Langenboomseweg;3;5451 JH;MILL;1982;LAND VAN CUIJK;Bijzonder;0485476226;www.merletcolege.nl;VBO/MAVO;Postbus;574;5000 AN;TILBURG;73;Boxmeer;27;Noordoost-Brabant;36;Noordoost-Brabant;35;Noordoost-Noord-Brabant;11;Oostelijk Maas-Waalgebied;36;Noord-Oost-Brabant;Zuid
Noord-Brabant;41211;19RX;19RX05;Merletcollege Lyc Havo Mavo Vbo Lwoo;Maximiliaan de Manstraat;34;5363 VN;VELP NB;1982;LAND VAN CUIJK;Bijzonder; ;www.merletcollege.nl;BRUGJAAR;Postbus;574;5000 AN;TILBURG;73;Boxmeer;27;Noordoost-Brabant;36;Noordoost-Brabant;35;Noordoost-Noord-Brabant;11;Oostelijk Maas-Waalgebied;36;Noord-Oost-Brabant;Zuid
Noord-Brabant;41211;20AT;20AT00;Parmant Scholen voor vwo, havo, mavo, vbo, pro en lwoo;von Flotowlaan;1;5653 AD;EINDHOVEN;0772;EINDHOVEN;Bijzonder;0402116090;www.parmantscholen.nl;VBO/MAVO/HAVO/VWO;Postbus;574;5000 AN;TILBURG;70;Eindhoven;28;Zuidoost-Brabant;37;Zuidoost-Brabant;36;Zuidoost-Noord-Brabant;22;Zuidoost-Noord-Brabant;37;Zuidoost-Brabant;Zuid
Noord-Brabant;41211;20AT;20AT01;Parmant Scholen voor vwo, havo, mavo, vbo, pro en lwoo, locatie Parmant Aloysius;Saenredamstraat;2;5643 RR;EINDHOVEN;0772;EINDHOVEN;Bijzonder;0402920258;www.aloysiusderoosten.nl;VBO/MAVO;Postbus;574;5000 AN;TILBURG;70;Eindhoven;28;Zuidoost-Brabant;37;Zuidoost-Brabant;36;Zuidoost-Noord-Brabant;22;Zuidoost-Noord-Brabant;37;Zuidoost-Brabant;Zuid
Noord-Brabant;41211;20AT;20AT03;Parmant Scholen voor vwo, havo, mavo, vbo, pro en Iwoo, locatie Parmant Innova;Geert Grootestraat;1-01;5643 RB;EINDHOVEN;0772;EINDHOVEN;Bijzonder;0402114680;www.vakcollegeeindhoven.nl;VBO/MAVO;Postbus;574;5000 AN;TILBURG;70;Eindhoven;28;Zuidoost-Brabant;37;Zuidoost-Brabant;36;Zuidoost-Noord-Brabant;22;Zuidoost-Noord-Brabant;37;Zuidoost-Brabant;Zuid
Noord-Brabant;41211;20AT;20AT04;Parmant Scholen voor vwo, havo, mavo, vbo, pro en Iwoo, locatie Parmant Antoon;Hendrik Staetslaan;54;5622 HN;EINDHOVEN;0772;EINDHOVEN;Bijzonder;0402453220;www.antoonschellenscollege.nl;VBO/MAVO;Postbus;574;5000 AN;TILBURG;70;Eindhoven;28;Zuidoost-Brabant;37;Zuidoost-Brabant;36;Zuidoost-Noord-Brabant;22;Zuidoost-Noord-Brabant;37;Zuidoost-Brabant;Zuid
Noord-Brabant;41211;20AT;20AT05;Parmant Scholen voor vwo, havo, mavo, vbo, pro en Iwoo, locatie Parmant Florian;Amundsenlaan;6;5623 PV;EINDHOVEN;0772;EINDHOVEN;Bijzonder;0402450778;www.praktijkschooleindhoven.nl;PRO;Postbus;574;5000 AN;TILBURG;70;Eindhoven;28;Zuidoost-Brabant;37;Zuidoost-Brabant;36;Zuidoost-Noord-Brabant;22;Zuidoost-Noord-Brabant;37;Zuidoost-Brabant;Zuid
Noord-Brabant;41211;20AT;20AT07;Parmant Scholen voor vwo, havo, mavo, vbo, pro en lwoo, locatie Parmant Helder;von Flotowlaan;1-A;5653 AD;EINDHOVEN;0772;EINDHOVEN;Bijzonder;0402155202;www.helderhavovwo.nl;HAVO/VWO;Postbus;574;5000 AN;TILBURG;70;Eindhoven;28;Zuidoost-Brabant;37;Zuidoost-Brabant;36;Zuidoost-Noord-Brabant;22;Zuidoost-Noord-Brabant;37;Zuidoost-Brabant;Zuid
Noord-Brabant;41211;20BQ;20BQ00;Mill Hill College voor mavo, havo en vwo;Venneweg;42;5051 BP;GOIRLE;0785;GOIRLE;Bijzonder;0135420538;www.millhillcollege.nl;VBO/MAVO/HAVO/VWO;Postbus;574;5000 AN;TILBURG;68;Tilburg;26;Midden-Brabant;35;Midden-Brabant;34;Midden-Noord-Brabant;21;Tilburg en omstreken;35;Midden-Brabant;Zuid
Noord-Brabant;41211;20GA;20GA00;Van Maerlantlyceum;Jacob van Maerlantlaan;11;5615 JS;EINDHOVEN;0772;EINDHOVEN;Bijzonder;0402513704;www.vanmaerlantlyceum.nl;HAVO/VWO;Postbus;574;5000 AN;TILBURG;70;Eindhoven;28;Zuidoost-Brabant;37;Zuidoost-Brabant;36;Zuidoost-Noord-Brabant;22;Zuidoost-Noord-Brabant;37;Zuidoost-Brabant;Zuid
Noord-Brabant;41211;20IB;20IB00;Eckartcollege voor Lyc Havo Mavo Vbo Lwoo;Damocleslaan;3;5631 KC;EINDHOVEN;0772;EINDHOVEN;Bijzonder;0402972222;www.eckartcollege.nl;VBO/MAVO/HAVO/VWO;Postbus;574;5000 AN;TILBURG;70;Eindhoven;28;Zuidoost-Brabant;37;Zuidoost-Brabant;36;Zuidoost-Noord-Brabant;22;Zuidoost-Noord-Brabant;37;Zuidoost-Brabant;Zuid
Noord-Brabant;41211;20IB;20IB03;Eckartcollege, Nuenens College voor LYc Havo Mavo Vbo Lwoo;Sportlaan;8;5671 GR;NUENEN;0820;NUENEN CA;Bijzonder;0402831569;www.nuenenscollege.nl;VBO/MAVO;Postbus;574;5000 AN;TILBURG;70;Eindhoven;28;Zuidoost-Brabant;37;Zuidoost-Brabant;36;Zuidoost-Noord-Brabant;22;Zuidoost-Noord-Brabant;37;Zuidoost-Brabant;Zuid
Noord-Brabant;41211;20JX;20JX00;OMO Scholengroep Helmond voor vwo, havo, mavo, vbo en praktijkonderwijs;Keizerin Marialaan;4;5702 NR;HELMOND;0794;HELMOND;Bijzonder;0492792020;www.omoscholengroephelmond.nl;VBO/MAVO/PRO;Postbus;574;5000 AN;TILBURG;74;Helmond;28;Zuidoost-Brabant;37;Zuidoost-Brabant;36;Zuidoost-Noord-Brabant;22;Zuidoost-Noord-Brabant;37;Zuidoost-Brabant;Zuid
Noord-Brabant;41211;20JX;20JX02;OMO Scholengroep Helmond voor vwo, havo, mavo, vbo en praktijkonderwijs;Markesingel;2;5707 DJ;HELMOND;0794;HELMOND;Bijzonder;0492792000;www.carolus.nl;VBO/MAVO/HAVO/VWO;Postbus;574;5000 AN;TILBURG;74;Helmond;28;Zuidoost-Brabant;37;Zuidoost-Brabant;36;Zuidoost-Noord-Brabant;22;Zuidoost-Noord-Brabant;37;Zuidoost-Brabant;Zuid
Noord-Brabant;41211;20JX;20JX04;OMO Scholengroep Helmond voor vwo, havo, mavo, vbo en praktijkonderwijs;Rembrandtlaan;30;5702 XZ;HELMOND;0794;HELMOND;Bijzonder;0492792079;www.dr-knippenbergcollege.nl;VBO/MAVO/HAVO/VWO;Postbus;574;5000 AN;TILBURG;74;Helmond;28;Zuidoost-Brabant;37;Zuidoost-Brabant;36;Zuidoost-Noord-Brabant;22;Zuidoost-Noord-Brabant;37;Zuidoost-Brabant;Zuid
Noord-Brabant;41211;20JX;20JX11;OMO Scholengroep Helmond voor vwo, havo, mavo, vbo en praktijkonderwijs;Rembrandtlaan;26;5702 XZ;HELMOND;0794;HELMOND;Bijzonder;0492505360;www.praktijkcollegehelmond.nl;PRO;Postbus;574;5000 AN;TILBURG;74;Helmond;28;Zuidoost-Brabant;37;Zuidoost-Brabant;36;Zuidoost-Noord-Brabant;22;Zuidoost-Noord-Brabant;37;Zuidoost-Brabant;Zuid
Noord-Brabant;41211;20ST;20ST00;Sint-Janslyceum School voor Gymnasium Atheneum Havo en Mavo;Sweelinckplein;3;5216 EG;'S-HERTOGENBOSCH;0796;S HERTOGENBOSCH;Bijzonder;0736154780;www.sjl.nl;MAVO/HAVO/VWO;Postbus;574;5000 AN;TILBURG;69;'s-Hertogenbosch;27;Noordoost-Brabant;36;Noordoost-Brabant;35;Noordoost-Noord-Brabant;12;Noord-Noord-Brabant;36;Noord-Oost-Brabant;Zuid
Noord-Brabant;41211;20WI;20WI00;Maaslandcollege Scholengemeenschap voor Mavo Havo Vwo;Vianenstraat;1;5342 AJ;OSS;0828;OSS;Bijzonder;0412667070;www.maaslandcollege.nl;MAVO/HAVO/VWO;Postbus;574;5000 AN;TILBURG;72;Oss;27;Noordoost-Brabant;36;Noordoost-Brabant;35;Noordoost-Noord-Brabant;12;Noord-Noord-Brabant;36;Noord-Oost-Brabant;Zuid
Noord-Brabant;41211;20ZK;20ZK00;Scholengemeenschap Tongerlo voor lyceum, havo, mavo, vmbo, praktijkonderwijs;Bovendonk;1;4707 ZH;ROOSENDAAL;1674;ROOSENDAAL;Bijzonder;0165792000;www.tongerlo.nl;VBO/MAVO/PRO;Postbus;574;5000 AN;TILBURG;65;Roosendaal en Nispen;25;West-Brabant;34;West-Brabant;33;West-Noord-Brabant;20;West-Noord-Brabant;34;West-Brabant;Zuid
Noord-Brabant;41211;20ZK;20ZK02;SGM Tongerlo voor lyceum, havo, mavo, vmbo, praktijkonderwijs, Gertrudis;Vincentiusstraat;53;4701 LN;ROOSENDAAL;1674;ROOSENDAAL;Bijzonder;0165792200;www.gertrudis.nl;VBO/MAVO/HAVO/VWO;Postbus;574;5000 AN;TILBURG;65;Roosendaal en Nispen;25;West-Brabant;34;West-Brabant;33;West-Noord-Brabant;20;West-Noord-Brabant;34;West-Brabant;Zuid
Noord-Brabant;41211;20ZK;20ZK04;SGM Tongerlo voor lyceum, havo, mavo, vmbo, praktijkonderwijs, Norbertus;Lyceumlaan;10;4702 XG;ROOSENDAAL;1674;ROOSENDAAL;Bijzonder;0165792300;www.norbertus.nl;HAVO/VWO;Postbus;574;5000 AN;TILBURG;65;Roosendaal en Nispen;25;West-Brabant;34;West-Brabant;33;West-Noord-Brabant;20;West-Noord-Brabant;34;West-Brabant;Zuid
Noord-Brabant;41211;20ZK;20ZK11;Scholengemeenschap Tongerlo voor lyceum, havo, mavo, vmbo, praktijkonderwijs;Bovendonk;111;4707 ZH;ROOSENDAAL;1674;ROOSENDAAL;Bijzonder;0165792200;www.tongerlo.nl;BRUGJAAR;Postbus;574;5000 AN;TILBURG;65;Roosendaal en Nispen;25;West-Brabant;34;West-Brabant;33;West-Noord-Brabant;20;West-Noord-Brabant;34;West-Brabant;Zuid
Noord-Brabant;41211;21EX;21EX00;Theresialyceum voor gymnasium atheneum en havo;Prof Cobbenhagenlaan;5;5037 DA;TILBURG;0855;TILBURG;Bijzonder;0134673738;www.theresialyceum.nl;HAVO/VWO;Postbus;574;5000 AN;TILBURG;68;Tilburg;26;Midden-Brabant;35;Midden-Brabant;34;Midden-Noord-Brabant;21;Tilburg en omstreken;35;Midden-Brabant;Zuid
Noord-Brabant;41211;21FV;21FV00;Sint Odulphuslyceum Scholengemeenschap voor VWO en HAVO;Noordhoekring;99;5038 GC;TILBURG;0855;TILBURG;Bijzonder;0135426652;www.odulphus.nl;HAVO/VWO;Postbus;574;5000 AN;TILBURG;68;Tilburg;26;Midden-Brabant;35;Midden-Brabant;34;Midden-Noord-Brabant;21;Tilburg en omstreken;35;Midden-Brabant;Zuid
Noord-Brabant;41211;21FV;21FV01;Sint Odulphuslyceum Scholengemeenschap voor VWO en HAVO;Noordhoekring;182;5038 GG;TILBURG;0855;TILBURG;Bijzonder;0135426652;www.odulphus.nl;HAVO/VWO;Postbus;574;5000 AN;TILBURG;68;Tilburg;26;Midden-Brabant;35;Midden-Brabant;34;Midden-Noord-Brabant;21;Tilburg en omstreken;35;Midden-Brabant;Zuid
Noord-Brabant;41211;21GV;21GV00;Scholengemeenschap Were Di voor gymnasium, atheneum, havo, vmbo en lwoo;Merendreef;1;5553 CC;VALKENSWAARD;0858;VALKENSWAARD;Bijzonder;0402074700;www.sgweredi.nl;VBO/MAVO/HAVO/VWO;Postbus;574;5000 AN;TILBURG;70;Eindhoven;28;Zuidoost-Brabant;37;Zuidoost-Brabant;36;Zuidoost-Noord-Brabant;22;Zuidoost-Noord-Brabant;37;Zuidoost-Brabant;Zuid
Noord-Brabant;41211;21GZ;21GZ00;Kwadrant Scholengroep  RK Regionale Scholengemeenschap voor Vwo Havo en Vmbo;Mgr. Schaepmanlaan;13;5103 BB;DONGEN;0766;DONGEN;Bijzonder;0162372810;www.cambreurcollege.nl;VBO/MAVO/HAVO/VWO;Postbus;574;5000 AN;TILBURG;68;Tilburg;26;Midden-Brabant;35;Midden-Brabant;34;Midden-Noord-Brabant;21;Tilburg en omstreken;35;Midden-Brabant;Zuid
Noord-Brabant;41211;21GZ;21GZ06;Kwadrant Scholengroep RK Regionale Scholengemeenschap voor VWO HAVO en VMBO;Bouwlingstraat;74;4902 AK;OOSTERHOUT NB;0826;OOSTERHOUT;Bijzonder;0162453581;www.hanze-college.nl;VBO/MAVO;Postbus;574;5000 AN;TILBURG;66;Breda;25;West-Brabant;34;West-Brabant;33;West-Noord-Brabant;20;West-Noord-Brabant;34;West-Brabant;Zuid
Noord-Brabant;41211;21GZ;21GZ07;Kwadrant Scholengroep  RK Regionale Scholengemeenschap voor Vwo Havo en Vmbo;Mgr. Schaepmanlaan;2;5103 BC;DONGEN;0766;DONGEN;Bijzonder;0162315650; ;VBO/MAVO;Postbus;574;5000 AN;TILBURG;68;Tilburg;26;Midden-Brabant;35;Midden-Brabant;34;Midden-Noord-Brabant;21;Tilburg en omstreken;35;Midden-Brabant;Zuid
Noord-Brabant;41211;23FY;23FY00;Bossche Vakschool voor Mavo Vbo Lwoo;Hervensebaan;5;5232 JL;'S-HERTOGENBOSCH;0796;S HERTOGENBOSCH;Bijzonder;0736443777;www.bosschevakschool.nl;VBO/MAVO;Postbus;574;5000 AN;TILBURG;69;'s-Hertogenbosch;27;Noordoost-Brabant;36;Noordoost-Brabant;35;Noordoost-Noord-Brabant;12;Noord-Noord-Brabant;36;Noord-Oost-Brabant;Zuid
Noord-Brabant;41211;23FY;23FY04;Bossche Vakschool voor Mavo Vbo Lwoo;Aartshertogenlaan;108;5212 CM;'S-HERTOGENBOSCH;0796;S HERTOGENBOSCH;Bijzonder;0736443777;www.bosschevakschool.nl;VBO/MAVO;Postbus;574;5000 AN;TILBURG;69;'s-Hertogenbosch;27;Noordoost-Brabant;36;Noordoost-Brabant;35;Noordoost-Noord-Brabant;12;Noord-Noord-Brabant;36;Noord-Oost-Brabant;Zuid
Noord-Brabant;41211;31LW;31LW00;De Nieuwste School voor vwo havo mavo;Professor Goossenslaan;1-02;5022 DM;TILBURG;0855;TILBURG;Bijzonder;0135812066;www.denieuwsteschool.nl;VBO/MAVO/HAVO/VWO;Postbus;574;5000 AN;TILBURG;68;Tilburg;26;Midden-Brabant;35;Midden-Brabant;34;Midden-Noord-Brabant;21;Tilburg en omstreken;35;Midden-Brabant;Zuid
Noord-Brabant;41313;17MA;17MA00;De Rijzert, school voor Praktijkonderwijs;Hedikhuizerweg;3;5222 BC;'S-HERTOGENBOSCH;0796;S HERTOGENBOSCH;Bijzonder;0736217623;www.rijzert.nl;PRO;Hedikhuizerweg;3;5222 BC;'S-HERTOGENBOSCH;69;'s-Hertogenbosch;27;Noordoost-Brabant;36;Noordoost-Brabant;35;Noordoost-Noord-Brabant;12;Noord-Noord-Brabant;36;Noord-Oost-Brabant;Zuid
Noord-Brabant;41391;02ZR;02ZR02;Het College voor Lyceum Havo Mavo Vbo Lwoo locatie Bravo College;Jan van Schoonvorststr;1;6021 BP;BUDEL;1706;CRANENDONCK;Bijzonder;0495491432;www.bravocollege.nl;VBO/MAVO;Postbus;69;6000 AB;WEERT;70;Eindhoven;30;Weert;37;Zuidoost-Brabant;36;Zuidoost-Noord-Brabant;22;Zuidoost-Noord-Brabant;37;Zuidoost-Brabant;Zuid
Noord-Brabant;41391;18DD;18DD06;Scholengemeenschap Philips van Horne voor LYC HAVO MAVO VBO LWOO;Randweg-Oost;32;6021 PB;BUDEL;1706;CRANENDONCK;Bijzonder; ; ;BRUGJAAR;Randweg-Oost;32;6021 PB;BUDEL;70;Eindhoven;30;Weert;37;Zuidoost-Brabant;36;Zuidoost-Noord-Brabant;22;Zuidoost-Noord-Brabant;37;Zuidoost-Brabant;Zuid
Noord-Brabant;41555;10LU;10LU00;Regionale Scholengemeenschap 't Rijks School voor Lyceum Havo Mavo;Burg Stulemeijerlaan;24;4611 EG;BERGEN OP ZOOM;0748;BERGEN OP ZOOM;Openbaar;0164242150;www.rsgrijks.nl;MAVO/HAVO/VWO;Burg Stulemeijerlaan;24;4611 EG;BERGEN OP ZOOM;64;Bergen op Zoom;25;West-Brabant;34;West-Brabant;33;West-Noord-Brabant;20;West-Noord-Brabant;34;West-Brabant;Zuid
Noord-Brabant;41555;10LU;10LU01;Regionale Scholengemeenschap 't Rijks School voor Lyceum Havo Mavo;Rijtuigweg;20;4611 EL;BERGEN OP ZOOM;0748;BERGEN OP ZOOM;Openbaar; ; ;MAVO/HAVO/VWO;Rijtuigweg;20;4611 EL;BERGEN OP ZOOM;64;Bergen op Zoom;25;West-Brabant;34;West-Brabant;33;West-Noord-Brabant;20;West-Noord-Brabant;34;West-Brabant;Zuid
Noord-Brabant;41587;19EN;19EN00;Jan Tinbergen College Openbare Scholengemeenschap voor Ath Havo Mavo;Burg Schneiderlaan;2;4706 EZ;ROOSENDAAL;1674;ROOSENDAAL;Openbaar;0165543871;www.jtc-roosendaal.nl;MAVO/HAVO/VWO;Postbus;1675;4700 BR;ROOSENDAAL;65;Roosendaal en Nispen;25;West-Brabant;34;West-Brabant;33;West-Noord-Brabant;20;West-Noord-Brabant;34;West-Brabant;Zuid
Noord-Brabant;41587;19EN;19EN02;Jan Tinbergen College Openbare Scholengemeenschap voor Ath Havo Mavo;Commandobaan;8;4706 CL;ROOSENDAAL;1674;ROOSENDAAL;Openbaar;0165543871; ;MAVO;Postbus;1675;4700 BR;ROOSENDAAL;65;Roosendaal en Nispen;25;West-Brabant;34;West-Brabant;33;West-Noord-Brabant;20;West-Noord-Brabant;34;West-Brabant;Zuid
Noord-Brabant;41599;25LV;25LV00;Scholengemeenschap De Rooi Pannen;Dr. Ahausstraat;1;5042 EK;TILBURG;0855;TILBURG;Bijzonder;0135955600;www.derooipannen.nl;VBO/MAVO;Postbus;1458;5004 BL;TILBURG;68;Tilburg;26;Midden-Brabant;35;Midden-Brabant;34;Midden-Noord-Brabant;21;Tilburg en omstreken;35;Midden-Brabant;Zuid
Noord-Brabant;41599;25LV;25LV19;Scholengemeenschap De Rooi Pannen;Kaakstraat;1;5623 AD;EINDHOVEN;0772;EINDHOVEN;Bijzonder;0405001100; ;VBO;Postbus;1458;5004 BL;TILBURG;70;Eindhoven;28;Zuidoost-Brabant;37;Zuidoost-Brabant;36;Zuidoost-Noord-Brabant;22;Zuidoost-Noord-Brabant;37;Zuidoost-Brabant;Zuid
Noord-Brabant;41623;16MQ;16MQ00;Koning Willem II College voor Lyc Havo Mavo;Tatraweg;80;5022 DS;TILBURG;0855;TILBURG;Openbaar;0135436631;www.willem2.nl;VBO/MAVO/HAVO/VWO;Tatraweg;80;5022 DS;TILBURG;68;Tilburg;26;Midden-Brabant;35;Midden-Brabant;34;Midden-Noord-Brabant;21;Tilburg en omstreken;35;Midden-Brabant;Zuid
Noord-Brabant;41623;18XU;18XU00;Beatrix College voor Mavo, Havo, Atheneum;Ketelhavenstraat;3;5045 NG;TILBURG;0855;TILBURG;Openbaar;0135711725;www.beatrixcollege.nl;VBO/MAVO/HAVO/VWO;Ketelhavenstraat;3;5045 NG;TILBURG;68;Tilburg;26;Midden-Brabant;35;Midden-Brabant;34;Midden-Noord-Brabant;21;Tilburg en omstreken;35;Midden-Brabant;Zuid
Noord-Brabant;41623;18XU;18XU01;Beatrix College voor Mavo, Havo, Atheneum locatie Reeshof College;Warmondstraat;240;5036 BV;TILBURG;0855;TILBURG;Openbaar; ; ;VBO/MAVO;Ketelhavenstraat;3;5045 NG;TILBURG;68;Tilburg;26;Midden-Brabant;35;Midden-Brabant;34;Midden-Noord-Brabant;21;Tilburg en omstreken;35;Midden-Brabant;Zuid
Noord-Brabant;41840;01XL;01XL00;Strabrechtcollege Scholengemeenschap voor LYC HAVO MAVO;Grote Bos;2;5666 AZ;GELDROP;1771;GELDROP-MIERLO;Bijzonder;0402867715;www.strabrecht.nl;MAVO/HAVO/VWO;Postbus;1310;5602 BH;EINDHOVEN;70;Eindhoven;28;Zuidoost-Brabant;37;Zuidoost-Brabant;36;Zuidoost-Noord-Brabant;22;Zuidoost-Noord-Brabant;37;Zuidoost-Brabant;Zuid
Noord-Brabant;41840;20BK;20BK00;Openbaar Stedelijk College Eindhoven voor Atheneum Havo Mavo Vbo Lwoo;Henegouwenlaan;2-2A;5628 WK;EINDHOVEN;0772;EINDHOVEN;Openbaar;0402645367;www.stedelijkcollege.nl;VBO/MAVO/HAVO/VWO;Postbus;1310;5602 BH;EINDHOVEN;70;Eindhoven;28;Zuidoost-Brabant;37;Zuidoost-Brabant;36;Zuidoost-Noord-Brabant;22;Zuidoost-Noord-Brabant;37;Zuidoost-Brabant;Zuid
Noord-Brabant;41840;20BK;20BK01;Openbaar Stedelijk College Eindhoven voor Atheneum Havo Mavo Vbo Lwoo;Oude Bossche Baan;20;5624 AA;EINDHOVEN;0772;EINDHOVEN;Openbaar;0402645364;www.stedelijkcollege.nl;VBO/MAVO;Postbus;1310;5602 BH;EINDHOVEN;70;Eindhoven;28;Zuidoost-Brabant;37;Zuidoost-Brabant;36;Zuidoost-Noord-Brabant;22;Zuidoost-Noord-Brabant;37;Zuidoost-Brabant;Zuid
Noord-Brabant;41840;20BK;20BK03;Openbaar Stedelijk College Eindhoven voor Atheneum Havo Mavo Vbo Lwoo;Oirschotsedijk;14-B;5651 GC;EINDHOVEN;0772;EINDHOVEN;Openbaar;0402519437;www.isecampus.nl;HAVO/VWO;Postbus;1310;5602 BH;EINDHOVEN;70;Eindhoven;28;Zuidoost-Brabant;37;Zuidoost-Brabant;36;Zuidoost-Noord-Brabant;22;Zuidoost-Noord-Brabant;37;Zuidoost-Brabant;Zuid
Noord-Brabant;41840;20BK;20BK06;Openbaar Stedelijk College Eindhoven voor Atheneum Havo Mavo Vbo Lwoo;Broodberglaan;3;5628 EJ;EINDHOVEN;0772;EINDHOVEN;Openbaar; ; ;VBO/MAVO; ; ; ; ;70;Eindhoven;28;Zuidoost-Brabant;37;Zuidoost-Brabant;36;Zuidoost-Noord-Brabant;22;Zuidoost-Noord-Brabant;37;Zuidoost-Brabant;Zuid
Noord-Brabant;41882;30BC;30BC00;SiNTLUCAS;Torenallee;75;5617 BB;EINDHOVEN;0772;EINDHOVEN;Bijzonder;0402591391;www.sintlucas.nl;VBO;Postbus;872;5600 AW;EINDHOVEN;70;Eindhoven;28;Zuidoost-Brabant;37;Zuidoost-Brabant;36;Zuidoost-Noord-Brabant;22;Zuidoost-Noord-Brabant;37;Zuidoost-Brabant;Zuid
Noord-Brabant;42992;02QO;02QO00;Sint-Oelbert vwo;Warandelaan;3;4904 PA;OOSTERHOUT NB;0826;OOSTERHOUT;Bijzonder;0162447474;www.oelbert.nl;VWO;Postbus;212;4900 AE;OOSTERHOUT NB;66;Breda;25;West-Brabant;34;West-Brabant;33;West-Noord-Brabant;20;West-Noord-Brabant;34;West-Brabant;Zuid
Noord-Brabant;42992;03AM;03AM00;Stedelijk Gymnasium Breda;Nassausingel;7;4811 DE;BREDA;0758;BREDA;Openbaar;0765225040;www.gymnasiumbreda.nl;VWO;Nassausingel;7;4811 DE;BREDA;66;Breda;25;West-Brabant;34;West-Brabant;33;West-Noord-Brabant;20;West-Noord-Brabant;34;West-Brabant;Zuid
Noord-Brabant;42992;14SZ;14SZ00;Newmancollege Rooms Katholieke Scholengemeenschap voor Vwo Havo Mavo;Verviersstraat;4;4826 HT;BREDA;0758;BREDA;Bijzonder;0765810450;www.newmancollege.nl;MAVO/HAVO/VWO;Verviersstraat;4;4826 HT;BREDA;66;Breda;25;West-Brabant;34;West-Brabant;33;West-Noord-Brabant;20;West-Noord-Brabant;34;West-Brabant;Zuid
Noord-Brabant;42992;16RF;16RF00;Onze Lieve Vrouwelyceum - Breda;Paul Windhausenweg;11;4818 TA;BREDA;0758;BREDA;Bijzonder;0765224707;www.olvbreda.nl;HAVO/VWO;Paul Windhausenweg;11;4818 TA;BREDA;66;Breda;25;West-Brabant;34;West-Brabant;33;West-Noord-Brabant;20;West-Noord-Brabant;34;West-Brabant;Zuid
Noord-Brabant;42992;25GC;25GC00;Scholengemeenschap Breda voor Katholiek Lyceum Havo Mavo Vbo Lwoo;Emerweg;29;4814 NA;BREDA;0758;BREDA;Bijzonder;0765601370;www.sgbreda.nl;VBO/MAVO/HAVO/VWO;Postbus;2220;4800 CE;BREDA;66;Breda;25;West-Brabant;34;West-Brabant;33;West-Noord-Brabant;20;West-Noord-Brabant;34;West-Brabant;Zuid
Noord-Brabant;42992;25GC;25GC01;Scholengemeenschap Breda voor Katholiek Lyceum Havo Mavo Vbo Lwoo;van Riebeecklaan;2;4818 EB;BREDA;0758;BREDA;Bijzonder;0765219352; ;VBO/MAVO;van Riebeecklaan;2;4818 EB;BREDA;66;Breda;25;West-Brabant;34;West-Brabant;33;West-Noord-Brabant;20;West-Noord-Brabant;34;West-Brabant;Zuid
Noord-Brabant;42992;25GC;25GC02;Scholengemeenschap Breda voor Katholiek Lyceum Havo Mavo Vbo Lwoo;Mendelssohnlaan;1;4837 CV;BREDA;0758;BREDA;Bijzonder;0765601350; ;HAVO/VWO;Postbus;4806;4803 EV;BREDA;66;Breda;25;West-Brabant;34;West-Brabant;33;West-Noord-Brabant;20;West-Noord-Brabant;34;West-Brabant;Zuid
Noord-Brabant;42992;25GC;25GC03;Scholengemeenschap Breda voor Katholiek Lyceum Havo Mavo Vbo Lwoo;Akkermolenweg;2-D;4881 BL;ZUNDERT;0879;ZUNDERT;Bijzonder;0765995050; ;VBO/MAVO/HAVO/VWO;Akkermolenweg;2-D;4881 BL;ZUNDERT;66;Breda;25;West-Brabant;34;West-Brabant;33;West-Noord-Brabant;20;West-Noord-Brabant;34;West-Brabant;Zuid
Noord-Brabant;42992;25GC;25GC08;Scholengemeenschap Breda voor Katholiek Lyceum Havo Mavo Vbo Lwoo;Sportlaan;1;5111 BX;BAARLE-NASSAU;0744;BAARLE-NASSAU;Bijzonder;0135079495; ;VBO/MAVO;Sportlaan;1;5111 BX;BAARLE-NASSAU;68;Tilburg;26;Midden-Brabant;34;West-Brabant;34;Midden-Noord-Brabant;21;Tilburg en omstreken;35;Midden-Brabant;Zuid
Noord-Brabant;42992;25GC;25GC09;Scholengemeenschap Breda voor Katholiek Lyceum Havo Mavo Vbo Lwoo;Nieuwe Inslag;46;4817 GX;BREDA;0758;BREDA;Bijzonder;0765612952;www.christoffelbreda.nl;VBO/MAVO;Nieuwe Inslag;46;4817 GX;BREDA;66;Breda;25;West-Brabant;34;West-Brabant;33;West-Noord-Brabant;20;West-Noord-Brabant;34;West-Brabant;Zuid
Noord-Brabant;42992;25GC;25GC10;Scholengemeenschap Breda voor Katholiek Lyceum Havo Mavo Vbo Lwoo;Emerweg;31;4814 NA;BREDA;0758;BREDA;Bijzonder;0765431888;www.michaelcollege.nl;VBO/MAVO/HAVO/VWO;Emerweg;31;4814 NA;BREDA;66;Breda;25;West-Brabant;34;West-Brabant;33;West-Noord-Brabant;20;West-Noord-Brabant;34;West-Brabant;Zuid
Noord-Brabant;42992;25GC;25GC11;Scholengemeenschap Breda voor Katholiek Lyceum Havo Mavo Vbo Lwoo;Emerweg;27;4814 NA;BREDA;0758;BREDA;Bijzonder;0765729864;www.orionlyceum.nl;HAVO/VWO;Postbus;3219;4800 DE;BREDA;66;Breda;25;West-Brabant;34;West-Brabant;33;West-Noord-Brabant;20;West-Noord-Brabant;34;West-Brabant;Zuid
Noord-Brabant;42992;31TK;31TK00;Graaf Engelbrecht voor mavo/havo/vwo;Ganzerik;3;4822 RK;BREDA;0758;BREDA;Openbaar;0765421191;www.graafengelbrecht.nl;VBO/MAVO/HAVO/VWO;Ganzerik;3;4822 RK;BREDA;66;Breda;25;West-Brabant;34;West-Brabant;33;West-Noord-Brabant;20;West-Noord-Brabant;34;West-Brabant;Zuid
Noord-Brabant;43239;02GF;02GF00;Mgr Frencken College voor Atheneum en Havo;Slotlaan;40;4902 AE;OOSTERHOUT NB;0826;OOSTERHOUT;Bijzonder;0162426355;www.frenckencollege.nl;HAVO/VWO;Postbus;506;4900 AM;OOSTERHOUT NB;66;Breda;25;West-Brabant;34;West-Brabant;33;West-Noord-Brabant;20;West-Noord-Brabant;34;West-Brabant;Zuid
Noord-Brabant;59282;00YH;00YH01;Protestants Christelijke Scholengemeenschap Oude Hoven voor Lyceum Havo Mavo Vbo;Munnikenland;27;4254 EA;SLEEUWIJK;1959;ALTENA;Bijzonder; ;www.cvo-av.nl;VBO/MAVO;Postbus;667;4200 AR;GORINCHEM;52;Gorinchem;25;West-Brabant;34;West-Brabant;34;Midden-Noord-Brabant;18;Dordrecht-Gorinchem;34;West-Brabant;Midden
Noord-Brabant;59282;01GH;01GH00;W v Oranje Coll Chr SGM v Ath Havo Mavo Vbo Lwoo;De Gaard;4;5146 AW;WAALWIJK;0867;WAALWIJK;Bijzonder;0416333069;www.het-willem.nl;VBO/MAVO/HAVO/VWO;De Gaard;4;5146 AW;WAALWIJK;67;Waalwijk;26;Midden-Brabant;35;Midden-Brabant;34;Midden-Noord-Brabant;12;Noord-Noord-Brabant;35;Midden-Brabant;Zuid
Noord-Brabant;59282;01GH;01GH01;W v Oranje Coll Chr SGM v Ath Havo Mavo Vbo Lwoo;Perzikstraat;7;4261 KC;WIJK EN AALBURG;1959;ALTENA;Bijzonder;0416691722; ;VBO/MAVO;Perzikstraat;7;4261 KC;WIJK EN AALBURG;52;Gorinchem;25;West-Brabant;34;West-Brabant;34;Midden-Noord-Brabant;18;Dordrecht-Gorinchem;34;West-Brabant;Midden
Noord-Brabant;59282;01GH;01GH03;W v Oranje Coll Chr SGM v Ath Havo Mavo Vbo Lwoo;Burg van Casterenstraat;41;5146 GA;WAALWIJK;0867;WAALWIJK;Bijzonder; ; ;VBO/MAVO/HAVO/VWO;Burg van Casterenstraat;41;5146 GA;WAALWIJK;67;Waalwijk;26;Midden-Brabant;35;Midden-Brabant;34;Midden-Noord-Brabant;12;Noord-Noord-Brabant;35;Midden-Brabant;Zuid
Noord-Brabant;59282;01GH;01GH04;W v Oranje Coll Chr SGM v Ath Havo Mavo Vbo Lwoo loc. Wereldschool;Baardwijksestraat;44;5142 WG;WAALWIJK;0867;WAALWIJK;Bijzonder; ; ;BRUGJAAR;De Gaard;4;5146 AW;WAALWIJK;67;Waalwijk;26;Midden-Brabant;35;Midden-Brabant;34;Midden-Noord-Brabant;12;Noord-Noord-Brabant;35;Midden-Brabant;Zuid
Noord-Brabant;59282;01GH;01GH05;W v Oranje Coll Chr SGM v Ath Havo Mavo Vbo Lwoo;Baardwijksestraat;44;5142 WG;WAALWIJK;0867;WAALWIJK;Bijzonder; ; ;BRUGJAAR;De Gaard;4;5146 AW;WAALWIJK;67;Waalwijk;26;Midden-Brabant;35;Midden-Brabant;34;Midden-Noord-Brabant;12;Noord-Noord-Brabant;35;Midden-Brabant;Zuid
Noord-Brabant;59282;23DB;23DB00;MET Praktijkonderwijs Waalwijk;Koetshuislaan;1;5146 BA;WAALWIJK;0867;WAALWIJK;Bijzonder;0416333146;www.met-pro.nl;PRO;Postbus;88;5140 AB;WAALWIJK;67;Waalwijk;26;Midden-Brabant;35;Midden-Brabant;34;Midden-Noord-Brabant;12;Noord-Noord-Brabant;35;Midden-Brabant;Zuid
Noord-Brabant;73114;12PR;12PR00;Praktijkcollege Tilburg;Brittendreef;9;5012 AE;TILBURG;0855;TILBURG;Bijzonder;0134632296;www.praktijkcollegetilburg.nl;PRO;Brittendreef;9;5012 AE;TILBURG;68;Tilburg;26;Midden-Brabant;35;Midden-Brabant;34;Midden-Noord-Brabant;21;Tilburg en omstreken;35;Midden-Brabant;Zuid
Noord-Brabant;91092;02XS;02XS00;Altena College Christelijke Scholengemeenschap voor Atheneum Havo en Mavo;Rijksstraatweg;153;4254 XD;SLEEUWIJK;1959;ALTENA;Bijzonder;0183302944;www.altenacollege.nl;MAVO/HAVO/VWO;De Nieuwe Roef;3;4254 XX;SLEEUWIJK;52;Gorinchem;25;West-Brabant;34;West-Brabant;34;Midden-Noord-Brabant;18;Dordrecht-Gorinchem;34;West-Brabant;Midden
Noord-Holland;13278;13EE;13EE00;Regionale Scholengemeenschap Enkhuizen voor MAVO HAVO VWO;Boendersveld;3;1602 DK;ENKHUIZEN;0388;ENKHUIZEN;Openbaar;0228350800;www.rsg-enkhuizen.nl;MAVO/HAVO/VWO;Boendersveld;3;1602 DK;ENKHUIZEN;39;Enkhuizen;19;Noord-Holland-Noord;22;Westfriesland;18;Kop van Noord-Holland;14;Noord-Noord-Holland;22;West-Friesland;Noord
Noord-Holland;13556;20DG;20DG00;Gymnasium Felisenum;Van Hogendorplaan;2;1981 EE;VELSEN-ZUID;0453;VELSEN;Openbaar;0255545710;www.felisenum.nl;VWO;Van Hogendorplaan;2;1981 EE;VELSEN-ZUID;42;Velsen;20;Zuidelijk Noord-Holland;25;West-Kennemerland;20;IJmond;15;Zuid-Noord-Holland;25;Zuid-Kennemerland en IJmond;Noord
Noord-Holland;13556;20QY;20QY00;Stedelijk Gymnasium;Prinsenhof;3;2011 TR;HAARLEM;0392;HAARLEM;Openbaar;0235125353;www.sghaarlem.nl;VWO;Prinsenhof;3;2011 TR;HAARLEM;43;Haarlem;20;Zuidelijk Noord-Holland;25;West-Kennemerland;21;Agglomeratie Haarlem;15;Zuid-Noord-Holland;25;Zuid-Kennemerland en IJmond;Noord
Noord-Holland;13556;21AB;21AB00;Barlaeus Gymnasium;Weteringschans;31;1017 RV;AMSTERDAM;0363;AMSTERDAM;Openbaar;0206263396;www.barlaeus.nl;VWO;Weteringschans;29-31;1017 RV;AMSTERDAM;44;Amsterdam;20;Zuidelijk Noord-Holland;21;Agglomeratie Amsterdam;23;Groot-Amsterdam;15;Zuid-Noord-Holland;21;Agglomeratie Amsterdam;Noord
Noord-Holland;13556;21AF;21AF00;Vossius Gymnasium;Messchaertstraat;1;1077 WS;AMSTERDAM;0363;AMSTERDAM;Openbaar;0206620934;www.vossius.nl;VWO;Messchaertstraat;1;1077 WS;AMSTERDAM;44;Amsterdam;20;Zuidelijk Noord-Holland;21;Agglomeratie Amsterdam;23;Groot-Amsterdam;15;Zuid-Noord-Holland;21;Agglomeratie Amsterdam;Noord
Noord-Holland;13652;01XF;01XF00;osg Willem Blaeu voor vwo havo mavo en vbo;Robonsbosweg;11;1816 MK;ALKMAAR;0361;ALKMAAR;Openbaar;0725122477;www.willemblaeu.nl;VBO/MAVO/HAVO/VWO;Postbus;9335;1800 GH;ALKMAAR;38;Alkmaar;19;Noord-Holland-Noord;24;Noord-Kennemerland;19;Alkmaar en omgeving;14;Noord-Noord-Holland;24;Noord-Kennemerland;Noord
Noord-Holland;13652;01XF;01XF01;osg Willem Blaeu voor vwo havo mavo en vbo, vestiging Van der Meij College;Gravin Jacobastraat;1;1823 DS;ALKMAAR;0361;ALKMAAR;Openbaar;0725675570;www.vandermeijcollege.nl;VBO/MAVO;Postbus;9376;1800 GJ;ALKMAAR;38;Alkmaar;19;Noord-Holland-Noord;24;Noord-Kennemerland;19;Alkmaar en omgeving;14;Noord-Noord-Holland;24;Noord-Kennemerland;Noord
Noord-Holland;13652;08UV;08UV00;Focus school voor praktijkonderwijs;Umbriellaan;1;1702 AJ;HEERHUGOWAARD;1980;DIJK EN WAARD;Openbaar;0725400205;www.focus-heerhugowaard.nl;PRO;Umbriellaan;1;1702 AJ;HEERHUGOWAARD;38;Alkmaar;19;Noord-Holland-Noord;24;Noord-Kennemerland;19;Alkmaar en omgeving;14;Noord-Noord-Holland;24;Noord-Kennemerland;Noord
Noord-Holland;13652;16ST;16ST00;Berger Scholengemeenschap voor vwo havo en mavo;Rondelaan;34;1861 ED;BERGEN NH;0373;BERGEN NH;Openbaar;0725894118;www.berger-sg.nl;VBO/MAVO/HAVO/VWO;Rondelaan;34;1861 ED;BERGEN NH;38;Alkmaar;19;Noord-Holland-Noord;24;Noord-Kennemerland;19;Alkmaar en omgeving;14;Noord-Noord-Holland;24;Noord-Kennemerland;Noord
Noord-Holland;13652;17DD;17DD00;rsg Wiringherlant voor vwo havo mavo en vbo;Dokter Tamsmalaan;1-A;1771 AB;WIERINGERWERF;1911;HOLLANDS KROON;Openbaar;0227513830;www.wiringherlant.nl;VBO/MAVO/HAVO/VWO;Postbus;29;1770 AA;WIERINGERWERF;37;Den Helder;19;Noord-Holland-Noord;23;Kop van Noord-Holland;18;Kop van Noord-Holland;14;Noord-Noord-Holland;23;Kop van Noord-Holland;Noord
Noord-Holland;13652;19YT;19YT00;De Viaan, school voor praktijkonderwijs;Havinghastraat;11;1817 DA;ALKMAAR;0361;ALKMAAR;Openbaar;0725115213;www.de-viaan.nl;PRO;Havinghastraat;11;1817 DA;ALKMAAR;38;Alkmaar;19;Noord-Holland-Noord;24;Noord-Kennemerland;19;Alkmaar en omgeving;14;Noord-Noord-Holland;24;Noord-Kennemerland;Noord
Noord-Holland;13652;19ZQ;19ZQ00;Stedelijk Dalton College Alkmaar voor vwo havo mavo en vbo;Arubastraat;4;1825 PV;ALKMAAR;0361;ALKMAAR;Openbaar;0725625000;www.daltonalkmaar.nl;VBO/MAVO/HAVO/VWO;Postbus;9109;1800 GC;ALKMAAR;38;Alkmaar;19;Noord-Holland-Noord;24;Noord-Kennemerland;19;Alkmaar en omgeving;14;Noord-Noord-Holland;24;Noord-Kennemerland;Noord
Noord-Holland;13652;19ZQ;19ZQ02;Stedelijk Dalton College Alkmaar voor vwo havo mavo en vbo,vest. Van der Meij;Gravin Jacobastraat;1;1823 DS;ALKMAAR;0361;ALKMAAR;Openbaar;0725675570; ;VBO/MAVO;Postbus;9376;1800 GJ;ALKMAAR;38;Alkmaar;19;Noord-Holland-Noord;24;Noord-Kennemerland;19;Alkmaar en omgeving;14;Noord-Noord-Holland;24;Noord-Kennemerland;Noord
Noord-Holland;13652;19ZX;19ZX00;Huygens College Heerhugowaard voor vwo havo mavo en vbo;Middenweg;68;1703 RD;HEERHUGOWAARD;1980;DIJK EN WAARD;Openbaar;0725765700;www.huygens.nl;VBO/MAVO/HAVO/VWO;Postbus;220;1700 AE;HEERHUGOWAARD;38;Alkmaar;19;Noord-Holland-Noord;24;Noord-Kennemerland;19;Alkmaar en omgeving;14;Noord-Noord-Holland;24;Noord-Kennemerland;Noord
Noord-Holland;13652;19ZX;19ZX01;Huygens College Heerhugowaard voor vwo havo mavo en vbo;Umbriellaan;3;1702 AJ;HEERHUGOWAARD;1980;DIJK EN WAARD;Openbaar;0725765700; ;VBO;Postbus;220;1700 AE;HEERHUGOWAARD;38;Alkmaar;19;Noord-Holland-Noord;24;Noord-Kennemerland;19;Alkmaar en omgeving;14;Noord-Noord-Holland;24;Noord-Kennemerland;Noord
Noord-Holland;13652;19ZX;19ZX02;Huygens College Heerhugowaard voor vwo havo mavo en vbo;Umbriellaan;6;1702 AJ;HEERHUGOWAARD;1980;DIJK EN WAARD;Openbaar; ; ;VBO;Bergmolen;13;1703 NX;HEERHUGOWAARD;38;Alkmaar;19;Noord-Holland-Noord;24;Noord-Kennemerland;19;Alkmaar en omgeving;14;Noord-Noord-Holland;24;Noord-Kennemerland;Noord
Noord-Holland;13652;19ZX;19ZX04;Huygens College Heerhugowaard voor vwo havo mavo en vbo;Windmolen;4;1703 PS;HEERHUGOWAARD;1980;DIJK EN WAARD;Openbaar; ; ;VBO/MAVO/HAVO/VWO;Postbus;220;1700 AE;HEERHUGOWAARD;38;Alkmaar;19;Noord-Holland-Noord;24;Noord-Kennemerland;19;Alkmaar en omgeving;14;Noord-Noord-Holland;24;Noord-Kennemerland;Noord
Noord-Holland;13652;20AA;20AA00;Murmellius Gymnasium;Bergerhout;1;1815 DA;ALKMAAR;0361;ALKMAAR;Openbaar;0725272072;www.murmellius.nl;VWO;Bergerhout;1;1815 DA;ALKMAAR;38;Alkmaar;19;Noord-Holland-Noord;24;Noord-Kennemerland;19;Alkmaar en omgeving;14;Noord-Noord-Holland;24;Noord-Kennemerland;Noord
Noord-Holland;13749;20DD;20DD00;Gemeentelijk Gymnasium;Vaartweg;54;1217 SV;HILVERSUM;0402;HILVERSUM;Openbaar;0356241181;www.gymnasiumhilversum.nl.;VWO;Vaartweg;54;1217 SV;HILVERSUM;45;Hilversum;16;Gooi en Vechtstreek;20;Gooi en Vechtstreek;24;Het Gooi en Vechtstreek;15;Zuid-Noord-Holland;20;Gooi en Vechtstreek;Noord
Noord-Holland;13749;20DD;20DD02;Gemeentelijk Gymnasium;Badhuislaan;10-A;1217 SK;HILVERSUM;0402;HILVERSUM;Openbaar; ; ;VWO;Vaartweg;54;1217 SV;HILVERSUM;45;Hilversum;16;Gooi en Vechtstreek;20;Gooi en Vechtstreek;24;Het Gooi en Vechtstreek;15;Zuid-Noord-Holland;20;Gooi en Vechtstreek;Noord
Noord-Holland;20187;03FO;03FO00;CVO 't Gooi  voor Lyc Havo VMBO Lwoo;Bisonlaan;1;1217 GH;HILVERSUM;0402;HILVERSUM;Bijzonder;0356215751;www.comenius-hilversum.nl;VBO/MAVO/HAVO/VWO;Postbus;153;1200 AD;HILVERSUM;45;Hilversum;16;Gooi en Vechtstreek;20;Gooi en Vechtstreek;24;Het Gooi en Vechtstreek;15;Zuid-Noord-Holland;20;Gooi en Vechtstreek;Noord
Noord-Holland;20187;03FO;03FO01;CVO 't Gooi voor Lyc Havo VMBO Lwoo loc. Hilfertsheem College;Lieven de Keylaan;58;1222 LH;HILVERSUM;0402;HILVERSUM;Bijzonder;0356831557;www.hilfertsheem.nl;VBO/MAVO;Postbus;268;1200 AG;HILVERSUM;45;Hilversum;16;Gooi en Vechtstreek;20;Gooi en Vechtstreek;24;Het Gooi en Vechtstreek;15;Zuid-Noord-Holland;20;Gooi en Vechtstreek;Noord
Noord-Holland;20187;03FO;03FO04;CVO 't Gooi voor Lyc Havo VMBO Lwoo loc. Lucent College;Larenseweg;127;1221 CL;HILVERSUM;0402;HILVERSUM;Bijzonder;0356950172;www.lucentcollege.nl;VBO/MAVO/HAVO;Postbus;153;1200 AD;HILVERSUM;45;Hilversum;16;Gooi en Vechtstreek;20;Gooi en Vechtstreek;24;Het Gooi en Vechtstreek;15;Zuid-Noord-Holland;20;Gooi en Vechtstreek;Noord
Noord-Holland;20208;32KP;32KP00;Kairos College;Buiksloterdijk;332;1034 ZG;AMSTERDAM;0363;AMSTERDAM;Overige;0639766819;https://www.kairostienercollege.nl/;MAVO/HAVO/VWO;Meeuwenlaan;136;1022 AM;AMSTERDAM;44;Amsterdam;20;Zuidelijk Noord-Holland;21;Agglomeratie Amsterdam;23;Groot-Amsterdam;15;Zuid-Noord-Holland;21;Agglomeratie Amsterdam;Noord
Noord-Holland;21464;16PN;16PN00;Joodse Scholengemeenschap Maimonides voor Ath Mavo En Afd Havo;Noordbrabantstraat;17;1083 BE;AMSTERDAM;0363;AMSTERDAM;Bijzonder;0206426161;www.jsgmaimonides.nl;VBO/MAVO/HAVO/VWO;Postbus;87058;1080 JB;AMSTERDAM;44;Amsterdam;20;Zuidelijk Noord-Holland;21;Agglomeratie Amsterdam;23;Groot-Amsterdam;15;Zuid-Noord-Holland;21;Agglomeratie Amsterdam;Noord
Noord-Holland;26157;16PS;16PS00;Montessori Lyceum Amsterdam;Pieter de Hoochstraat;59;1071 ED;AMSTERDAM;0363;AMSTERDAM;Bijzonder;0206767855;www.montessorilyceumamsterdam.nl;VBO/MAVO/HAVO/VWO;Postbus;92048;1090 AA;AMSTERDAM;44;Amsterdam;20;Zuidelijk Noord-Holland;21;Agglomeratie Amsterdam;23;Groot-Amsterdam;15;Zuid-Noord-Holland;21;Agglomeratie Amsterdam;Noord
Noord-Holland;26157;16PS;16PS04;Montessori SG Amsterdam voor Lyceum Havo Mavo Vbo Lwoo, vestiging IVKO;Rustenburgerstraat;15;1074 EP;AMSTERDAM;0363;AMSTERDAM;Bijzonder;0205979360;www.ivko.nl;VBO/MAVO/HAVO;Postbus;92048;1090 AA;AMSTERDAM;44;Amsterdam;20;Zuidelijk Noord-Holland;21;Agglomeratie Amsterdam;23;Groot-Amsterdam;15;Zuid-Noord-Holland;21;Agglomeratie Amsterdam;Noord
Noord-Holland;26157;16PS;16PS07;Montessori Scholengemeenschap Amsterdam locatie Metis Montessori Lyceum;Mauritskade;58;1092 AD;AMSTERDAM;0363;AMSTERDAM;Bijzonder;0205979301;www.hetMML.nl;VBO/MAVO/HAVO/VWO;Postbus;92048;1090 AA;AMSTERDAM;44;Amsterdam;20;Zuidelijk Noord-Holland;21;Agglomeratie Amsterdam;23;Groot-Amsterdam;15;Zuid-Noord-Holland;21;Agglomeratie Amsterdam;Noord
Noord-Holland;26157;16PS;16PS08;Montessori SG Amsterdam v Lyceum Havo Mavo Vbo Lwoo, Montessori Lyceum Oostpoort;Polderweg;3;1093 KL;AMSTERDAM;0363;AMSTERDAM;Bijzonder;0205979842;www.oostpoort.nl;VBO/MAVO/HAVO/VWO/PRO;Postbus;92048;1090 AA;AMSTERDAM;44;Amsterdam;20;Zuidelijk Noord-Holland;21;Agglomeratie Amsterdam;23;Groot-Amsterdam;15;Zuid-Noord-Holland;21;Agglomeratie Amsterdam;Noord
Noord-Holland;26157;16PS;16PS16;Montessori SG Amsterdam voor Lyceum Havo Mavo Vbo Lwoo, vest. Kiem Montessori;Tweede Oosterparkstraat;33;1091 HV;AMSTERDAM;0363;AMSTERDAM;Bijzonder;0205979804;www.hetmml.nl;VBO/MAVO/HAVO;Postbus;92065;1090 AB;AMSTERDAM;44;Amsterdam;20;Zuidelijk Noord-Holland;21;Agglomeratie Amsterdam;23;Groot-Amsterdam;15;Zuid-Noord-Holland;21;Agglomeratie Amsterdam;Noord
Noord-Holland;26157;16PS;16PS17;Montessori Sg Amsterdam vestiging  MLA-VOS;Van Ostadestraat;103;1072 ST;AMSTERDAM;0363;AMSTERDAM;Bijzonder;0206767855;www.montessorilyceumamsterdam.nl;VBO/MAVO/HAVO/VWO;Postbus;92048;1090 AA;AMSTERDAM;44;Amsterdam;20;Zuidelijk Noord-Holland;21;Agglomeratie Amsterdam;23;Groot-Amsterdam;15;Zuid-Noord-Holland;21;Agglomeratie Amsterdam;Noord
Noord-Holland;26157;16PS;16PS18;Montessori SG Amsterdam, vestiging Montessori Lyceum Pax;C. van Eesterenlaan;50;1019 JN;AMSTERDAM;0363;AMSTERDAM;Bijzonder;0206767855;www.montessorilyceumamsterdam.nl;VBO/MAVO/HAVO/VWO;Postbus;92048;1090 AA;AMSTERDAM;44;Amsterdam;20;Zuidelijk Noord-Holland;21;Agglomeratie Amsterdam;23;Groot-Amsterdam;15;Zuid-Noord-Holland;21;Agglomeratie Amsterdam;Noord
Noord-Holland;26157;16PS;16PS19;Montessori SG Amsterdam, Vestiging Oostpoort Nieuwkomers Kruseman;Cornelis Krusemanstraat;68;1075 NS;AMSTERDAM;0363;AMSTERDAM;Bijzonder; ; ;VBO/MAVO/HAVO/VWO;Cornelis Krusemanstraat;68;1075 NS;AMSTERDAM;44;Amsterdam;20;Zuidelijk Noord-Holland;21;Agglomeratie Amsterdam;23;Groot-Amsterdam;15;Zuid-Noord-Holland;21;Agglomeratie Amsterdam;Noord
Noord-Holland;26157;16PS;16PS20;Montessori SG Amsterdam, vestiging Oostpoort Nieuwkomers Soembawa;Soembawastraat;63;1095 VZ;AMSTERDAM;0363;AMSTERDAM;Overige; ; ;VBO/MAVO/HAVO/VWO; ; ; ; ;44;Amsterdam;20;Zuidelijk Noord-Holland;21;Agglomeratie Amsterdam;23;Groot-Amsterdam;15;Zuid-Noord-Holland;21;Agglomeratie Amsterdam;Noord
Noord-Holland;26157;16PS;16PS21;Montessori Lyceum Terra Nova;Pampuslaan;1;1087 HP;AMSTERDAM;0363;AMSTERDAM;Bijzonder; ;www.mlterranova.nl;VBO/MAVO/HAVO/VWO;Pampuslaan;1;1087 HP;AMSTERDAM;44;Amsterdam;20;Zuidelijk Noord-Holland;21;Agglomeratie Amsterdam;23;Groot-Amsterdam;15;Zuid-Noord-Holland;21;Agglomeratie Amsterdam;Noord
Noord-Holland;26898;02AP;02AP00;Het Amsterdams Lyceum;Valeriusplein;15;1075 BJ;AMSTERDAM;0363;AMSTERDAM;Bijzonder;0205747744;www.amsterdamslyceum.nl;VWO;Valeriusplein;15;1075 BJ;AMSTERDAM;44;Amsterdam;20;Zuidelijk Noord-Holland;21;Agglomeratie Amsterdam;23;Groot-Amsterdam;15;Zuid-Noord-Holland;21;Agglomeratie Amsterdam;Noord
Noord-Holland;26898;02AP;02AP05;Het Amsterdams Lyceum;Olympiaplein;6;1076 AB;AMSTERDAM;0363;AMSTERDAM;Bijzonder; ; ;VWO;Valeriusplein;15;1075 BJ;AMSTERDAM;44;Amsterdam;20;Zuidelijk Noord-Holland;21;Agglomeratie Amsterdam;23;Groot-Amsterdam;15;Zuid-Noord-Holland;21;Agglomeratie Amsterdam;Noord
Noord-Holland;30742;26JY;26JY00;De Pijler school voor praktijk onderwijs;Drs. F. Bijlweg;232;1784 MC;DEN HELDER;0400;DEN HELDER;Bijzonder;0883433300;www.de-pijler.nl;PRO;Drs. F. Bijlweg;232;1784 MC;DEN HELDER;37;Den Helder;19;Noord-Holland-Noord;23;Kop van Noord-Holland;18;Kop van Noord-Holland;14;Noord-Noord-Holland;23;Kop van Noord-Holland;Noord
Noord-Holland;30742;26JY;26JY01;De Pijler school voor praktijk onderwijs;Haffelderweg;40;1791 AS;DEN BURG;0448;TEXEL;Bijzonder; ; ;PRO;Postbus;6009;1780 KA;DEN HELDER;37;Den Helder;19;Noord-Holland-Noord;23;Kop van Noord-Holland;18;Kop van Noord-Holland;14;Noord-Noord-Holland;23;Kop van Noord-Holland;Noord
Noord-Holland;40586;17YS;17YS00;Esprit Scholen voor Lyceum Havo Mavo Vbo Lwoo;Burg Hogguerstraat;2;1064 EB;AMSTERDAM;0363;AMSTERDAM;Bijzonder;0205854811;www.mundus.espritscholen.nl;VBO/MAVO/HAVO/VWO/PRO;Jan van Galenstraat;31;1051 KM;AMSTERDAM;44;Amsterdam;20;Zuidelijk Noord-Holland;21;Agglomeratie Amsterdam;23;Groot-Amsterdam;15;Zuid-Noord-Holland;21;Agglomeratie Amsterdam;Noord
Noord-Holland;40586;17YS;17YS02;Esprit Scholengroep voor Lyceum Havo Mavo Vbo Lwoo;Piet Mondriaanstraat;140;1061 TT;AMSTERDAM;0363;AMSTERDAM;Bijzonder;0204802700;www.denise.espritscholen.nl;VBO/MAVO/HAVO/VWO;Jan van Galenstraat;31;1051 KM;AMSTERDAM;44;Amsterdam;20;Zuidelijk Noord-Holland;21;Agglomeratie Amsterdam;23;Groot-Amsterdam;15;Zuid-Noord-Holland;21;Agglomeratie Amsterdam;Noord
Noord-Holland;40586;17YS;17YS03;Esprit Scholengroep Voor Lyceum Havo Mavo Vbo Lwoo;Pieter Lodewijk Takstr;33-34;1073 KJ;AMSTERDAM;0363;AMSTERDAM;Bijzonder;0205845811;berlage.espritscholen.nl;VBO/MAVO/HAVO/VWO;Jan van Galenstraat;31;1051 KM;AMSTERDAM;44;Amsterdam;20;Zuidelijk Noord-Holland;21;Agglomeratie Amsterdam;23;Groot-Amsterdam;15;Zuid-Noord-Holland;21;Agglomeratie Amsterdam;Noord
Noord-Holland;40586;17YS;17YS04;Esprit Scholengroep voor Lyceum Havo Mavo Vbo Lwoo;Jan van Galenstraat;31;1051 KM;AMSTERDAM;0363;AMSTERDAM;Bijzonder;0205845811;marcanti.espritscholen.nl;VBO/MAVO/HAVO/VWO;Jan van Galenstraat;31;1051 KM;AMSTERDAM;44;Amsterdam;20;Zuidelijk Noord-Holland;21;Agglomeratie Amsterdam;23;Groot-Amsterdam;15;Zuid-Noord-Holland;21;Agglomeratie Amsterdam;Noord
Noord-Holland;40586;17YS;17YS08;Esprit Scholengroep voor Lyceum Havo Mavo Vbo Lwoo;Frederik Hendrikplnts;7-A;1052 XN;AMSTERDAM;0363;AMSTERDAM;Bijzonder;0205854811;comenius.espritscholen.nl;VBO/MAVO/HAVO/VWO;Jan van Galenstraat;31;1051 KM;AMSTERDAM;44;Amsterdam;20;Zuidelijk Noord-Holland;21;Agglomeratie Amsterdam;23;Groot-Amsterdam;15;Zuid-Noord-Holland;21;Agglomeratie Amsterdam;Noord
Noord-Holland;40586;17YS;17YS12;Esprit Scholengroep voor Luceum Havo Mavo Vbo Lwoo;Burgemeester Roellstraat;145;1064 BK;AMSTERDAM;0363;AMSTERDAM;Bijzonder;0205854811;www.springhigh.nl/home;VBO/MAVO/HAVO/VWO;Jan van Galenstraat;31;1051 KM;AMSTERDAM;44;Amsterdam;20;Zuidelijk Noord-Holland;21;Agglomeratie Amsterdam;23;Groot-Amsterdam;15;Zuid-Noord-Holland;21;Agglomeratie Amsterdam;Noord
Noord-Holland;40586;17YS;17YS18;Esprit Scholengroep voor Lyceum Havo Mavo Vbo Lwoo;Arent Janszoon Ernststr;1179;1081 HL;AMSTERDAM;0363;AMSTERDAM;Bijzonder;0205854811; ;HAVO/VWO;Jan van Galenstraat;31;1051 KM;AMSTERDAM;44;Amsterdam;20;Zuidelijk Noord-Holland;21;Agglomeratie Amsterdam;23;Groot-Amsterdam;15;Zuid-Noord-Holland;21;Agglomeratie Amsterdam;Noord
Noord-Holland;40586;17YS;17YS19;Esprit Scholengroep voor Lyceum Havo Mavo Vbo Lwoo;Schipluidenlaan;12;1062 HE;AMSTERDAM;0363;AMSTERDAM;Bijzonder; ; ;VBO/MAVO;Jan van Galenstraat;31;1051 KM;AMSTERDAM;44;Amsterdam;20;Zuidelijk Noord-Holland;21;Agglomeratie Amsterdam;23;Groot-Amsterdam;15;Zuid-Noord-Holland;21;Agglomeratie Amsterdam;Noord
Noord-Holland;40586;17YS;17YS21;Esprit Scholen voor Lyceum Havo Mavo Vbo Lwoo;Geertje Wielemaplein;1;1095 MM;AMSTERDAM;0363;AMSTERDAM;Bijzonder;0202623240;alasca.espritscholen.nl;HAVO/VWO;Jan van Galenstraat;31;1051 KM;AMSTERDAM;44;Amsterdam;20;Zuidelijk Noord-Holland;21;Agglomeratie Amsterdam;23;Groot-Amsterdam;15;Zuid-Noord-Holland;21;Agglomeratie Amsterdam;Noord
Noord-Holland;40586;17YS;17YS22;Esprit Scholen voor Lyceum Havo mavo Vbo Lwoo;Bijlmerplein;1000;1102 MK;AMSTERDAM;0363;AMSTERDAM;Bijzonder;0207235280;www.aics.espritscholen.nl;HAVO/VWO;Jan van Galenstraat;31;1051 KM;AMSTERDAM;44;Amsterdam;20;Zuidelijk Noord-Holland;21;Agglomeratie Amsterdam;23;Groot-Amsterdam;15;Zuid-Noord-Holland;21;Agglomeratie Amsterdam;Noord
Noord-Holland;40586;17YS;17YS23;Esprit Scholen voor Lyceum Havo Mavo Vbo Lwoo;Burgemeester Roellstraat;145;1064 BK;AMSTERDAM;0363;AMSTERDAM;Bijzonder; ; ;VBO/MAVO/HAVO/VWO;Jan van Galenstraat;31;1051 KM;AMSTERDAM;44;Amsterdam;20;Zuidelijk Noord-Holland;21;Agglomeratie Amsterdam;23;Groot-Amsterdam;15;Zuid-Noord-Holland;21;Agglomeratie Amsterdam;Noord
Noord-Holland;40586;17YS;17YS24;Esprit Techschool;Darlingstraat;2;1102 MX;AMSTERDAM;0363;AMSTERDAM;Bijzonder; ; ;VBO/MAVO/HAVO; ; ; ; ;44;Amsterdam;20;Zuidelijk Noord-Holland;21;Agglomeratie Amsterdam;23;Groot-Amsterdam;15;Zuid-Noord-Holland;21;Agglomeratie Amsterdam;Noord
Noord-Holland;40586;17YS;17YS25;AVM-locatie esprit;Zuid-Hollandstraat;7;1082 EK;AMSTERDAM;0363;AMSTERDAM;Overige; ; ;VBO/MAVO/HAVO/VWO; ; ; ; ;44;Amsterdam;20;Zuidelijk Noord-Holland;21;Agglomeratie Amsterdam;23;Groot-Amsterdam;15;Zuid-Noord-Holland;21;Agglomeratie Amsterdam;Noord
Noord-Holland;40586;30GC;30GC00;Het 4e Gymnasium;Archangelweg;4;1013 ZZ;AMSTERDAM;0363;AMSTERDAM;Bijzonder;0205854811; ;VWO;Jan van Galenstraat;31;1051 KM;AMSTERDAM;44;Amsterdam;20;Zuidelijk Noord-Holland;21;Agglomeratie Amsterdam;23;Groot-Amsterdam;15;Zuid-Noord-Holland;21;Agglomeratie Amsterdam;Noord
Noord-Holland;40590;00UM;00UM00;Erfgooiers College mavo havo vwo;Graaf Wichman;175;1276 KD;HUIZEN;0406;HUIZEN;Bijzonder;0355248020;www.erfgooiers.nl;MAVO/HAVO/VWO;Postbus;163;1270 AD;HUIZEN;45;Hilversum;16;Gooi en Vechtstreek;20;Gooi en Vechtstreek;24;Het Gooi en Vechtstreek;15;Zuid-Noord-Holland;20;Gooi en Vechtstreek;Noord
Noord-Holland;40673;25EF;25EF01;Vonk Alkmaar;Drechterwaard;10;1824 EX;ALKMAAR;0361;ALKMAAR;Bijzonder;0725610934; ;VBO;Drechterwaard;10-A;1824 EX;ALKMAAR;38;Alkmaar;19;Noord-Holland-Noord;24;Noord-Kennemerland;19;Alkmaar en omgeving;14;Noord-Noord-Holland;24;Noord-Kennemerland;Noord
Noord-Holland;40673;25EF;25EF02;Vonk Castricum;Oranjelaan;2-A;1901 TX;CASTRICUM;0383;CASTRICUM;Bijzonder;0251653600; ;VBO;Drechterwaard;10-A;1824 EX;ALKMAAR;42;Velsen;19;Noord-Holland-Noord;24;Noord-Kennemerland;20;IJmond;15;Zuid-Noord-Holland;24;Noord-Kennemerland;Noord
Noord-Holland;40673;25EF;25EF03;Vonk Amsterdam;Rode Kruisstraat;40;1025 KN;AMSTERDAM;0363;AMSTERDAM;Bijzonder;0206363636; ;VBO;Drechterwaard;10-A;1824 EX;ALKMAAR;44;Amsterdam;20;Zuidelijk Noord-Holland;21;Agglomeratie Amsterdam;23;Groot-Amsterdam;15;Zuid-Noord-Holland;21;Agglomeratie Amsterdam;Noord
Noord-Holland;40673;25EF;25EF04;Vonk  Purmerend;Aletta Jacobslaan;1;1442 AG;PURMEREND;0439;PURMEREND;Bijzonder;0299454545; ;VBO;Drechterwaard;10-A;1824 EX;ALKMAAR;44;Amsterdam;20;Zuidelijk Noord-Holland;21;Agglomeratie Amsterdam;23;Groot-Amsterdam;15;Zuid-Noord-Holland;21;Agglomeratie Amsterdam;Noord
Noord-Holland;40673;25EF;25EF05;Vonk Grootebroek;Elzenlaan;2;1613 VP;GROOTEBROEK;0532;STEDE BROEC;Bijzonder;0228511680; ;VBO;Drechterwaard;10-A;1824 EX;ALKMAAR;39;Enkhuizen;19;Noord-Holland-Noord;22;Westfriesland;18;Kop van Noord-Holland;14;Noord-Noord-Holland;22;West-Friesland;Noord
Noord-Holland;40673;25EF;25EF06;Vonk Hoorn;Blauwe Berg;1-A;1625 NT;HOORN NH;0405;HOORN;Bijzonder;0229259484; ;VBO;Drechterwaard;10-A;1824 EX;ALKMAAR;40;Hoorn;19;Noord-Holland-Noord;22;Westfriesland;18;Kop van Noord-Holland;14;Noord-Noord-Holland;22;West-Friesland;Noord
Noord-Holland;40673;25EF;25EF08;Vonk  Heerhugowaard;Deimoslaan;11;1702 CK;HEERHUGOWAARD;1980;DIJK EN WAARD;Bijzonder;0725713051; ;VBO;Drechterwaard;10-A;1824 EX;ALKMAAR;38;Alkmaar;19;Noord-Holland-Noord;24;Noord-Kennemerland;19;Alkmaar en omgeving;14;Noord-Noord-Holland;24;Noord-Kennemerland;Noord
Noord-Holland;40673;25EF;25EF09;Vonk Schagen locatie Boomgaard;De Boomgaard;9;1741 MD;SCHAGEN;0441;SCHAGEN;Bijzonder;0224212725; ;VBO;Drechterwaard;10-A;1824 EX;ALKMAAR;37;Den Helder;19;Noord-Holland-Noord;23;Kop van Noord-Holland;18;Kop van Noord-Holland;14;Noord-Noord-Holland;23;Kop van Noord-Holland;Noord
Noord-Holland;40676;00PS;00PS00;Alberdingk Thijm Scholen Vwo, Havo, Mavo, Vbo, LWOO;Emmastraat;56-58;1213 AL;HILVERSUM;0402;HILVERSUM;Bijzonder;0356460088;www.atscholen.nl;HAVO/VWO;Postbus;700;1200 AS;HILVERSUM;45;Hilversum;16;Gooi en Vechtstreek;20;Gooi en Vechtstreek;24;Het Gooi en Vechtstreek;15;Zuid-Noord-Holland;20;Gooi en Vechtstreek;Noord
Noord-Holland;40676;00PS;00PS03;Alberdingk Thijm Scholen Vwo, Havo, Mavo, Vbo, LWOO loc. Laar & Berg;Langsakker;4;1251 GB;LAREN NH;0417;LAREN;Bijzonder;0355395422;www.laarenberg.nl;HAVO/VWO;Postbus;700;1200 AS;HILVERSUM;45;Hilversum;16;Gooi en Vechtstreek;20;Gooi en Vechtstreek;24;Het Gooi en Vechtstreek;15;Zuid-Noord-Holland;20;Gooi en Vechtstreek;Noord
Noord-Holland;40676;00PS;00PS04;Alberdingk Thijm Scholen Vwo, Havo, Mavo, Vbo, LWOO loc. Groot Goylant;Van Linschotenlaan;501;1212 GG;HILVERSUM;0402;HILVERSUM;Bijzonder;0356850014;www.atscholen.nl;VBO/MAVO;Postbus;700;1200 AS;HILVERSUM;45;Hilversum;16;Gooi en Vechtstreek;20;Gooi en Vechtstreek;24;Het Gooi en Vechtstreek;15;Zuid-Noord-Holland;20;Gooi en Vechtstreek;Noord
Noord-Holland;40676;00PS;00PS05;Alberdingk Thijm Scholen Vwo, Havo, Mavo, Vbo, LWOO Loc. St. Aloysius College;Schapenkamp;200;1211 PB;HILVERSUM;0402;HILVERSUM;Bijzonder;0356247481;www.atscholen.nl;VBO/MAVO/HAVO;Postbus;700;1200 AS;HILVERSUM;45;Hilversum;16;Gooi en Vechtstreek;20;Gooi en Vechtstreek;24;Het Gooi en Vechtstreek;15;Zuid-Noord-Holland;20;Gooi en Vechtstreek;Noord
Noord-Holland;40676;00PS;00PS06;Alberdingk Thijm Scholen Vwo, Havo, Mavo, Vbo, LWOO loc. Alberdink Thijm Mavo;Van Linschotenlaan;503;1212 GG;HILVERSUM;0402;HILVERSUM;Bijzonder;0356479843;www.atscholen.nl;VBO/MAVO;Postbus;700;1200 AS;HILVERSUM;45;Hilversum;16;Gooi en Vechtstreek;20;Gooi en Vechtstreek;24;Het Gooi en Vechtstreek;15;Zuid-Noord-Holland;20;Gooi en Vechtstreek;Noord
Noord-Holland;40676;00PS;00PS08;Alberdingk Thijm Scholen Vwo, Havo, Mavo, Vbo, LWOO Loc.Alberdingk Thijm College;Laapersveld;9;1213 VB;HILVERSUM;0402;HILVERSUM;Bijzonder;0356729900;www.atscholen.nl;HAVO/VWO;Postbus;700;1200 AS;HILVERSUM;45;Hilversum;16;Gooi en Vechtstreek;20;Gooi en Vechtstreek;24;Het Gooi en Vechtstreek;15;Zuid-Noord-Holland;20;Gooi en Vechtstreek;Noord
Noord-Holland;40676;00PS;00PS09;Alberdingk Thijm Scholen Vwo, Havo, Mavo, Vbo, LWOO Loc. Klein ATC;Van Ghentlaan;51;1215 PN;HILVERSUM;0402;HILVERSUM;Bijzonder;0356729900; ;HAVO/VWO;Postbus;700;1200 AS;HILVERSUM;45;Hilversum;16;Gooi en Vechtstreek;20;Gooi en Vechtstreek;24;Het Gooi en Vechtstreek;15;Zuid-Noord-Holland;20;Gooi en Vechtstreek;Noord
Noord-Holland;40676;00PS;00PS10;Alberdingk Thijm Scholen Vwo, Havo, Mavo, Vbo, LWOO Loc. Mediaschool;Prins Bernhardstraat;160;1211 GK;HILVERSUM;0402;HILVERSUM;Bijzonder;0357123545; ;VBO/MAVO;Postbus;700;1200 AS;HILVERSUM;45;Hilversum;16;Gooi en Vechtstreek;20;Gooi en Vechtstreek;24;Het Gooi en Vechtstreek;15;Zuid-Noord-Holland;20;Gooi en Vechtstreek;Noord
Noord-Holland;40676;00PS;00PS11;Alberdingk Thijm Scholen Vwo, Havo, Mavo, Vbo, LWOO loc. IS Laren;Langsakker;4-A;1251 GB;LAREN NH;0417;LAREN;Bijzonder; ; ;HAVO/VWO; ; ; ; ;45;Hilversum;16;Gooi en Vechtstreek;20;Gooi en Vechtstreek;24;Het Gooi en Vechtstreek;15;Zuid-Noord-Holland;20;Gooi en Vechtstreek;Noord
Noord-Holland;40676;32JP;32JP00;Laar en Berg scholengemeenschap voor havo en vwo;Langsakker;4;1251 GB;LAREN NH;0417;LAREN;Bijzonder; ; ;HAVO/VWO; ; ; ; ;45;Hilversum;16;Gooi en Vechtstreek;20;Gooi en Vechtstreek;24;Het Gooi en Vechtstreek;15;Zuid-Noord-Holland;20;Gooi en Vechtstreek;Noord
Noord-Holland;40676;32JR;32JR00;Aloysius College voor mavo en havo;Schapenkamp;200;1211 PB;HILVERSUM;0402;HILVERSUM;Bijzonder; ; ;MAVO/HAVO;Postbus;700;1200 AS;HILVERSUM;45;Hilversum;16;Gooi en Vechtstreek;20;Gooi en Vechtstreek;24;Het Gooi en Vechtstreek;15;Zuid-Noord-Holland;20;Gooi en Vechtstreek;Noord
Noord-Holland;40683;02UB;02UB00;St Vituscollege Bussum/Naarden;Beerensteinerlaan;69;1406 NR;BUSSUM;1942;GOOISE MEREN;Bijzonder;0356931153;www.vituscollege.nl/;HAVO/VWO;Postbus;224;1400 AE;BUSSUM;45;Hilversum;16;Gooi en Vechtstreek;20;Gooi en Vechtstreek;24;Het Gooi en Vechtstreek;15;Zuid-Noord-Holland;20;Gooi en Vechtstreek;Noord
Noord-Holland;40683;30JN;30JN00;Montessori Lyceum Gooise Meren voor mavo havo vwo;Nieuwe 's-Gravelandseweg;38;1405 HM;BUSSUM;1942;GOOISE MEREN;Bijzonder;0356927600;www.wdz.nl;VBO/MAVO/HAVO/VWO;Postbus;224;1400 AE;BUSSUM;45;Hilversum;16;Gooi en Vechtstreek;20;Gooi en Vechtstreek;24;Het Gooi en Vechtstreek;15;Zuid-Noord-Holland;20;Gooi en Vechtstreek;Noord
Noord-Holland;40683;30JN;30JN01;Volantcollege, locatie Montessori Lyceum Gooise Meren;Nieuwe 's-Gravelandseweg;38;1405 HM;BUSSUM;1942;GOOISE MEREN;Overige;0357200092;www.mlgm.nl;VBO/MAVO/HAVO/VWO;Postbus;224;1400 AE;BUSSUM;45;Hilversum;16;Gooi en Vechtstreek;20;Gooi en Vechtstreek;24;Het Gooi en Vechtstreek;15;Zuid-Noord-Holland;20;Gooi en Vechtstreek;Noord
Noord-Holland;40696;11AI;11AI00;Gooise Praktijkschool;Laapersboog;5;1213 VC;HILVERSUM;0402;HILVERSUM;Bijzonder;0356264040;www.gooisepraktijkschool.nl;PRO;Postbus;50;1400 AB;BUSSUM;45;Hilversum;16;Gooi en Vechtstreek;20;Gooi en Vechtstreek;24;Het Gooi en Vechtstreek;15;Zuid-Noord-Holland;20;Gooi en Vechtstreek;Noord
Noord-Holland;40696;14SM;14SM00;Gooise Scholenfederatie vwo, havo, vmbo;Vossiuslaan;2-A;1401 RT;BUSSUM;1942;GOOISE MEREN;Bijzonder;0356933294;www.gsf.nl;HAVO/VWO;Postbus;50;1400 AB;BUSSUM;45;Hilversum;16;Gooi en Vechtstreek;20;Gooi en Vechtstreek;24;Het Gooi en Vechtstreek;15;Zuid-Noord-Holland;20;Gooi en Vechtstreek;Noord
Noord-Holland;40696;14SM;14SM02;Gooise Scholenfederatie, vwo, havo, vmbo, locatie De Fontein;Aagje Dekenlaan;2;1403 HH;BUSSUM;1942;GOOISE MEREN;Bijzonder;0356927676;www.defonteinbussum.nl;VBO/MAVO/HAVO;Postbus;50;1400 AB;BUSSUM;45;Hilversum;16;Gooi en Vechtstreek;20;Gooi en Vechtstreek;24;Het Gooi en Vechtstreek;15;Zuid-Noord-Holland;20;Gooi en Vechtstreek;Noord
Noord-Holland;40696;14SM;14SM03;Gooise Scholenfederatie, vwo, havo, vmbo, locatie SG Huizermaat;Monnickskamp;7;1273 JP;HUIZEN;0406;HUIZEN;Bijzonder;0355287021;www.huizermaat.nl;VBO/MAVO/HAVO/VWO;Postbus;50;1400 AB;BUSSUM;45;Hilversum;16;Gooi en Vechtstreek;20;Gooi en Vechtstreek;24;Het Gooi en Vechtstreek;15;Zuid-Noord-Holland;20;Gooi en Vechtstreek;Noord
Noord-Holland;40696;14SM;14SM04;Gooise Scholenfederatie, vwo, havo, vmbo, locatie A. Roland Holst College;Jonkerweg;31;1217 PM;HILVERSUM;0402;HILVERSUM;Bijzonder;0356247863;www.rolandholst.nl;VBO/MAVO/HAVO/VWO;Postbus;50;1400 AB;BUSSUM;45;Hilversum;16;Gooi en Vechtstreek;20;Gooi en Vechtstreek;24;Het Gooi en Vechtstreek;15;Zuid-Noord-Holland;20;Gooi en Vechtstreek;Noord
Noord-Holland;40696;14SM;14SM05;Gooise Scholenfederatie, vwo, havo, vmbo, locatie College De Brink;Kerklaan;6;1251 JT;LAREN NH;0417;LAREN;Bijzonder;0358009900;www.collegedebrink.nl;VBO/MAVO;Postbus;50;1400 AB;BUSSUM;45;Hilversum;16;Gooi en Vechtstreek;20;Gooi en Vechtstreek;24;Het Gooi en Vechtstreek;15;Zuid-Noord-Holland;20;Gooi en Vechtstreek;Noord
Noord-Holland;40696;14SM;14SM13;Gooise Scholenfederatie, vwo, havo, vmbo, locatie A. Roland Holst College;Schuttersweg;26;1217 PZ;HILVERSUM;0402;HILVERSUM;Bijzonder;0356247863; ;VBO/MAVO/HAVO/VWO;Postbus;50;1400 AB;BUSSUM;45;Hilversum;16;Gooi en Vechtstreek;20;Gooi en Vechtstreek;24;Het Gooi en Vechtstreek;15;Zuid-Noord-Holland;20;Gooi en Vechtstreek;Noord
Noord-Holland;40696;14SM;14SM14;Gooise Scholenfederatie, vwo, havo, vmbo, locatie ISK Het Gooi;Kerklaan;6;1251 JT;LAREN NH;0417;LAREN;Bijzonder;0358009940; ;VBO/MAVO;Postbus;50;1400 AB;BUSSUM;45;Hilversum;16;Gooi en Vechtstreek;20;Gooi en Vechtstreek;24;Het Gooi en Vechtstreek;15;Zuid-Noord-Holland;20;Gooi en Vechtstreek;Noord
Noord-Holland;40696;24TG;24TG00;Gooise Scholen Federatie Weesp;Amstellandlaan;1-A;1382 CD;WEESP;0363;AMSTERDAM;Bijzonder;0294805250;www.vechtstedecollege.nl;VBO/MAVO/HAVO/VWO;Postbus;50;1400 AB;BUSSUM;44;Amsterdam;20;Zuidelijk Noord-Holland;21;Agglomeratie Amsterdam;23;Groot-Amsterdam;15;Zuid-Noord-Holland;21;Agglomeratie Amsterdam;Noord
Noord-Holland;40696;24TG;24TG04;Gooise Scholen Federatie Weesp, vwo, havo, vmbo, locatie Casparus College;Talmastraat;40;1381 NE;WEESP;0363;AMSTERDAM;Bijzonder;0294460200;www.casparuscollege.nl;VBO/MAVO;Postbus;50;1400 AB;BUSSUM;44;Amsterdam;20;Zuidelijk Noord-Holland;21;Agglomeratie Amsterdam;23;Groot-Amsterdam;15;Zuid-Noord-Holland;21;Agglomeratie Amsterdam;Noord
Noord-Holland;40776;01ET;01ET00;St. Ignatiusgymnasium;Jan van Eijckstraat;47;1077 LH;AMSTERDAM;0363;AMSTERDAM;Bijzonder;0206763868;www.ignatius.nl;VWO;Jan van Eijckstraat;47;1077 LH;AMSTERDAM;44;Amsterdam;20;Zuidelijk Noord-Holland;21;Agglomeratie Amsterdam;23;Groot-Amsterdam;15;Zuid-Noord-Holland;21;Agglomeratie Amsterdam;Noord
Noord-Holland;40776;02AN;02AN00;Fons Vitae Lyceum voor havo en vwo;Reijnier Vinkeleskade;53;1071 SW;AMSTERDAM;0363;AMSTERDAM;Bijzonder;0205712410;www.fonsvitae.nl;HAVO/VWO;Reijnier Vinkeleskade;53;1071 SW;AMSTERDAM;44;Amsterdam;20;Zuidelijk Noord-Holland;21;Agglomeratie Amsterdam;23;Groot-Amsterdam;15;Zuid-Noord-Holland;21;Agglomeratie Amsterdam;Noord
Noord-Holland;40776;02AN;02AN01;Fons Vitae Lyceum voor Vwo en Havo;Mr. Treublaan;1;1097 DP;AMSTERDAM;0363;AMSTERDAM;Bijzonder;0205712410;www.fonsvitae.nl;HAVO/VWO;Reijnier Vinkeleskade;53;1071 SW;AMSTERDAM;44;Amsterdam;20;Zuidelijk Noord-Holland;21;Agglomeratie Amsterdam;23;Groot-Amsterdam;15;Zuid-Noord-Holland;21;Agglomeratie Amsterdam;Noord
Noord-Holland;40776;14SE;14SE00;St. Nicolaaslyceum voor havo en vwo;Beethovenplein;2;1077 WM;AMSTERDAM;0363;AMSTERDAM;Bijzonder;0206445151;www.nicolaas.nl;HAVO/VWO;Beethovenplein;2;1077 WM;AMSTERDAM;44;Amsterdam;20;Zuidelijk Noord-Holland;21;Agglomeratie Amsterdam;23;Groot-Amsterdam;15;Zuid-Noord-Holland;21;Agglomeratie Amsterdam;Noord
Noord-Holland;40857;01EO;01EO00;Innovium College voor mavo/havo, havo, vwo, tweetalig ond. en technasium;Johanna Naberstraat;218;1442 BG;PURMEREND;0439;PURMEREND;Bijzonder;0299413327;www.innoviumcollege.nl;VBO/MAVO/HAVO/VWO;Postbus;270;1440 AG;PURMEREND;44;Amsterdam;20;Zuidelijk Noord-Holland;21;Agglomeratie Amsterdam;23;Groot-Amsterdam;15;Zuid-Noord-Holland;21;Agglomeratie Amsterdam;Noord
Noord-Holland;40857;01EO;01EO01;Purmerendse ScholenGroep voor Gym Ath Havo Mavo Vbo Lwoo loc. SG Gerrit Rietveld;Spinnekop;1;1444 GN;PURMEREND;0439;PURMEREND;Bijzonder;0299435579;www.rietveld.psg.nl;VBO/MAVO;Postbus;62;1440 AB;PURMEREND;44;Amsterdam;20;Zuidelijk Noord-Holland;21;Agglomeratie Amsterdam;23;Groot-Amsterdam;15;Zuid-Noord-Holland;21;Agglomeratie Amsterdam;Noord
Noord-Holland;40857;01EO;01EO02;Purmerendse ScholenGroep voor Gym Ath Havo Mavo Vbo Lwoo loc. J v. Egmond Lyceum;Hoornselaan;10;1442 AX;PURMEREND;0439;PURMEREND;Bijzonder;0299421274;www.janvanegmond.psg.nl;HAVO/VWO;Postbus;244;1440 AE;PURMEREND;44;Amsterdam;20;Zuidelijk Noord-Holland;21;Agglomeratie Amsterdam;23;Groot-Amsterdam;15;Zuid-Noord-Holland;21;Agglomeratie Amsterdam;Noord
Noord-Holland;40857;01EO;01EO06;Purmerendse ScholenGroep voor Gym Ath Havo Mavo Vbo Lwoo loc SG W.J. Bladergroen;Flevostraat;257;1442 PX;PURMEREND;0439;PURMEREND;Bijzonder;0299314920;www.bladergroen.psg.nl;VBO/MAVO/PRO;Postbus;890;1440 AW;PURMEREND;44;Amsterdam;20;Zuidelijk Noord-Holland;21;Agglomeratie Amsterdam;23;Groot-Amsterdam;15;Zuid-Noord-Holland;21;Agglomeratie Amsterdam;Noord
Noord-Holland;40857;01EO;01EO08;Purmerendse ScholenGroep voor Gym Ath Havo Mavo Vbo Lwoo loc. SG Nelson Mandela;Hoornselaan;10;1442 AX;PURMEREND;0439;PURMEREND;Bijzonder;0229429145;www.mandela.psg.nl;VBO/MAVO;Postbus;62;1440 AB;PURMEREND;44;Amsterdam;20;Zuidelijk Noord-Holland;21;Agglomeratie Amsterdam;23;Groot-Amsterdam;15;Zuid-Noord-Holland;21;Agglomeratie Amsterdam;Noord
Noord-Holland;40857;01EO;01EO12;Purmerendse ScholenGroep voor Gym Ath Havo Mavo Vbo Lwoo loc. SG Antoni Gaudi;Flevostraat;247;1442 PX;PURMEREND;0439;PURMEREND;Bijzonder;0299413327;www.gaudi.psg.nl;VBO/MAVO;Postbus;62;1440 AB;PURMEREND;44;Amsterdam;20;Zuidelijk Noord-Holland;21;Agglomeratie Amsterdam;23;Groot-Amsterdam;15;Zuid-Noord-Holland;21;Agglomeratie Amsterdam;Noord
Noord-Holland;40857;01EO;01EO16;Purmerendse ScholenGroep voor Gym Ath Havo Mavo Vbo Lwoo loc SG W.J. Bladergroen;Gorslaan;60;1441 RG;PURMEREND;0439;PURMEREND;Bijzonder; ; ;VBO/PRO; ; ; ; ;44;Amsterdam;20;Zuidelijk Noord-Holland;21;Agglomeratie Amsterdam;23;Groot-Amsterdam;15;Zuid-Noord-Holland;21;Agglomeratie Amsterdam;Noord
Noord-Holland;40931;00MV;00MV00;Scholen aan Zee voor vwo havo mavo vmbo lwoo;Drs. F. Bijlweg;6;1784 MC;DEN HELDER;0400;DEN HELDER;Bijzonder;0223540315;www.scholenaanzee.nl;VBO/MAVO/HAVO/VWO;Postbus;636;1780 AP;DEN HELDER;37;Den Helder;19;Noord-Holland-Noord;23;Kop van Noord-Holland;18;Kop van Noord-Holland;14;Noord-Noord-Holland;23;Kop van Noord-Holland;Noord
Noord-Holland;40931;00MV;00MV01;Scholen aan Zee voor vwo havo mavo vmbo lwoo;Drs. F. Bijlweg;21;1784 MC;DEN HELDER;0400;DEN HELDER;Bijzonder;0223540300;www.scholenaanzee.nl;VBO/MAVO;Postbus;636;1780 AP;DEN HELDER;37;Den Helder;19;Noord-Holland-Noord;23;Kop van Noord-Holland;18;Kop van Noord-Holland;14;Noord-Noord-Holland;23;Kop van Noord-Holland;Noord
Noord-Holland;40931;00MV;00MV02;Scholen aan Zee voor vwo havo mavo vmbo lwoo;Drs. F. Bijlweg;10;1784 MC;DEN HELDER;0400;DEN HELDER;Bijzonder;0223540305;www.scholenaanzee.nl;VBO/MAVO;Postbus;636;1780 AP;DEN HELDER;37;Den Helder;19;Noord-Holland-Noord;23;Kop van Noord-Holland;18;Kop van Noord-Holland;14;Noord-Noord-Holland;23;Kop van Noord-Holland;Noord
Noord-Holland;40931;00MV;00MV06;Scholen aan Zee voor vwo havo mavo vmbo lwoo;Akkerbouwstraat;1;1787 AR;JULIANADORP;0400;DEN HELDER;Bijzonder;0223540300;www.scholenaanzee.nl;BRUGJAAR;Postbus;636;1780 AP;DEN HELDER;37;Den Helder;19;Noord-Holland-Noord;23;Kop van Noord-Holland;18;Kop van Noord-Holland;14;Noord-Noord-Holland;23;Kop van Noord-Holland;Noord
Noord-Holland;40931;00MV;00MV10;Scholen aan Zee;Sportlaan;54;1782 ND;DEN HELDER;0400;DEN HELDER;Bijzonder; ; ;VBO/MAVO;Postbus;636;1780 AP;DEN HELDER;37;Den Helder;19;Noord-Holland-Noord;23;Kop van Noord-Holland;18;Kop van Noord-Holland;14;Noord-Noord-Holland;23;Kop van Noord-Holland;Noord
Noord-Holland;41009;00ZD;00ZD00;Bonhoeffer College Scholengemeenschap voor Mavo Havo Vwo;Pieter Kieftstraat;20;1902 RA;CASTRICUM;0383;CASTRICUM;Bijzonder;0251653165;www.bonhoeffer.nl;MAVO/HAVO/VWO;Postbus;316;1900 AH;CASTRICUM;42;Velsen;19;Noord-Holland-Noord;24;Noord-Kennemerland;20;IJmond;15;Zuid-Noord-Holland;24;Noord-Kennemerland;Noord
Noord-Holland;41009;20MH;20MH00;Jac P Thijsse College voor Vwo Havo Mavo;De Bloemen;65;1902 GT;CASTRICUM;0383;CASTRICUM;Bijzonder;0251652571;www.jpthijsse.nl;MAVO/HAVO/VWO;Postbus;314;1900 AH;CASTRICUM;42;Velsen;19;Noord-Holland-Noord;24;Noord-Kennemerland;20;IJmond;15;Zuid-Noord-Holland;24;Noord-Kennemerland;Noord
Noord-Holland;41009;20MH;20MH01;Jac P Thijsse College voor Vwo Havo Mavo;De Bloemen;65;1902 GT;CASTRICUM;0383;CASTRICUM;Bijzonder;0251652571;www.supremecollege.nl;HAVO/VWO;Postbus;314;1900 AH;CASTRICUM;42;Velsen;19;Noord-Holland-Noord;24;Noord-Kennemerland;20;IJmond;15;Zuid-Noord-Holland;24;Noord-Kennemerland;Noord
Noord-Holland;41009;27MD;27MD00;SVOK H-B Vmbo-Havo-Ath-Gym;Bullerlaan;2;1945 SR;BEVERWIJK;0375;BEVERWIJK;Bijzonder;0251233070;www.castorcollege.nl;VBO/MAVO/HAVO/VWO;Bullerlaan;2;1945 SR;BEVERWIJK;42;Velsen;20;Zuidelijk Noord-Holland;25;West-Kennemerland;20;IJmond;15;Zuid-Noord-Holland;25;Zuid-Kennemerland en IJmond;Noord
Noord-Holland;41009;27MD;27MD01;SVOK H-B Vmbo-Havo-Ath-Gym, loc. Dalí College;Plesmanweg;450;1965 BD;HEEMSKERK;0396;HEEMSKERK;Bijzonder;0251249944;www.dalicollege.nl;VBO/MAVO/HAVO;Plesmanweg;450;1965 BD;HEEMSKERK;42;Velsen;20;Zuidelijk Noord-Holland;25;West-Kennemerland;20;IJmond;15;Zuid-Noord-Holland;25;Zuid-Kennemerland en IJmond;Noord
Noord-Holland;41009;27MD;27MD02;SVOK H-B Vmbo-Havo-Ath-Gym, loc. SKILLS vmbo;van Riemsdijklaan;103;1965 BE;HEEMSKERK;0396;HEEMSKERK;Bijzonder;0251241944;www.skillsvmbo.nl;VBO;van Riemsdijklaan;103;1965 BE;HEEMSKERK;42;Velsen;20;Zuidelijk Noord-Holland;25;West-Kennemerland;20;IJmond;15;Zuid-Noord-Holland;25;Zuid-Kennemerland en IJmond;Noord
Noord-Holland;41009;27MD;27MD05;SVOK H-B Vmbo-Havo-Ath-Gym;Kerkplein;3;1941 HD;BEVERWIJK;0375;BEVERWIJK;Bijzonder; ; ;BRUGJAAR;Bullerlaan;2;1945 SR;BEVERWIJK;42;Velsen;20;Zuidelijk Noord-Holland;25;West-Kennemerland;20;IJmond;15;Zuid-Noord-Holland;25;Zuid-Kennemerland en IJmond;Noord
Noord-Holland;41009;28BN;28BN00;Forta PRO;Jan van Kuikweg;12;1965 BB;HEEMSKERK;0396;HEEMSKERK;Bijzonder;0251226601;www.hetforta.nl;PRO;Jan van Kuikweg;12;1965 BB;HEEMSKERK;42;Velsen;20;Zuidelijk Noord-Holland;25;West-Kennemerland;20;IJmond;15;Zuid-Noord-Holland;25;Zuid-Kennemerland en IJmond;Noord
Noord-Holland;41021;00IP;00IP00;Katholiek Scholengemeenschap Hoofddorp voor Lyceum HAVO en MAVO;Assumburg;10;2135 BA;HOOFDDORP;0394;HAARLEMMERMEER;Bijzonder;0235677588;www.kshhoofddorp.nl;MAVO/HAVO/VWO;Postbus;254;2130 AG;HOOFDDORP;44;Amsterdam;20;Zuidelijk Noord-Holland;21;Agglomeratie Amsterdam;23;Groot-Amsterdam;15;Zuid-Noord-Holland;21;Agglomeratie Amsterdam;Noord
Noord-Holland;41021;01LZ;01LZ00;Scholengemeenschap Eerste Christelijk Lyceum Vwo en Havo;Zuider Emmakade;43;2012 KN;HAARLEM;0392;HAARLEM;Bijzonder;0235311651;www.ecl.nl;HAVO/VWO;Zuider Emmakade;43;2012 KN;HAARLEM;43;Haarlem;20;Zuidelijk Noord-Holland;25;West-Kennemerland;21;Agglomeratie Haarlem;15;Zuid-Noord-Holland;25;Zuid-Kennemerland en IJmond;Noord
Noord-Holland;41021;01LZ;01LZ01;Scholengemeenschap Eerste Christelijk Lyceum Vwo en Havo- Intern. School Haarlem;Junoplantsoen;58;2024 RS;HAARLEM;0392;HAARLEM;Bijzonder; ; ;HAVO/VWO;Oorkondelaan;65;2033 MN;HAARLEM;43;Haarlem;20;Zuidelijk Noord-Holland;25;West-Kennemerland;21;Agglomeratie Haarlem;15;Zuid-Noord-Holland;25;Zuid-Kennemerland en IJmond;Noord
Noord-Holland;41021;01LZ;01LZ02;Scholengemeenschap Eerste Christelijk Lyceum Vwo en Havo;Leidsevaart;220;2014 HE;HAARLEM;0392;HAARLEM;Bijzonder; ; ;HAVO/VWO;Zuider Emmakade;43;2012 KN;HAARLEM;43;Haarlem;20;Zuidelijk Noord-Holland;25;West-Kennemerland;21;Agglomeratie Haarlem;15;Zuid-Noord-Holland;25;Zuid-Kennemerland en IJmond;Noord
Noord-Holland;41021;03RU;03RU00;Herbert Vissers College voor mavo, havo,  atheneum en gymnasium;Beurtschipper;200;2152 LG;NIEUW-VENNEP;0394;HAARLEMMERMEER;Bijzonder;0252661566;www.hvc.nl;VBO/MAVO/HAVO/VWO;Postbus;134;2150 AC;NIEUW-VENNEP;44;Amsterdam;20;Zuidelijk Noord-Holland;21;Agglomeratie Amsterdam;23;Groot-Amsterdam;15;Zuid-Noord-Holland;21;Agglomeratie Amsterdam;Noord
Noord-Holland;41021;03RU;03RU02;Herbert Vissers College voor vmbo en HVX;Noorderdreef;175;2152 AC;NIEUW-VENNEP;0394;HAARLEMMERMEER;Bijzonder;0252661599; ;VBO/MAVO/HAVO/VWO;Postbus;134;2150 AC;NIEUW-VENNEP;44;Amsterdam;20;Zuidelijk Noord-Holland;21;Agglomeratie Amsterdam;23;Groot-Amsterdam;15;Zuid-Noord-Holland;21;Agglomeratie Amsterdam;Noord
Noord-Holland;41021;05FE;05FE00;Rooms Katholieke Scholengemeenschap Thamen voor Mavo Vbo Lwoo;Den Uyllaan;4;1421 NK;UITHOORN;0451;UITHOORN;Bijzonder;0297563192;www.thamen.nl;VBO/MAVO;Den Uyllaan;4;1421 NK;UITHOORN;44;Amsterdam;20;Zuidelijk Noord-Holland;21;Agglomeratie Amsterdam;23;Groot-Amsterdam;15;Zuid-Noord-Holland;21;Agglomeratie Amsterdam;Noord
Noord-Holland;41021;17HH;17HH00;Haemstede Barger MAVO;Koediefslaan;73;2101 BT;HEEMSTEDE;0397;HEEMSTEDE;Bijzonder;0235282380;www.dehbm.nl;MAVO;Koediefslaan;73;2101 BT;HEEMSTEDE;43;Haarlem;20;Zuidelijk Noord-Holland;25;West-Kennemerland;21;Agglomeratie Haarlem;15;Zuid-Noord-Holland;25;Zuid-Kennemerland en IJmond;Noord
Noord-Holland;41021;21WE;21WE00;Kaj Munk College voor Atheneum Havo Mavo;Kaj Munkweg;3;2131 RV;HOOFDDORP;0394;HAARLEMMERMEER;Bijzonder;0235616198;www.kajmunk.nl;MAVO/HAVO/VWO;Kaj Munkweg;3;2131 RV;HOOFDDORP;44;Amsterdam;20;Zuidelijk Noord-Holland;21;Agglomeratie Amsterdam;23;Groot-Amsterdam;15;Zuid-Noord-Holland;21;Agglomeratie Amsterdam;Noord
Noord-Holland;41021;21WE;21WE02;Kaj Munk College voor Atheneum Havo Mavo;Kaj Munkweg;41;2131 RV;HOOFDDORP;0394;HAARLEMMERMEER;Bijzonder; ; ;MAVO/HAVO/VWO;Kaj Munkweg;3;2131 RV;HOOFDDORP;44;Amsterdam;20;Zuidelijk Noord-Holland;21;Agglomeratie Amsterdam;23;Groot-Amsterdam;15;Zuid-Noord-Holland;21;Agglomeratie Amsterdam;Noord
Noord-Holland;41063;21FF;21FF00;Ir. Lely Lyceum voor Atheneum Havo Mavo Vmbo;Ravenswaaipad;3;1106 AW;AMSTERDAM;0363;AMSTERDAM;Openbaar;0205633050;www.lelylyceum.nl;VBO/MAVO/HAVO/VWO;Ravenswaaipad;3;1106 AW;AMSTERDAM;44;Amsterdam;20;Zuidelijk Noord-Holland;21;Agglomeratie Amsterdam;23;Groot-Amsterdam;15;Zuid-Noord-Holland;21;Agglomeratie Amsterdam;Noord
Noord-Holland;41100;01OE;01OE21;Yuverta;Jac. P. Thijsselaan;18;1431 KE;AALSMEER;0358;AALSMEER;Bijzonder;0297384949;yuverta.nl/vmboaalsmeer;VBO;Jac. P. Thijsselaan;18;1431 KE;AALSMEER;44;Amsterdam;20;Zuidelijk Noord-Holland;21;Agglomeratie Amsterdam;23;Groot-Amsterdam;15;Zuid-Noord-Holland;21;Agglomeratie Amsterdam;Noord
Noord-Holland;41100;01OE;01OE22;Yuverta;Jan van Zutphenstraat;60;1069 RS;AMSTERDAM;0363;AMSTERDAM;Bijzonder;0206190255;www.yuverta.nl;VBO;Jan van Zutphenstraat;60;1069 RS;AMSTERDAM;44;Amsterdam;20;Zuidelijk Noord-Holland;21;Agglomeratie Amsterdam;23;Groot-Amsterdam;15;Zuid-Noord-Holland;21;Agglomeratie Amsterdam;Noord
Noord-Holland;41100;01OE;01OE23;Yuverta;Archimedesplantsoen;87;1098 JZ;AMSTERDAM;0363;AMSTERDAM;Bijzonder;0206929060;www.yuverta.nl;VBO/PRO;Archimedesplantsoen;87;1098 JZ;AMSTERDAM;44;Amsterdam;20;Zuidelijk Noord-Holland;21;Agglomeratie Amsterdam;23;Groot-Amsterdam;15;Zuid-Noord-Holland;21;Agglomeratie Amsterdam;Noord
Noord-Holland;41100;01OE;01OE25;Yuverta;Amersfoortsestraatweg;7;1412 KA;NAARDEN;1942;GOOISE MEREN;Bijzonder;0356943680;yuverta.nl/vmbonaarden;VBO;Amersfoortsestraatweg;7;1412 KA;NAARDEN;45;Hilversum;16;Gooi en Vechtstreek;20;Gooi en Vechtstreek;24;Het Gooi en Vechtstreek;15;Zuid-Noord-Holland;20;Gooi en Vechtstreek;Noord
Noord-Holland;41100;01OE;01OE26;Yuverta;1e J.C. Mensinglaan;40;1431 RW;AALSMEER;0358;AALSMEER;Bijzonder;0297325244;yuverta.nl/mavoaalsmeer;VBO/MAVO;1e J.C. Mensinglaan;40;1431 RW;AALSMEER;44;Amsterdam;20;Zuidelijk Noord-Holland;21;Agglomeratie Amsterdam;23;Groot-Amsterdam;15;Zuid-Noord-Holland;21;Agglomeratie Amsterdam;Noord
Noord-Holland;41100;01OE;01OE62;Yuverta;Linnaeuslaan;2;1431 JV;AALSMEER;0358;AALSMEER;Overige; ; ;VBO/MAVO; ; ; ; ;44;Amsterdam;20;Zuidelijk Noord-Holland;21;Agglomeratie Amsterdam;23;Groot-Amsterdam;15;Zuid-Noord-Holland;21;Agglomeratie Amsterdam;Noord
Noord-Holland;41217;00WD;00WD00;Futuris Scholengemeenschap voor vmbo/mavo en ISK;Pandora;1;1183 KK;AMSTELVEEN;0362;AMSTELVEEN;Bijzonder;0205032121;www.futuris.nl;VBO/MAVO;Postbus;590;1180 AN;AMSTELVEEN;44;Amsterdam;20;Zuidelijk Noord-Holland;21;Agglomeratie Amsterdam;23;Groot-Amsterdam;15;Zuid-Noord-Holland;21;Agglomeratie Amsterdam;Noord
Noord-Holland;41217;01TC;01TC00;Scholengemeenschap voor Vwo Havo Mavo Het Hervormd Lyceum;Hemsterhuisstraat;79;1065 JX;AMSTERDAM;0363;AMSTERDAM;Bijzonder;0206152780;www.hlw.nl;MAVO/HAVO/VWO;Hemsterhuisstraat;79;1065 JX;AMSTERDAM;44;Amsterdam;20;Zuidelijk Noord-Holland;21;Agglomeratie Amsterdam;23;Groot-Amsterdam;15;Zuid-Noord-Holland;21;Agglomeratie Amsterdam;Noord
Noord-Holland;41217;02AR;02AR00;Scholengemeenschap voor Atheneum en Havo Het Hervormd Lyceum Zuid;Geulstraat;9;1078 KW;AMSTERDAM;0363;AMSTERDAM;Bijzonder;0206627983;www.hlz.nl;HAVO/VWO;Dongestraat;8-12;1078 JW;AMSTERDAM;44;Amsterdam;20;Zuidelijk Noord-Holland;21;Agglomeratie Amsterdam;23;Groot-Amsterdam;15;Zuid-Noord-Holland;21;Agglomeratie Amsterdam;Noord
Noord-Holland;41217;02AR;02AR01;Jan van Eijckstraat;Jan van Eijckstraat;21;1077 LG;AMSTERDAM;0363;AMSTERDAM;Bijzonder; ; ;HAVO/VWO; ; ; ; ;44;Amsterdam;20;Zuidelijk Noord-Holland;21;Agglomeratie Amsterdam;23;Groot-Amsterdam;15;Zuid-Noord-Holland;21;Agglomeratie Amsterdam;Noord
Noord-Holland;41217;02TE;02TE00;H Wesselink College Christelijke Scholengemeenschap voor Vwo Havo Mavo;Startbaan;3;1185 XP;AMSTELVEEN;0362;AMSTELVEEN;Bijzonder;0206459751;www.hethwc.nl/;MAVO/HAVO/VWO;Startbaan;3;1185 XP;AMSTELVEEN;44;Amsterdam;20;Zuidelijk Noord-Holland;21;Agglomeratie Amsterdam;23;Groot-Amsterdam;15;Zuid-Noord-Holland;21;Agglomeratie Amsterdam;Noord
Noord-Holland;41217;02TE;02TE01;Amstelland International School;Startbaan;3;1185 XP;AMSTELVEEN;0362;AMSTELVEEN;Overige; ; ;MAVO/HAVO/VWO; ; ; ; ;44;Amsterdam;20;Zuidelijk Noord-Holland;21;Agglomeratie Amsterdam;23;Groot-Amsterdam;15;Zuid-Noord-Holland;21;Agglomeratie Amsterdam;Noord
Noord-Holland;41217;14VY;14VY00;Chr Sgm Buitenveldert v Gymn Ath Havo en Mavo;De Cuserstraat;3;1081 CK;AMSTERDAM;0363;AMSTERDAM;Bijzonder;0206423902;www.csb-amsterdam.nl;MAVO/HAVO/VWO;De Cuserstraat;3;1081 CK;AMSTERDAM;44;Amsterdam;20;Zuidelijk Noord-Holland;21;Agglomeratie Amsterdam;23;Groot-Amsterdam;15;Zuid-Noord-Holland;21;Agglomeratie Amsterdam;Noord
Noord-Holland;41219;16TS;16TS00;Vrije School Noord Holland voor Atheneum Havo Mavo;Fred. Roeskestraat;84;1076 ED;AMSTERDAM;0363;AMSTERDAM;Bijzonder;0205745830;www.ggca.nl;MAVO/HAVO/VWO;Fred. Roeskestraat;84;1076 ED;AMSTERDAM;44;Amsterdam;20;Zuidelijk Noord-Holland;21;Agglomeratie Amsterdam;23;Groot-Amsterdam;15;Zuid-Noord-Holland;21;Agglomeratie Amsterdam;Noord
Noord-Holland;41219;16TS;16TS02;Vrije School Noord Holland voor Atheneum Havo Mavo;Engelandlaan;2;2034 NA;HAARLEM;0392;HAARLEM;Bijzonder;0235361378; ;MAVO/HAVO/VWO;Engelandlaan;2;2034 NA;HAARLEM;43;Haarlem;20;Zuidelijk Noord-Holland;25;West-Kennemerland;21;Agglomeratie Haarlem;15;Zuid-Noord-Holland;25;Zuid-Kennemerland en IJmond;Noord
Noord-Holland;41219;16TS;16TS03;Vrije School Noord-Holland;Loudelsweg;38;1861 TG;BERGEN NH;0373;BERGEN NH;Bijzonder;0725897219;www.arh.nl;MAVO/HAVO/VWO;Postbus;222;1860 AE;BERGEN NH;38;Alkmaar;19;Noord-Holland-Noord;24;Noord-Kennemerland;19;Alkmaar en omgeving;14;Noord-Noord-Holland;24;Noord-Kennemerland;Noord
Noord-Holland;41219;16TS;16TS04;Vrije School Noord Holland voor Atheneum Havo Mavo;Belgielaan;4;2034 AX;HAARLEM;0392;HAARLEM;Bijzonder;0235403417; ;MAVO/HAVO/VWO;Fred. Roeskestraat;84;1076 ED;AMSTERDAM;43;Haarlem;20;Zuidelijk Noord-Holland;25;West-Kennemerland;21;Agglomeratie Haarlem;15;Zuid-Noord-Holland;25;Zuid-Kennemerland en IJmond;Noord
Noord-Holland;41219;16TS;16TS05;Vrije School Noord Holland voor Atheneum Havo Mavo;Sint Adelbertuslaan;3;1861 TK;BERGEN NH;0373;BERGEN NH;Bijzonder;0633846723; ;MAVO/HAVO/VWO; ; ; ; ;38;Alkmaar;19;Noord-Holland-Noord;24;Noord-Kennemerland;19;Alkmaar en omgeving;14;Noord-Noord-Holland;24;Noord-Kennemerland;Noord
Noord-Holland;41219;16TS;16TS06;Vrije School Noord Holland voor Atheneum Havo Mavo;Meeuwenlaan;134;1022 AM;AMSTERDAM;0363;AMSTERDAM;Bijzonder;0205475830;kairostienercollege.nl;BRUGJAAR;Fred. Roeskestraat;84;1076 ED;AMSTERDAM;44;Amsterdam;20;Zuidelijk Noord-Holland;21;Agglomeratie Amsterdam;23;Groot-Amsterdam;15;Zuid-Noord-Holland;21;Agglomeratie Amsterdam;Noord
Noord-Holland;41219;16TS;16TS07;Vrije School Noord Holland voor Atheneum Havo Mavo;Korte Verspronckweg;7;2023 BS;HAARLEM;0392;HAARLEM;Bijzonder; ; ;BRUGJAAR;Fred. Roeskestraat;84;1076 ED;AMSTERDAM;43;Haarlem;20;Zuidelijk Noord-Holland;25;West-Kennemerland;21;Agglomeratie Haarlem;15;Zuid-Noord-Holland;25;Zuid-Kennemerland en IJmond;Noord
Noord-Holland;41556;21BH;21BH00;Dalton Scholengemeenschap Spinozalyceum voor Vwo Havo Mavo;Peter van Anrooystraat;8;1076 BH;AMSTERDAM;0363;AMSTERDAM;Openbaar;0205777444;www.spinozalyceum.nl;MAVO/HAVO/VWO;Peter van Anrooystraat;8;1076 BH;AMSTERDAM;44;Amsterdam;20;Zuidelijk Noord-Holland;21;Agglomeratie Amsterdam;23;Groot-Amsterdam;15;Zuid-Noord-Holland;21;Agglomeratie Amsterdam;Noord
Noord-Holland;41556;21BH;21BH02;Dalton Scholengemeenschap Spinozalyceum voor Vwo Havo Mavo;H.J.E. Wenckebachweg;38-48;1096 AN;AMSTERDAM;0363;AMSTERDAM;Openbaar;0207900300;www.spinoza20first.nl;MAVO/HAVO/VWO;Peter van Anrooystraat;8;1076 BH;AMSTERDAM;44;Amsterdam;20;Zuidelijk Noord-Holland;21;Agglomeratie Amsterdam;23;Groot-Amsterdam;15;Zuid-Noord-Holland;21;Agglomeratie Amsterdam;Noord
Noord-Holland;41581;20CN;20CN00;Scholengroep Zaandam voor vwo havo mavo vmbo lwoo;Vincent van Goghweg;42;1506 JD;ZAANDAM;0479;ZAANSTAD;Openbaar;0756170055;www.zaanlands.nl;HAVO/VWO;Vincent van Goghweg;42;1506 JD;ZAANDAM;41;Zaanstad;20;Zuidelijk Noord-Holland;21;Agglomeratie Amsterdam;22;Zaanstreek;15;Zuid-Noord-Holland;21;Agglomeratie Amsterdam;Noord
Noord-Holland;41581;20CN;20CN02;Scholengroep Zaandam  voor vwo havo mavo vmbo lwoo - locatie Compaen VMBO;Nieuwendamstraat;6;1507 JE;ZAANDAM;0479;ZAANSTAD;Openbaar;0756126303;www.compaenvmbo.nl;VBO/MAVO;Nieuwendamstraat;6;1507 JE;ZAANDAM;41;Zaanstad;20;Zuidelijk Noord-Holland;21;Agglomeratie Amsterdam;22;Zaanstreek;15;Zuid-Noord-Holland;21;Agglomeratie Amsterdam;Noord
Noord-Holland;41581;20CN;20CN05;Scholengroep Zaandam - locatie Het Saenredam;Elvis Presleystraat;1;1544 LM;ZAANDIJK;0479;ZAANSTAD;Openbaar;0756409130;www.saenredam.nl;VBO/MAVO/HAVO;Vincent van Goghweg;42;1506 JD;ZAANDAM;41;Zaanstad;20;Zuidelijk Noord-Holland;21;Agglomeratie Amsterdam;22;Zaanstreek;15;Zuid-Noord-Holland;21;Agglomeratie Amsterdam;Noord
Noord-Holland;41581;20EY;20EY00;Scholengroep Krommenie voor Vwo Havo Mavo Vbo Lwoo;Erasmusstraat;28;1561 KD;KROMMENIE;0479;ZAANSTAD;Openbaar;0756210426;www.bertrand.nl;HAVO/VWO;Postbus;342;1560 AH;KROMMENIE;41;Zaanstad;20;Zuidelijk Noord-Holland;21;Agglomeratie Amsterdam;22;Zaanstreek;15;Zuid-Noord-Holland;21;Agglomeratie Amsterdam;Noord
Noord-Holland;41581;20EY;20EY07;Scholengroep Krommenie voor Vwo Havo Mavo Vbo Lwoo loc. Trias VMBO;Saendelverlaan;1;1561 KS;KROMMENIE;0479;ZAANSTAD;Openbaar;0756478810;www.triasvmbo.nl;VBO/MAVO;Postbus;207;1560 AE;KROMMENIE;41;Zaanstad;20;Zuidelijk Noord-Holland;21;Agglomeratie Amsterdam;22;Zaanstreek;15;Zuid-Noord-Holland;21;Agglomeratie Amsterdam;Noord
Noord-Holland;41581;20EY;20EY09;Scholengroep Krommenie voor Vwo Havo Mavo Vbo Lwoo loc. Bertrand Russell college;Erasmusstraat;1;1561 KD;KROMMENIE;0479;ZAANSTAD;Openbaar;0756404104; ;HAVO/VWO; ; ; ; ;41;Zaanstad;20;Zuidelijk Noord-Holland;21;Agglomeratie Amsterdam;22;Zaanstreek;15;Zuid-Noord-Holland;21;Agglomeratie Amsterdam;Noord
Noord-Holland;41581;20EY;20EY10;Scholengroep Krommenie voor Vwo Havo Mavo Vbo Lwoo loc. ISK Zaanstad;Saendelverlaan;1-A;1561 KS;KROMMENIE;0479;ZAANSTAD;Openbaar;0756165071;isk-zaanstad.nl;VBO/MAVO;Saendelverlaan;1-A;1561 KS;KROMMENIE;41;Zaanstad;20;Zuidelijk Noord-Holland;21;Agglomeratie Amsterdam;22;Zaanstreek;15;Zuid-Noord-Holland;21;Agglomeratie Amsterdam;Noord
Noord-Holland;41581;20FF;20FF00;Praktijkschool De Brug;Saenredamstraat;39;1566 KL;ASSENDELFT;0479;ZAANSTAD;Openbaar;0756210688;www.praktijkschooldebrug.nl;PRO;Saenredamstraat;39;1566 KL;ASSENDELFT;41;Zaanstad;20;Zuidelijk Noord-Holland;21;Agglomeratie Amsterdam;22;Zaanstreek;15;Zuid-Noord-Holland;21;Agglomeratie Amsterdam;Noord
Noord-Holland;41581;29YT;29YT00;Zuiderzee College voor VMBO;Zuiderzee;200;1503 HZ;ZAANDAM;0479;ZAANSTAD;Openbaar;0756166069;www.zuiderzee-college.nl;VBO/MAVO;Postbus;451;1500 EL;ZAANDAM;41;Zaanstad;20;Zuidelijk Noord-Holland;21;Agglomeratie Amsterdam;22;Zaanstreek;15;Zuid-Noord-Holland;21;Agglomeratie Amsterdam;Noord
Noord-Holland;41664;01KL;01KL00;Noordzee Onderwijs Groep voor Gymnasium, Atheneum, Havo, Vmbo;Wolff en Dekenlaan;1;1985 HP;DRIEHUIS;0453;VELSEN;Bijzonder;0255546400;www.dunamare.nl;VBO/MAVO/HAVO/VWO;Postbus;4470;2003 EL;HAARLEM;42;Velsen;20;Zuidelijk Noord-Holland;25;West-Kennemerland;20;IJmond;15;Zuid-Noord-Holland;25;Zuid-Kennemerland en IJmond;Noord
Noord-Holland;41664;01KL;01KL06;Noordzee Onderwijs Groep voor Gymnasium, Atheneum, Havo, Vmbo;Briniostraat;12;1971 HM;IJMUIDEN;0453;VELSEN;Bijzonder;0255514006;www.technischcollegevelsen.nl;VBO;Postbus;4470;2003 EL;HAARLEM;42;Velsen;20;Zuidelijk Noord-Holland;25;West-Kennemerland;20;IJmond;15;Zuid-Noord-Holland;25;Zuid-Kennemerland en IJmond;Noord
Noord-Holland;41664;01KL;01KL07;Noordzee Onderwijs Groep voor Gymnasium, Atheneum, Havo, Vmbo;Briniostraat;10;1971 HM;IJMUIDEN;0453;VELSEN;Bijzonder;0255546900;www.maritiemcollegeijmuiden.nl;VBO;Postbus;4470;2003 EL;HAARLEM;42;Velsen;20;Zuidelijk Noord-Holland;25;West-Kennemerland;20;IJmond;15;Zuid-Noord-Holland;25;Zuid-Kennemerland en IJmond;Noord
Noord-Holland;41664;01KL;01KL08;Noordzee Onderwijs Groep voor Gymnasium, Atheneum, Havo, Vmbo;Schoterstraat;4;2021 HH;HAARLEM;0392;HAARLEM;Bijzonder;0235415100;www.iskhaarlem.nl;VBO/MAVO;Postbus;4470;2003 EL;HAARLEM;43;Haarlem;20;Zuidelijk Noord-Holland;25;West-Kennemerland;21;Agglomeratie Haarlem;15;Zuid-Noord-Holland;25;Zuid-Kennemerland en IJmond;Noord
Noord-Holland;41664;01KL;01KL10;Noordzee Onderwijs Groep voor Gymnasium, Atheneum, Havo, Vmbo;Zandvoortselaan;19-A;2042 XD;ZANDVOORT;0473;ZANDVOORT;Bijzonder;0235713782;www.wimgertenbachcollege.nl;VBO/MAVO;Postbus;4470;2003 EL;HAARLEM;43;Haarlem;20;Zuidelijk Noord-Holland;25;West-Kennemerland;21;Agglomeratie Haarlem;15;Zuid-Noord-Holland;25;Zuid-Kennemerland en IJmond;Noord
Noord-Holland;41664;01KL;01KL14;Noordzee Onderwijs Groep voor Gymnasium, Atheneum, Havo, Vmbo;Eenhoornstraat;8;1973 XT;IJMUIDEN;0453;VELSEN;Bijzonder;0255516343; ;VBO/MAVO;Postbus;4470;2003 EL;HAARLEM;42;Velsen;20;Zuidelijk Noord-Holland;25;West-Kennemerland;20;IJmond;15;Zuid-Noord-Holland;25;Zuid-Kennemerland en IJmond;Noord
Noord-Holland;41664;01KL;01KL18;Noordzee Onderwijs Groep voor Gymnasium, Atheneum, Havo, Vmbo;Nicolaas Beetslaan;3;1985 HH;DRIEHUIS;0453;VELSEN;Bijzonder; ; ;MAVO/HAVO/VWO; ; ; ; ;42;Velsen;20;Zuidelijk Noord-Holland;25;West-Kennemerland;20;IJmond;15;Zuid-Noord-Holland;25;Zuid-Kennemerland en IJmond;Noord
Noord-Holland;41664;02KM;02KM00;Haarlem College Scholengemeenschap voor Mavo Vbo Lwoo Havo;Broekweg;1;2035 LE;HAARLEM;0392;HAARLEM;Bijzonder;0235311572;www.haarlemcollege.nl;VBO/MAVO;Postbus;4081;2003 EB;HAARLEM;43;Haarlem;20;Zuidelijk Noord-Holland;25;West-Kennemerland;21;Agglomeratie Haarlem;15;Zuid-Noord-Holland;25;Zuid-Kennemerland en IJmond;Noord
Noord-Holland;41664;02KM;02KM05;Haarlem College school voor havo;Broekweg;1;2035 LE;HAARLEM;0392;HAARLEM;Bijzonder;0235311572;haarlemcollege.nl;HAVO;Postbus;4081;2003 EB;HAARLEM;43;Haarlem;20;Zuidelijk Noord-Holland;25;West-Kennemerland;21;Agglomeratie Haarlem;15;Zuid-Noord-Holland;25;Zuid-Kennemerland en IJmond;Noord
Noord-Holland;41664;02YH;02YH00;Montessori College voor Mavo Aerdenhout;Boekenroodeweg;5;2111 HJ;AERDENHOUT;0377;BLOEMENDAAL;Bijzonder;0235246246;www.mcaweb.nl;MAVO;Boekenroodeweg;5;2111 HJ;AERDENHOUT;43;Haarlem;20;Zuidelijk Noord-Holland;25;West-Kennemerland;21;Agglomeratie Haarlem;15;Zuid-Noord-Holland;25;Zuid-Kennemerland en IJmond;Noord
Noord-Holland;41664;13JF;13JF00;Noordzee Onderwijs Groep voor Praktijkonderwijs;Eenhoornstraat;4;1973 XT;IJMUIDEN;0453;VELSEN;Bijzonder;0255516343;www.dunamare.nl;PRO;Postbus;4470;2003 EL;HAARLEM;42;Velsen;20;Zuidelijk Noord-Holland;25;West-Kennemerland;20;IJmond;15;Zuid-Noord-Holland;25;Zuid-Kennemerland en IJmond;Noord
Noord-Holland;41664;15NE;15NE00;School voor Praktische Vorming Oost-ter-Hout;Oosterhoutlaan;19;2012 RA;HAARLEM;0392;HAARLEM;Openbaar;0235290350;www.dunamare.nl;PRO;Postbus;4470;2003 EL;HAARLEM;43;Haarlem;20;Zuidelijk Noord-Holland;25;West-Kennemerland;21;Agglomeratie Haarlem;15;Zuid-Noord-Holland;25;Zuid-Kennemerland en IJmond;Noord
Noord-Holland;41664;16PJ;16PJ00;Rietland College;Rietvoornlaan;5;2132 PG;HOOFDDORP;0394;HAARLEMMERMEER;Openbaar;0235612136;rietlandcollege.nl;PRO;Postbus;391;2130 AJ;HOOFDDORP;44;Amsterdam;20;Zuidelijk Noord-Holland;21;Agglomeratie Amsterdam;23;Groot-Amsterdam;15;Zuid-Noord-Holland;21;Agglomeratie Amsterdam;Noord
Noord-Holland;41664;16PJ;16PJ01;Rietland College;Kaj Munkweg;41;2131 RV;HOOFDDORP;0394;HAARLEMMERMEER;Openbaar;0235612136;rietlandcollege.nl;PRO;Postbus;391;2130 AJ;HOOFDDORP;44;Amsterdam;20;Zuidelijk Noord-Holland;21;Agglomeratie Amsterdam;23;Groot-Amsterdam;15;Zuid-Noord-Holland;21;Agglomeratie Amsterdam;Noord
Noord-Holland;41664;19EQ;19EQ00;Hartenlustsch voor Mavo;Vijverweg;31;2061 GT;BLOEMENDAAL;0377;BLOEMENDAAL;Bijzonder;0235251702;www.hartenlustschool.nl;MAVO;Postbus;4470;2003 EL;HAARLEM;43;Haarlem;20;Zuidelijk Noord-Holland;25;West-Kennemerland;21;Agglomeratie Haarlem;15;Zuid-Noord-Holland;25;Zuid-Kennemerland en IJmond;Noord
Noord-Holland;41664;19TI;19TI00;Solyvius College SGM voor Lyc Havo Mavo Vbo Lwoo;Baron De Coubertinlaan;2;2134 CG;HOOFDDORP;0394;HAARLEMMERMEER;Openbaar;0235631644;www.haarlemmermeerlyceum.nl;VBO/MAVO/HAVO/VWO;Baron De Coubertinlaan;2;2134 CG;HOOFDDORP;44;Amsterdam;20;Zuidelijk Noord-Holland;21;Agglomeratie Amsterdam;23;Groot-Amsterdam;15;Zuid-Noord-Holland;21;Agglomeratie Amsterdam;Noord
Noord-Holland;41664;19TI;19TI03;Solyvius College- locatie Avantis College;Rietvoornlaan;1;2132 PG;HOOFDDORP;0394;HAARLEMMERMEER;Openbaar;0235555777;https://www.avantiscollege.nl/;VBO/MAVO;Postbus;23;2130 AA;HOOFDDORP;44;Amsterdam;20;Zuidelijk Noord-Holland;21;Agglomeratie Amsterdam;23;Groot-Amsterdam;15;Zuid-Noord-Holland;21;Agglomeratie Amsterdam;Noord
Noord-Holland;41664;19TI;19TI05;Solyvius Coll loc Haarlemmermeer- Lyceum Zuidrand;Nieuwe Molenaarslaan;20;2134 AS;HOOFDDORP;0394;HAARLEMMERMEER;Openbaar;0235630283;www.haarlemmermeerlyceum.nl;VBO/MAVO/HAVO/VWO;Nieuwe Molenaarslaan;20;2134 AS;HOOFDDORP;44;Amsterdam;20;Zuidelijk Noord-Holland;21;Agglomeratie Amsterdam;23;Groot-Amsterdam;15;Zuid-Noord-Holland;21;Agglomeratie Amsterdam;Noord
Noord-Holland;41664;19TI;19TI06;Solyvius College SGM voor Lyc Havo Mavo Vbo Lwoo;Hammarskjoldstraat;226;2131 VN;HOOFDDORP;0394;HAARLEMMERMEER;Openbaar;0235555777; ;BRUGJAAR;Postbus;4470;2003 EL;HAARLEM;44;Amsterdam;20;Zuidelijk Noord-Holland;21;Agglomeratie Amsterdam;23;Groot-Amsterdam;15;Zuid-Noord-Holland;21;Agglomeratie Amsterdam;Noord
Noord-Holland;41664;20EK;20EK00;Openbare Scholengemeenschap Vellesan College Ath Havo Mavo Vbo Lwoo;Briniostraat;16;1971 HM;IJMUIDEN;0453;VELSEN;Samenwerking Opb., Alg. Bijz.;0255519001;www.dunamare.nl;VBO/MAVO/HAVO/VWO;Postbus;4470;2003 EL;HAARLEM;42;Velsen;20;Zuidelijk Noord-Holland;25;West-Kennemerland;20;IJmond;15;Zuid-Noord-Holland;25;Zuid-Kennemerland en IJmond;Noord
Noord-Holland;41664;20EK;20EK04;Vellesan College loc Duin- en Kruidbergmavo;Nicolaas Beetslaan;3;1985 HH;DRIEHUIS;0453;VELSEN;Bijzonder; ; ;VBO/MAVO;Postbus;4470;2003 EL;HAARLEM;42;Velsen;20;Zuidelijk Noord-Holland;25;West-Kennemerland;20;IJmond;15;Zuid-Noord-Holland;25;Zuid-Kennemerland en IJmond;Noord
Noord-Holland;41664;20EK;20EK07;Openbare Scholengemeenschap Vellesan College Ath Havo Mavo Vbo Lwoo;Tiberiusplein;5;1971 HN;IJMUIDEN;0453;VELSEN;Bijzonder; ; ;VBO/MAVO/HAVO/VWO;Postbus;4470;2003 EL;HAARLEM;42;Velsen;20;Zuidelijk Noord-Holland;25;West-Kennemerland;20;IJmond;15;Zuid-Noord-Holland;25;Zuid-Kennemerland en IJmond;Noord
Noord-Holland;41664;20EK;20EK08;Openbare Scholengemeenschap Vellesan College Ath Havo Mavo Vbo Lwoo;Platanenstraat;50;1971 NK;IJMUIDEN;0453;VELSEN;Bijzonder; ; ;VBO/MAVO/HAVO/VWO;Postbus;4470;2003 EL;HAARLEM;42;Velsen;20;Zuidelijk Noord-Holland;25;West-Kennemerland;20;IJmond;15;Zuid-Noord-Holland;25;Zuid-Kennemerland en IJmond;Noord
Noord-Holland;41664;20RC;20RC00;Gem Schoter Scholengemeenschap voor Atheneum Havo en Mavo;Sportweg;9;2024 CN;HAARLEM;0392;HAARLEM;Openbaar;0235258491;www.dunamare.nl;MAVO/HAVO/VWO;Postbus;4470;2003 EL;HAARLEM;43;Haarlem;20;Zuidelijk Noord-Holland;25;West-Kennemerland;21;Agglomeratie Haarlem;15;Zuid-Noord-Holland;25;Zuid-Kennemerland en IJmond;Noord
Noord-Holland;41664;20RF;20RF00;Coornhertlyc Gem Scholengemeenschap Lyceum Havo Mavo;Lyceumlaan;1;2012 WT;HAARLEM;0392;HAARLEM;Openbaar;0235121616;www.coornhert.nl;MAVO/HAVO/VWO;Postbus;4470;2003 EL;HAARLEM;43;Haarlem;20;Zuidelijk Noord-Holland;25;West-Kennemerland;21;Agglomeratie Haarlem;15;Zuid-Noord-Holland;25;Zuid-Kennemerland en IJmond;Noord
Noord-Holland;41664;25FU;25FU00;Spaarne College Haarlem voor Mavo Vbo Lwoo;Badmintonpad;15;2023 BT;HAARLEM;0392;HAARLEM;Openbaar;0235415100;www.spaarnecollege.nl;VBO/MAVO;Postbus;4470;2003 EL;HAARLEM;43;Haarlem;20;Zuidelijk Noord-Holland;25;West-Kennemerland;21;Agglomeratie Haarlem;15;Zuid-Noord-Holland;25;Zuid-Kennemerland en IJmond;Noord
Noord-Holland;41664;25FU;25FU08;Spaarne College Haarlem voor Mavo Vbo Lwoo locatie ISK Haarlem;Schoterstraat;4;2021 HH;HAARLEM;0392;HAARLEM;Bijzonder;0646227731;iskhaarlem.nl;VBO/MAVO;Postbus;4470;2003 EL;HAARLEM;43;Haarlem;20;Zuidelijk Noord-Holland;25;West-Kennemerland;21;Agglomeratie Haarlem;15;Zuid-Noord-Holland;25;Zuid-Kennemerland en IJmond;Noord
Noord-Holland;41664;26JE;26JE00;Praktijkschool Uithoorn;Legmeerplein;55;1422 RG;UITHOORN;0451;UITHOORN;Bijzonder;0297267018;www.praktijkschooluithoorn.nl;PRO;Postbus;4470;2003 EL;HAARLEM;44;Amsterdam;20;Zuidelijk Noord-Holland;21;Agglomeratie Amsterdam;23;Groot-Amsterdam;15;Zuid-Noord-Holland;21;Agglomeratie Amsterdam;Noord
Noord-Holland;41830;21GD;21GD00;Calandlyceum voor Gymnasium Atheneum Havo Vmbo;Pieter Calandlaan;182;1068 NT;AMSTERDAM;0363;AMSTERDAM;Openbaar;0206675353;www.calandlyceum.nl;VBO/MAVO/HAVO/VWO;Postbus;96018;1006 EA;AMSTERDAM;44;Amsterdam;20;Zuidelijk Noord-Holland;21;Agglomeratie Amsterdam;23;Groot-Amsterdam;15;Zuid-Noord-Holland;21;Agglomeratie Amsterdam;Noord
Noord-Holland;41830;21GD;21GD01;Calandlyceum voor Gymnasium Atheneum Havo Vmbo locatie,  Lumion;Vlaardingenlaan;25;1062 HM;AMSTERDAM;0363;AMSTERDAM;Openbaar;0206675353;www.lumion.amsterdam;VBO/MAVO/HAVO/VWO; ; ; ; ;44;Amsterdam;20;Zuidelijk Noord-Holland;21;Agglomeratie Amsterdam;23;Groot-Amsterdam;15;Zuid-Noord-Holland;21;Agglomeratie Amsterdam;Noord
Noord-Holland;41830;21GD;21GD02;Calandlyceum voor Gymnasium Atheneum Havo Vmbo vestiging De Toekomst;Borchlandweg;18;1114 BD;AMSTERDAM-DUIVENDRECHT;0437;OUDER-AMSTEL;Openbaar; ; ;VBO/MAVO/HAVO/VWO;Postbus;96018;1006 EA;AMSTERDAM;44;Amsterdam;20;Zuidelijk Noord-Holland;21;Agglomeratie Amsterdam;23;Groot-Amsterdam;15;Zuid-Noord-Holland;21;Agglomeratie Amsterdam;Noord
Noord-Holland;41854;00EF;00EF00;Hubertus & Berkhoff voor Vbo en Lwoo;Betuwestraat;29;1079 PR;AMSTERDAM;0363;AMSTERDAM;Bijzonder;0205797190;www.hubertusberkhoff.nl;VBO;Betuwestraat;29;1079 PR;AMSTERDAM;44;Amsterdam;20;Zuidelijk Noord-Holland;21;Agglomeratie Amsterdam;23;Groot-Amsterdam;15;Zuid-Noord-Holland;21;Agglomeratie Amsterdam;Noord
Noord-Holland;41854;14RL;14RL00;Cburg College voor Vbo, Lwoo en Praktijkonderwijs;Foekje Dillemastraat;116;1095 MK;AMSTERDAM;0363;AMSTERDAM;Bijzonder;0205797130;www.cburgcollege.nl;VBO;Foekje Dillemastraat;116;1095 MK;AMSTERDAM;44;Amsterdam;20;Zuidelijk Noord-Holland;21;Agglomeratie Amsterdam;23;Groot-Amsterdam;15;Zuid-Noord-Holland;21;Agglomeratie Amsterdam;Noord
Noord-Holland;41854;14RL;14RL03;Tobiasschool voor Vbo, Lwoo en Praktijkonderwijs;Rietwijkerstraat;55;1059 VX;AMSTERDAM;0363;AMSTERDAM;Bijzonder;0205797295;www.vova.nl;VBO;Rietwijkerstraat;55;1059 VX;AMSTERDAM;44;Amsterdam;20;Zuidelijk Noord-Holland;21;Agglomeratie Amsterdam;23;Groot-Amsterdam;15;Zuid-Noord-Holland;21;Agglomeratie Amsterdam;Noord
Noord-Holland;41854;14RL;14RL06;LUCA;Javaplantsoen;24;1095 CS;AMSTERDAM;0363;AMSTERDAM;Bijzonder;0205797150;https://luca.amsterdam/;VBO/PRO;Javaplantsoen;24;1095 CS;AMSTERDAM;44;Amsterdam;20;Zuidelijk Noord-Holland;21;Agglomeratie Amsterdam;23;Groot-Amsterdam;15;Zuid-Noord-Holland;21;Agglomeratie Amsterdam;Noord
Noord-Holland;41854;21AS;21AS00;Metropolis Lyceum;Meeuwenlaan;132;1022 AM;AMSTERDAM;0363;AMSTERDAM;Openbaar;0205797111;www.metropolislyceum.nl;VBO/MAVO/HAVO/VWO;Meeuwenlaan;132;1022 AM;AMSTERDAM;44;Amsterdam;20;Zuidelijk Noord-Holland;21;Agglomeratie Amsterdam;23;Groot-Amsterdam;15;Zuid-Noord-Holland;21;Agglomeratie Amsterdam;Noord
Noord-Holland;41854;21AS;21AS03;Voortgezet Onderwijs van Amsterdam voor Lyceum Havo Mavo Vbo en Lwoo;Meeuwenlaan;132;1022 AM;AMSTERDAM;0363;AMSTERDAM;Openbaar;0205797111;www.metropolislyceum.nl;VBO;Meeuwenlaan;132;1022 AM;AMSTERDAM;44;Amsterdam;20;Zuidelijk Noord-Holland;21;Agglomeratie Amsterdam;23;Groot-Amsterdam;15;Zuid-Noord-Holland;21;Agglomeratie Amsterdam;Noord
Noord-Holland;41854;21AS;21AS07;Bredero;Gare du Nord;5;1022 LD;AMSTERDAM;0363;AMSTERDAM;Openbaar;0205797230;www.bredero.amsterdam;VBO/MAVO/HAVO;Gare du Nord;5;1022 LD;AMSTERDAM;44;Amsterdam;20;Zuidelijk Noord-Holland;21;Agglomeratie Amsterdam;23;Groot-Amsterdam;15;Zuid-Noord-Holland;21;Agglomeratie Amsterdam;Noord
Noord-Holland;41854;21AS;21AS08;Voortgezet Onderwijs van Amsterdam voor Lyceum Havo Mavo Vbo en Lwoo;Badhuiskade;361;1031 KV;AMSTERDAM;0363;AMSTERDAM;Openbaar;0205797220;www.hyperionlyceum.nl;HAVO/VWO;Badhuiskade;361;1031 KV;AMSTERDAM;44;Amsterdam;20;Zuidelijk Noord-Holland;21;Agglomeratie Amsterdam;23;Groot-Amsterdam;15;Zuid-Noord-Holland;21;Agglomeratie Amsterdam;Noord
Noord-Holland;41854;21AS;21AS09;Voortgezet Onderwijs van Amsterdam voor Lyceum Havo Mavo Vbo en Lwoo;Meeuwenlaan;132;1022 AM;AMSTERDAM;0363;AMSTERDAM;Bijzonder;0205797111;www.metropolislyceum.nl;VBO/MAVO/HAVO/VWO;Postbus;37606;1030 BB;AMSTERDAM;44;Amsterdam;20;Zuidelijk Noord-Holland;21;Agglomeratie Amsterdam;23;Groot-Amsterdam;15;Zuid-Noord-Holland;21;Agglomeratie Amsterdam;Noord
Noord-Holland;41854;21AS;21AS10;VOvA (1);Meeuwenlaan;132;1022 AM;AMSTERDAM;0363;AMSTERDAM;Openbaar;0205797111;www.metropolislyceum.nl;VBO/MAVO/HAVO/VWO;Meeuwenlaan;132;1022 AM;AMSTERDAM;44;Amsterdam;20;Zuidelijk Noord-Holland;21;Agglomeratie Amsterdam;23;Groot-Amsterdam;15;Zuid-Noord-Holland;21;Agglomeratie Amsterdam;Noord
Noord-Holland;41883;25DA;25DA00;Stichting Atlas College voor Lyceum Havo Mavo Vbo Lwoo;Bontekoestraat;3;1623 LL;HOORN NH;0405;HOORN;Openbaar;0229206020;www.atlascollege.nl;VBO/MAVO/HAVO/VWO;Dampten;14;1624 NR;HOORN NH;40;Hoorn;19;Noord-Holland-Noord;22;Westfriesland;18;Kop van Noord-Holland;14;Noord-Noord-Holland;22;West-Friesland;Noord
Noord-Holland;41883;25DA;25DA02;Atlas College voor Lyceum Havo Mavo Vbo Lwoo vestiging Copernicus SG;Nieuwe Steen;11;1625 HV;HOORN NH;0405;HOORN;Openbaar;0229236344;https://copernicushoorn.nl;VBO/MAVO/HAVO/VWO;Dampten;14;1624 NR;HOORN NH;40;Hoorn;19;Noord-Holland-Noord;22;Westfriesland;18;Kop van Noord-Holland;14;Noord-Noord-Holland;22;West-Friesland;Noord
Noord-Holland;41883;25DA;25DA04;Atlas College voor Lyceum Havo Mavo Vbo Lwoo vestiging SG De Dijk;Admiraliteitsweg;6;1671 JA;MEDEMBLIK;0420;MEDEMBLIK;Openbaar;0229206020;dedijk.atlascollege.nl;VBO/MAVO;Dampten;14;1624 NR;HOORN NH;40;Hoorn;19;Noord-Holland-Noord;22;Westfriesland;18;Kop van Noord-Holland;14;Noord-Noord-Holland;22;West-Friesland;Noord
Noord-Holland;41883;25DA;25DA08;Atlas College voor Lyceum Havo Mavo Vbo Lwoo vestiging SG Newton;Dampten;22;1624 NR;HOORN NH;0405;HOORN;Openbaar;0229206020;newton.atlascollege.nl;VBO/MAVO;Dampten;14;1624 NR;HOORN NH;40;Hoorn;19;Noord-Holland-Noord;22;Westfriesland;18;Kop van Noord-Holland;14;Noord-Noord-Holland;22;West-Friesland;Noord
Noord-Holland;41883;25DA;25DA09;Atlas College voor Lyceum Havo Mavo Vbo Lwoo vestiging SG De Triade;Nijverheidstraat;2;1135 GE;EDAM;0385;EDAM-VOLENDAM;Openbaar;0229206020;detriade.atlascollege.nl;VBO/MAVO;Dampten;14;1624 NR;HOORN NH;44;Amsterdam;20;Zuidelijk Noord-Holland;21;Agglomeratie Amsterdam;23;Groot-Amsterdam;15;Zuid-Noord-Holland;21;Agglomeratie Amsterdam;Noord
Noord-Holland;42530;19XY;19XY00;Amstelveen College Opb Ssm voor Gymnasium Havo en Mavo;Sportlaan;27;1185 TB;AMSTELVEEN;0362;AMSTELVEEN;Openbaar;0203039999;www.amstelveencollege.nl;MAVO/HAVO/VWO;Sportlaan;27;1185 TB;AMSTELVEEN;44;Amsterdam;20;Zuidelijk Noord-Holland;21;Agglomeratie Amsterdam;23;Groot-Amsterdam;15;Zuid-Noord-Holland;21;Agglomeratie Amsterdam;Noord
Noord-Holland;42595;03AQ;03AQ00;Open Sgm Bylmer Vath Havo Mavo Lhno Lto Leao;Gulden Kruis;5;1103 BE;AMSTERDAM;0363;AMSTERDAM;Openbaar;0206909050;www.osbijlmer.nl;VBO/MAVO/HAVO/VWO;Gulden Kruis;5;1103 BE;AMSTERDAM;44;Amsterdam;20;Zuidelijk Noord-Holland;21;Agglomeratie Amsterdam;23;Groot-Amsterdam;15;Zuid-Noord-Holland;21;Agglomeratie Amsterdam;Noord
Noord-Holland;42595;03AQ;03AQ01;Open Sgm Bylmer V Ath Havo Mavo Lhno Lto Leao;Ouderkerkerlaan;24;1112 BE;DIEMEN;0384;DIEMEN;Openbaar;0206909050; ;VBO/MAVO/HAVO/VWO;Gulden Kruis;5;1103 BE;AMSTERDAM;44;Amsterdam;20;Zuidelijk Noord-Holland;21;Agglomeratie Amsterdam;23;Groot-Amsterdam;15;Zuid-Noord-Holland;21;Agglomeratie Amsterdam;Noord
Noord-Holland;42621;02VQ;02VQ00;Scholengemeenschap ZAAM Zaanstad voor Vwo Havo Mavo Vbo;Pascalstraat;4;1503 DA;ZAANDAM;0479;ZAANSTAD;Bijzonder;0207059600;www.zaam.nl;VBO/MAVO/HAVO/VWO;Postbus;12426;1100 AK;AMSTERDAM;41;Zaanstad;20;Zuidelijk Noord-Holland;21;Agglomeratie Amsterdam;22;Zaanstreek;15;Zuid-Noord-Holland;21;Agglomeratie Amsterdam;Noord
Noord-Holland;42621;02VQ;02VQ01;Scholengemeenschap ZAAM Zaanstad voor Vwo Havo Mavo Vbo;Middelven;2;1504 BZ;ZAANDAM;0479;ZAANSTAD;Bijzonder;0207059600;www.zaam.nl;VBO/MAVO;Postbus;12426;1100 AK;AMSTERDAM;41;Zaanstad;20;Zuidelijk Noord-Holland;21;Agglomeratie Amsterdam;22;Zaanstreek;15;Zuid-Noord-Holland;21;Agglomeratie Amsterdam;Noord
Noord-Holland;42621;14RF;14RF00;Scholengemeenschap ZAAM Oost voor Vwo Havo Mavo Vbo;Nobelweg;6;1097 AR;AMSTERDAM;0363;AMSTERDAM;Bijzonder;0207059600;www.zaam.nl;HAVO/VWO;Postbus;12426;1100 AK;AMSTERDAM;44;Amsterdam;20;Zuidelijk Noord-Holland;21;Agglomeratie Amsterdam;23;Groot-Amsterdam;15;Zuid-Noord-Holland;21;Agglomeratie Amsterdam;Noord
Noord-Holland;42621;14RF;14RF03;Scholengemeenschap ZAAM Oost voor Vwo Havo Mavo Vbo;Lavoisierstraat;2;1098 TH;AMSTERDAM;0363;AMSTERDAM;Bijzonder;0207059600;www.zaam.nl;VBO/MAVO;Postbus;12426;1100 AK;AMSTERDAM;44;Amsterdam;20;Zuidelijk Noord-Holland;21;Agglomeratie Amsterdam;23;Groot-Amsterdam;15;Zuid-Noord-Holland;21;Agglomeratie Amsterdam;Noord
Noord-Holland;42621;14RF;14RF04;Scholengemeenschap ZAAM Oost voor Vwo Havo Mavo Vbo;Dubbelink;1;1102 AL;AMSTERDAM;0363;AMSTERDAM;Bijzonder;0207059600;www.zaam.nl;VBO/MAVO/HAVO;Postbus;12426;1100 AK;AMSTERDAM;44;Amsterdam;20;Zuidelijk Noord-Holland;21;Agglomeratie Amsterdam;23;Groot-Amsterdam;15;Zuid-Noord-Holland;21;Agglomeratie Amsterdam;Noord
Noord-Holland;42621;14RF;14RF05;Scholengemeenschap ZAAM Oost voor Vwo Havo Mavo Vbo;Radioweg;56;1098 NJ;AMSTERDAM;0363;AMSTERDAM;Bijzonder;0207059600;www.zaam.nl;BRUGJAAR;Postbus;12426;1100 AK;AMSTERDAM;44;Amsterdam;20;Zuidelijk Noord-Holland;21;Agglomeratie Amsterdam;23;Groot-Amsterdam;15;Zuid-Noord-Holland;21;Agglomeratie Amsterdam;Noord
Noord-Holland;42621;14RF;14RF06;Scholengemeenschap ZAAM Oost voor Vwo Havo Mavo Vbo;Vrolikstraat;8;1091 VG;AMSTERDAM;0363;AMSTERDAM;Bijzonder;0207059600;www.zaam.nl;VWO;Postbus;12426;1100 AK;AMSTERDAM;44;Amsterdam;20;Zuidelijk Noord-Holland;21;Agglomeratie Amsterdam;23;Groot-Amsterdam;15;Zuid-Noord-Holland;21;Agglomeratie Amsterdam;Noord
Noord-Holland;42621;14RF;14RF08;Scholengemeenschap ZAAM Oost voor Vwo Havo Mavo Vbo;Dapperstraat;315;1093 BS;AMSTERDAM;0363;AMSTERDAM;Bijzonder;0208938000;www.zaam.nl;HAVO;Postbus;12426;1100 AK;AMSTERDAM;44;Amsterdam;20;Zuidelijk Noord-Holland;21;Agglomeratie Amsterdam;23;Groot-Amsterdam;15;Zuid-Noord-Holland;21;Agglomeratie Amsterdam;Noord
Noord-Holland;42621;17HB;17HB00;Scholengemeenschap ZAAM West voor Vwo Havo Mavo Vbo;Jacob Geelstraat;38;1065 VT;AMSTERDAM;0363;AMSTERDAM;Bijzonder;0207059600;www.zaam.nl;VBO/MAVO/HAVO/VWO;Postbus;12426;1100 AK;AMSTERDAM;44;Amsterdam;20;Zuidelijk Noord-Holland;21;Agglomeratie Amsterdam;23;Groot-Amsterdam;15;Zuid-Noord-Holland;21;Agglomeratie Amsterdam;Noord
Noord-Holland;42621;17HB;17HB06;Scholengemeenschap ZAAM West voor Vwo Havo Mavo Vbo;Pieter Calandlaan;3;1065 KH;AMSTERDAM;0363;AMSTERDAM;Bijzonder;0207059600;www.zaam.nl;VBO/MAVO;Postbus;12426;1100 AK;AMSTERDAM;44;Amsterdam;20;Zuidelijk Noord-Holland;21;Agglomeratie Amsterdam;23;Groot-Amsterdam;15;Zuid-Noord-Holland;21;Agglomeratie Amsterdam;Noord
Noord-Holland;42621;17HB;17HB07;Scholengemeenschap ZAAM West voor Vwo Havo Mavo Vbo;Zekeringstraat;38-+40;1014 BT;AMSTERDAM;0363;AMSTERDAM;Bijzonder;0207059600;www.zaam.nl;VBO;Postbus;12426;1100 AK;AMSTERDAM;44;Amsterdam;20;Zuidelijk Noord-Holland;21;Agglomeratie Amsterdam;23;Groot-Amsterdam;15;Zuid-Noord-Holland;21;Agglomeratie Amsterdam;Noord
Noord-Holland;42621;17VF;17VF00;Scholengemeenschap ZAAM Noord voor Vwo Havo Mavo Vbo;Rode Kruisstraat;83;1025 KM;AMSTERDAM;0363;AMSTERDAM;Bijzonder;0207059600;www.zaam.nl;HAVO/VWO;Postbus;12426;1100 AK;AMSTERDAM;44;Amsterdam;20;Zuidelijk Noord-Holland;21;Agglomeratie Amsterdam;23;Groot-Amsterdam;15;Zuid-Noord-Holland;21;Agglomeratie Amsterdam;Noord
Noord-Holland;42621;17VF;17VF02;Scholengemeenschap ZAAM Noord voor Vwo Havo Mavo Vbo;Rode Kruisstraat;14;1025 KN;AMSTERDAM;0363;AMSTERDAM;Bijzonder;0207059600;www.zaam.nl;VBO/MAVO;Postbus;12426;1100 AK;AMSTERDAM;44;Amsterdam;20;Zuidelijk Noord-Holland;21;Agglomeratie Amsterdam;23;Groot-Amsterdam;15;Zuid-Noord-Holland;21;Agglomeratie Amsterdam;Noord
Noord-Holland;42621;17VF;17VF03;Scholengemeenschap ZAAM Noord voor Vwo Havo Mavo Vbo;Floraweg;170;1032 ZG;AMSTERDAM;0363;AMSTERDAM;Bijzonder;0206603270;www.zaam.nl;VBO/MAVO;Postbus;12426;1100 AK;AMSTERDAM;44;Amsterdam;20;Zuidelijk Noord-Holland;21;Agglomeratie Amsterdam;23;Groot-Amsterdam;15;Zuid-Noord-Holland;21;Agglomeratie Amsterdam;Noord
Noord-Holland;42621;17VF;17VF04;Scholengemeenschap ZAAM Noord voor Vwo Havo Mavo Vbo;Pierebaan;5;1141 GV;MONNICKENDAM;0852;WATERLAND;Bijzonder;0207059600;www.zaam.nl;VBO/MAVO;Postbus;12426;1100 AK;AMSTERDAM;44;Amsterdam;20;Zuidelijk Noord-Holland;21;Agglomeratie Amsterdam;23;Groot-Amsterdam;15;Zuid-Noord-Holland;21;Agglomeratie Amsterdam;Noord
Noord-Holland;42621;17VF;17VF06;Scholengemeenschap ZAAM Noord voor Vwo Havo Mavo Vbo;Duinluststraat;20;1024 VK;AMSTERDAM;0363;AMSTERDAM;Bijzonder;0207059600;www.zaam.nl;VBO/MAVO;Postbus;12426;1100 AK;AMSTERDAM;44;Amsterdam;20;Zuidelijk Noord-Holland;21;Agglomeratie Amsterdam;23;Groot-Amsterdam;15;Zuid-Noord-Holland;21;Agglomeratie Amsterdam;Noord
Noord-Holland;42621;17VF;17VF08;Scholengemeenschap ZAAM Noord voor Vwo Havo Mavo Vbo;Elzenhagenpad;2;1025 WL;AMSTERDAM;0363;AMSTERDAM;Bijzonder;0207059600;www.zaam.nl;VBO/MAVO/HAVO/VWO;Postbus;12426;1100 AK;AMSTERDAM;44;Amsterdam;20;Zuidelijk Noord-Holland;21;Agglomeratie Amsterdam;23;Groot-Amsterdam;15;Zuid-Noord-Holland;21;Agglomeratie Amsterdam;Noord
Noord-Holland;42621;21ET;21ET00;Scholengemeenschap ZAAM Zuid voor Vwo Havo Mavo Vbo;Gerrit van der Veenstr;99;1077 DT;AMSTERDAM;0363;AMSTERDAM;Bijzonder;0207059600;www.zaam.nl;HAVO/VWO;Postbus;12426;1100 AK;AMSTERDAM;44;Amsterdam;20;Zuidelijk Noord-Holland;21;Agglomeratie Amsterdam;23;Groot-Amsterdam;15;Zuid-Noord-Holland;21;Agglomeratie Amsterdam;Noord
Noord-Holland;42621;21ET;21ET02;Scholengemeenschap ZAAM Zuid voor Vwo Havo Mavo Vbo;Moreelsestraat;19-+21;1071 BJ;AMSTERDAM;0363;AMSTERDAM;Bijzonder;0207059600;www.zaam.nl;VBO/MAVO/HAVO;Postbus;12426;1100 AK;AMSTERDAM;44;Amsterdam;20;Zuidelijk Noord-Holland;21;Agglomeratie Amsterdam;23;Groot-Amsterdam;15;Zuid-Noord-Holland;21;Agglomeratie Amsterdam;Noord
Noord-Holland;42621;21ET;21ET04;Scholengemeenschap ZAAM Zuid voor Vwo Havo Mavo Vbo;2e C Huygensstr;31;1054 NN;AMSTERDAM;0363;AMSTERDAM;Bijzonder;0207059600;www.zaam.nl;VBO/MAVO;Postbus;12426;1100 AK;AMSTERDAM;44;Amsterdam;20;Zuidelijk Noord-Holland;21;Agglomeratie Amsterdam;23;Groot-Amsterdam;15;Zuid-Noord-Holland;21;Agglomeratie Amsterdam;Noord
Noord-Holland;42621;21ET;21ET07;Scholengemeenschap ZAAM Zuid voor Vwo Havo Mavo Vbo;Rustenburgerstraat;436-440;1072 HK;AMSTERDAM;0363;AMSTERDAM;Bijzonder;0207059600;www.zaam.nl;VBO/MAVO;Postbus;12426;1100 AK;AMSTERDAM;44;Amsterdam;20;Zuidelijk Noord-Holland;21;Agglomeratie Amsterdam;23;Groot-Amsterdam;15;Zuid-Noord-Holland;21;Agglomeratie Amsterdam;Noord
Noord-Holland;42621;21ET;21ET08;Scholengemeenschap ZAAM Zuid voor Vwo Havo Mavo Vbo;Oudaen;6;1081 BZ;AMSTERDAM;0363;AMSTERDAM;Bijzonder;0207059600;www.zaam.nl;VBO/MAVO/HAVO;Postbus;12426;1100 AK;AMSTERDAM;44;Amsterdam;20;Zuidelijk Noord-Holland;21;Agglomeratie Amsterdam;23;Groot-Amsterdam;15;Zuid-Noord-Holland;21;Agglomeratie Amsterdam;Noord
Noord-Holland;42621;21ET;21ET11;Scholengemeenschap ZAAM Zuid voor Vwo Havo Mavo Vbo;Karel du Jardinstraat;54;1073 TC;AMSTERDAM;0363;AMSTERDAM;Bijzonder;0207059600;www.zaam.nl;BRUGJAAR;Postbus;12426;1100 AK;AMSTERDAM;44;Amsterdam;20;Zuidelijk Noord-Holland;21;Agglomeratie Amsterdam;23;Groot-Amsterdam;15;Zuid-Noord-Holland;21;Agglomeratie Amsterdam;Noord
Noord-Holland;42621;21ET;21ET12;Scholengemeenschap ZAAM Zuid voor Vwo Havo Mavo Vbo;Haarlemmerstraat;132-136;1013 EX;AMSTERDAM;0363;AMSTERDAM;Bijzonder;0207059600;www.vinseschool.nl;VBO/MAVO/HAVO/VWO;Postbus;12426;1100 AK;AMSTERDAM;44;Amsterdam;20;Zuidelijk Noord-Holland;21;Agglomeratie Amsterdam;23;Groot-Amsterdam;15;Zuid-Noord-Holland;21;Agglomeratie Amsterdam;Noord
Noord-Holland;42621;26JZ;26JZ00;De Faam voor Praktijkonderwijs;Blooksven;21;1504 AN;ZAANDAM;0479;ZAANSTAD;Bijzonder;0207059600;www.zaam.nl;PRO;Postbus;12426;1100 AK;AMSTERDAM;41;Zaanstad;20;Zuidelijk Noord-Holland;21;Agglomeratie Amsterdam;22;Zaanstreek;15;Zuid-Noord-Holland;21;Agglomeratie Amsterdam;Noord
Noord-Holland;42635;07FO;07FO00;Praktijkschool Westfriesland locatie Hoorn;Gording;124;1628 JG;HOORN NH;0405;HOORN;Bijzonder;0229219487;www.praktijkschoolwf.nl;PRO;Postbus;3057;1620 GB;HOORN NH;40;Hoorn;19;Noord-Holland-Noord;22;Westfriesland;18;Kop van Noord-Holland;14;Noord-Noord-Holland;22;West-Friesland;Noord
Noord-Holland;42635;27PM;27PM00;Praktijkschool West-Friesland locatie Stede Broec;Annie M.G. Schmidtweg;1;1613 MA;GROOTEBROEK;0532;STEDE BROEC;Bijzonder;0228510350;www.praktijkschoolwf.nl;PRO;Postbus;3057;1620 GB;HOORN NH;39;Enkhuizen;19;Noord-Holland-Noord;22;Westfriesland;18;Kop van Noord-Holland;14;Noord-Noord-Holland;22;West-Friesland;Noord
Noord-Holland;42686;32GD;32GD00;Fiducie College;Derkinderenstraat;44;1062 BJ;AMSTERDAM;0363;AMSTERDAM;Overige;0202610952;www.fiduciecollege.nl;MAVO/HAVO;Derkinderenstraat;44;1062 BJ;AMSTERDAM;44;Amsterdam;20;Zuidelijk Noord-Holland;21;Agglomeratie Amsterdam;23;Groot-Amsterdam;15;Zuid-Noord-Holland;21;Agglomeratie Amsterdam;Noord
Noord-Holland;42716;31BL;31BL00;De Amsterdamse Mavo & Havo;Linnaeushof;48;1098 KM;AMSTERDAM;0363;AMSTERDAM;Bijzonder;0616293215;www.deamsterdamsemavo.nl;MAVO;Linnaeushof;48;1098 KM;AMSTERDAM;44;Amsterdam;20;Zuidelijk Noord-Holland;21;Agglomeratie Amsterdam;23;Groot-Amsterdam;15;Zuid-Noord-Holland;21;Agglomeratie Amsterdam;Noord
Noord-Holland;42752;31GM;31GM00;Cornelius Haga Lyceum, Islamitische Scholengemeenschap voor mavo havo en vwo;Naritaweg;30;1043 BZ;AMSTERDAM;0363;AMSTERDAM;Bijzonder;0203053828;corneliushagalyceum.nl;MAVO/HAVO/VWO;Jacob Schorerlaan;50;2525 ZA;'S-GRAVENHAGE;44;Amsterdam;20;Zuidelijk Noord-Holland;21;Agglomeratie Amsterdam;23;Groot-Amsterdam;15;Zuid-Noord-Holland;21;Agglomeratie Amsterdam;Noord
Noord-Holland;42771;16KP;16KP00;Openbare Scholengemeensschap Texel voor Ath Havo Mavo Vbo Lwoo;Haffelderweg;40;1791 AS;DEN BURG;0448;TEXEL;Openbaar;0222312121;www.dehogeberg.nl;VBO/MAVO/HAVO/VWO;Postbus;153;1790 AD;DEN BURG;37;Den Helder;19;Noord-Holland-Noord;23;Kop van Noord-Holland;18;Kop van Noord-Holland;14;Noord-Noord-Holland;23;Kop van Noord-Holland;Noord
Noord-Holland;46632;02GN;02GN00;SGM Kennemer Lyc Bz Sch Alg Grondsl v Vwo Havo;Adriaan Stoopplein;7;2051 KA;OVERVEEN;0377;BLOEMENDAAL;Bijzonder;0235221060;www.kennemerlyceum.nl;HAVO/VWO;Postbus;8;2050 AA;OVERVEEN;43;Haarlem;20;Zuidelijk Noord-Holland;25;West-Kennemerland;21;Agglomeratie Haarlem;15;Zuid-Noord-Holland;25;Zuid-Kennemerland en IJmond;Noord
Noord-Holland;49778;18CV;18CV00;Martinus College Christelijke Scholengemeenschap voor LYC HAVO MAVO VBO LWOO;De Aanloop;6;1613 KW;GROOTEBROEK;0532;STEDE BROEC;Bijzonder;0228510300;www.martinuscollege.nl;VBO/MAVO/HAVO/VWO;Postbus;37;1610 AA;BOVENKARSPEL;39;Enkhuizen;19;Noord-Holland-Noord;22;Westfriesland;18;Kop van Noord-Holland;14;Noord-Noord-Holland;22;West-Friesland;Noord
Noord-Holland;67107;02PA;02PA00;Stichting Media Amsterdam;Dintelstraat;15;1078 VN;AMSTERDAM;0363;AMSTERDAM;Bijzonder;0208509500;www.ma-web.nl;VBO;Postbus;67003;1060 JA;AMSTERDAM;44;Amsterdam;20;Zuidelijk Noord-Holland;21;Agglomeratie Amsterdam;23;Groot-Amsterdam;15;Zuid-Noord-Holland;21;Agglomeratie Amsterdam;Noord
Noord-Holland;71436;02QX;02QX00;Petrus Canisius College Scholengemeenschap voor VWO HAVO VMBO;Blekerskade;11;1814 CG;ALKMAAR;0361;ALKMAAR;Bijzonder;0725353540;www.pcc.nu;HAVO/VWO;Postbus;1118;1810 KC;ALKMAAR;38;Alkmaar;19;Noord-Holland-Noord;24;Noord-Kennemerland;19;Alkmaar en omgeving;14;Noord-Noord-Holland;24;Noord-Kennemerland;Noord
Noord-Holland;71436;02QX;02QX01;Petrus Canisius College Scholengemeenschap voor VWO HAVO VMBO;Fabritiusstraat;1;1816 EA;ALKMAAR;0361;ALKMAAR;Bijzonder;0725181818; ;VBO/MAVO;Postbus;1118;1810 KC;ALKMAAR;38;Alkmaar;19;Noord-Holland-Noord;24;Noord-Kennemerland;19;Alkmaar en omgeving;14;Noord-Noord-Holland;24;Noord-Kennemerland;Noord
Noord-Holland;71436;02QX;02QX03;Petrus Canisius College Scholengemeenschap voor VWO HAVO VMBO;Vondelstraat;41;1813 BA;ALKMAAR;0361;ALKMAAR;Bijzonder;0725410333; ;VBO/MAVO;Postbus;1118;1810 KC;ALKMAAR;38;Alkmaar;19;Noord-Holland-Noord;24;Noord-Kennemerland;19;Alkmaar en omgeving;14;Noord-Noord-Holland;24;Noord-Kennemerland;Noord
Noord-Holland;71436;02QX;02QX06;Petrus Canisius College Scholengemeenschap voor VWO HAVO VMBO;Geestweg;19;1861 TL;BERGEN NH;0373;BERGEN NH;Bijzonder;0725813437;www.pcc.nu;VBO/MAVO;Postbus;1118;1810 KC;ALKMAAR;38;Alkmaar;19;Noord-Holland-Noord;24;Noord-Kennemerland;19;Alkmaar en omgeving;14;Noord-Noord-Holland;24;Noord-Kennemerland;Noord
Noord-Holland;71436;02QX;02QX07;Petrus Canisius College Scholengemeenschap voor VWO HAVO VMBO;De Dors;2;1852 RG;HEILOO;0399;HEILOO;Bijzonder;0725332780;www.pcc.nu;VBO/MAVO;Postbus;1118;1810 KC;ALKMAAR;38;Alkmaar;19;Noord-Holland-Noord;24;Noord-Kennemerland;19;Alkmaar en omgeving;14;Noord-Noord-Holland;24;Noord-Kennemerland;Noord
Noord-Holland;71553;02QZ;02QZ00;Keizer Karel College Vwo Havo;Elegast;5;1185 AA;AMSTELVEEN;0362;AMSTELVEEN;Bijzonder;0206415700;www.keizerkarelcollege.nl/;HAVO/VWO;Elegast;5;1185 AA;AMSTELVEEN;44;Amsterdam;20;Zuidelijk Noord-Holland;21;Agglomeratie Amsterdam;23;Groot-Amsterdam;15;Zuid-Noord-Holland;21;Agglomeratie Amsterdam;Noord
Noord-Holland;71553;14VG;14VG00;Alkwin Kollege Rooms Katholieke Scholengemeenschap voor Vwo en Havo;Weegbree;55;1422 MT;UITHOORN;0451;UITHOORN;Bijzonder;0297566903;www.alkwin.nl;HAVO/VWO;Postbus;112;1420 AC;UITHOORN;44;Amsterdam;20;Zuidelijk Noord-Holland;21;Agglomeratie Amsterdam;23;Groot-Amsterdam;15;Zuid-Noord-Holland;21;Agglomeratie Amsterdam;Noord
Noord-Holland;72853;20GS;20GS00;Don Bosco College Atheneum Havo Vmbo Lwoo;Heideweg;2;1132 DB;VOLENDAM;0385;EDAM-VOLENDAM;Bijzonder;0299399299;www.donboscocollege.com;VBO/MAVO/HAVO/VWO;Postbus;23;1130 AA;VOLENDAM;44;Amsterdam;20;Zuidelijk Noord-Holland;21;Agglomeratie Amsterdam;23;Groot-Amsterdam;15;Zuid-Noord-Holland;21;Agglomeratie Amsterdam;Noord
Noord-Holland;73646;02SB;02SB00;Sancta Maria Lyceum voor Havo, Atheneum en Gymnasium;Van Limburg Stirumstraat;4;2012 MN;HAARLEM;0392;HAARLEM;Bijzonder;0235316040;www.sanctamaria.nl;HAVO/VWO;Postbus;3;2100 AA;HEEMSTEDE;43;Haarlem;20;Zuidelijk Noord-Holland;25;West-Kennemerland;21;Agglomeratie Haarlem;15;Zuid-Noord-Holland;25;Zuid-Kennemerland en IJmond;Noord
Noord-Holland;73841;00XA;00XA00;Trinitas College RK scholengemeenschap voor ATHENEUM, HAVO, MAVO, VBO, LWOO;Beukenlaan;1;1701 DA;HEERHUGOWAARD;1980;DIJK EN WAARD;Bijzonder;0725710144;www.trinitascollege.nl;HAVO/VWO;Postbus;73;1700 AB;HEERHUGOWAARD;38;Alkmaar;19;Noord-Holland-Noord;24;Noord-Kennemerland;19;Alkmaar en omgeving;14;Noord-Noord-Holland;24;Noord-Kennemerland;Noord
Noord-Holland;73841;00XA;00XA01;Trinitas College RK scholengemeenschap voor ATHENEUM, HAVO, MAVO, VBO, LWOO;Hectorlaan;7;1702 CL;HEERHUGOWAARD;1980;DIJK EN WAARD;Bijzonder;0725710144;www.trinitascollege.nl;VBO/MAVO;Postbus;41;1700 AA;HEERHUGOWAARD;38;Alkmaar;19;Noord-Holland-Noord;24;Noord-Kennemerland;19;Alkmaar en omgeving;14;Noord-Noord-Holland;24;Noord-Kennemerland;Noord
Noord-Holland;73841;16CX;16CX00;Regius College Schagen voor Gym, Ath, Havo, Vmbo tl, Vmbo basis/kader;Wilhelminalaan;4;1741 CN;SCHAGEN;0441;SCHAGEN;Openbaar;0224297841;www.regiuscollege.nl;VBO/MAVO/HAVO/VWO;Postbus;282;1740 AG;SCHAGEN;37;Den Helder;19;Noord-Holland-Noord;23;Kop van Noord-Holland;18;Kop van Noord-Holland;14;Noord-Noord-Holland;23;Kop van Noord-Holland;Noord
Noord-Holland;73841;16CX;16CX04;Regius College Schagen voor Gym, Ath, Havo, Vmbotl. Vmbo basis/kader;Hofstraat;11;1741 CD;SCHAGEN;0441;SCHAGEN;Openbaar;0224297841;www.regiuscollege.nl;VBO/MAVO;Postbus;282;1740 AG;SCHAGEN;37;Den Helder;19;Noord-Holland-Noord;23;Kop van Noord-Holland;18;Kop van Noord-Holland;14;Noord-Noord-Holland;23;Kop van Noord-Holland;Noord
Noord-Holland;73841;16CX;16CX08;Regius College Schagen voor Gym, Havo, Vmbo tl, Vmbo basis/kader;Oranjelaan;2;1741 CP;SCHAGEN;0441;SCHAGEN;Openbaar;0224297841;www.regiuscollege.nl;VBO/MAVO/HAVO/VWO;Postbus;282;1740 AG;SCHAGEN;37;Den Helder;19;Noord-Holland-Noord;23;Kop van Noord-Holland;18;Kop van Noord-Holland;14;Noord-Noord-Holland;23;Kop van Noord-Holland;Noord
Noord-Holland;73841;16CX;16CX09;Regius College Schagen voor Gym, Havo, Vmbo tl, VMBO basis/kader;Emmalaan;2;1741 CX;SCHAGEN;0441;SCHAGEN;Openbaar;0224297841;www.regiuscollege.nl;BRUGJAAR;Postbus;282;1740 AG;SCHAGEN;37;Den Helder;19;Noord-Holland-Noord;23;Kop van Noord-Holland;18;Kop van Noord-Holland;14;Noord-Noord-Holland;23;Kop van Noord-Holland;Noord
Noord-Holland;73841;19SQ;19SQ00;Regius College Emmalaan Praktijkonderwijs;Emmalaan;2;1741 CX;SCHAGEN;0441;SCHAGEN;Openbaar;0224297841;www.regiuscollege.nl;PRO;Postbus;282;1740 AG;SCHAGEN;37;Den Helder;19;Noord-Holland-Noord;23;Kop van Noord-Holland;18;Kop van Noord-Holland;14;Noord-Noord-Holland;23;Kop van Noord-Holland;Noord
Noord-Holland;74374;02ME;02ME00;Tabor College d'Ampte Hoorn voor Vwo Havo Mavo Vmbo Lwoo;Berkhouterweg;5;1624 NS;HOORN NH;0405;HOORN;Bijzonder;0229283555;www.dampte.nl;VBO/MAVO;Postbus;34;1620 AA;HOORN NH;40;Hoorn;19;Noord-Holland-Noord;22;Westfriesland;18;Kop van Noord-Holland;14;Noord-Noord-Holland;22;West-Friesland;Noord
Noord-Holland;74374;02ME;02ME01;Tabor College Werenfridus Hoornvoor Vwo Havo Mavo Vmbo Lwoo, locatie Werenfridus;De Keyzerstraat;1;1624 BX;HOORN NH;0405;HOORN;Bijzonder;0229285828;www.werenfridus.nl;VBO/MAVO/HAVO/VWO;Postbus;1044;1620 KA;HOORN NH;40;Hoorn;19;Noord-Holland-Noord;22;Westfriesland;18;Kop van Noord-Holland;14;Noord-Noord-Holland;22;West-Friesland;Noord
Noord-Holland;74374;02ME;02ME02;Tabor College Oscar Romero Hoorn voor Vwo Havo Mavo Vmbo Lwoo;Bouwsteen;1;1625 PD;HOORN NH;0405;HOORN;Bijzonder;0229285685;www.oscarromero.nl;VBO/MAVO/HAVO/VWO;Bouwsteen;1;1625 PD;HOORN NH;40;Hoorn;19;Noord-Holland-Noord;22;Westfriesland;18;Kop van Noord-Holland;14;Noord-Noord-Holland;22;West-Friesland;Noord
Noord-Holland;74374;02ME;02ME06;Tabor College voor Vwo Havo Mavo Vmbo Lwoo loc. Oscar Junior;Johannes Poststraat;71;1624 CB;HOORN NH;0405;HOORN;Bijzonder; ; ;VBO/MAVO/HAVO/VWO;Postbus;34;1620 AA;HOORN NH;40;Hoorn;19;Noord-Holland-Noord;22;Westfriesland;18;Kop van Noord-Holland;14;Noord-Noord-Holland;22;West-Friesland;Noord
Noord-Holland;76415;02TD;02TD00;Jan Arentsz Christelijke Scholengemeenschap voor Lyceum Havo Mavo Vbo;Mandenmakerstraat;11;1825 BB;ALKMAAR;0361;ALKMAAR;Bijzonder;0725187676;www.ja.nl;VBO/MAVO/HAVO/VWO;Postbus;8003;1802 KA;ALKMAAR;38;Alkmaar;19;Noord-Holland-Noord;24;Noord-Kennemerland;19;Alkmaar en omgeving;14;Noord-Noord-Holland;24;Noord-Kennemerland;Noord
Noord-Holland;76415;02TD;02TD03;CSG Jan Arentsz, SGM voor Lyceum Havo Mavo Vbo,  vestiging Van der Meij College;Gravin Jacobastraat;1;1823 DS;ALKMAAR;0361;ALKMAAR;Bijzonder;0725675570;www.vandermeijcollege.nl;VBO;Postbus;9376;1800 GJ;ALKMAAR;38;Alkmaar;19;Noord-Holland-Noord;24;Noord-Kennemerland;19;Alkmaar en omgeving;14;Noord-Noord-Holland;24;Noord-Kennemerland;Noord
Noord-Holland;76415;02TD;02TD04;Jan Arentsz Christelijke Scholengemeenschap voor Lyceum Havo Mavo Vbo;Bosgroet;14;1722 KA;ZUID-SCHARWOUDE;1980;DIJK EN WAARD;Bijzonder;0226343645;www.ja.nl;VBO/MAVO;Postbus;8003;1802 KA;ALKMAAR;38;Alkmaar;19;Noord-Holland-Noord;24;Noord-Kennemerland;19;Alkmaar en omgeving;14;Noord-Noord-Holland;24;Noord-Kennemerland;Noord
Noord-Holland;77690;01KD;01KD00;Kolom Praktijkcollege De Schakel;Sterrenpad;2;2023 BV;HAARLEM;0392;HAARLEM;Bijzonder;0235316470;www.deschakelhaarlem.nl;PRO;Sterrenpad;2;2023 BV;HAARLEM;43;Haarlem;20;Zuidelijk Noord-Holland;25;West-Kennemerland;21;Agglomeratie Haarlem;15;Zuid-Noord-Holland;25;Zuid-Kennemerland en IJmond;Noord
Noord-Holland;77690;09PY;09PY00;Kolom Praktijkcollege De Atlant;Teilingen;4;1082 JS;AMSTERDAM;0363;AMSTERDAM;Bijzonder;0206447290;www.de-atlant.nl;PRO;Teilingen;4;1082 JS;AMSTERDAM;44;Amsterdam;20;Zuidelijk Noord-Holland;21;Agglomeratie Amsterdam;23;Groot-Amsterdam;15;Zuid-Noord-Holland;21;Agglomeratie Amsterdam;Noord
Noord-Holland;77690;10JY;10JY00;Kolom Praktijkcollege Het Plein;Jan de Louterpad;5;1063 ME;AMSTERDAM;0363;AMSTERDAM;Bijzonder;0204801048;www.het-plein.net;PRO;Jan de Louterpad;5;1063 ME;AMSTERDAM;44;Amsterdam;20;Zuidelijk Noord-Holland;21;Agglomeratie Amsterdam;23;Groot-Amsterdam;15;Zuid-Noord-Holland;21;Agglomeratie Amsterdam;Noord
Noord-Holland;77690;26HP;26HP00;Kolom Praktijkcollege Noord;Oostzanerdijk;139;1035 EX;AMSTERDAM;0363;AMSTERDAM;Bijzonder;0206301199;www.kpcn.nl;PRO;Oostzanerdijk;139;1035 EX;AMSTERDAM;44;Amsterdam;20;Zuidelijk Noord-Holland;21;Agglomeratie Amsterdam;23;Groot-Amsterdam;15;Zuid-Noord-Holland;21;Agglomeratie Amsterdam;Noord
Noord-Holland;77690;27VH;27VH00;Kolom Praktijkcollege De Dreef;Alexander Dumaslaan;7;1102 WD;AMSTERDAM;0363;AMSTERDAM;Bijzonder;0205195070;www.dedreef.net;PRO;Alexander Dumaslaan;7;1102 WD;AMSTERDAM;44;Amsterdam;20;Zuidelijk Noord-Holland;21;Agglomeratie Amsterdam;23;Groot-Amsterdam;15;Zuid-Noord-Holland;21;Agglomeratie Amsterdam;Noord
Noord-Holland;78001;02TZ;02TZ00;Rooms Katholieke Scholengemeenschap St Michaelcollege voor Atheneum en Havo;Leeghwaterweg;7;1509 BS;ZAANDAM;0479;ZAANSTAD;Bijzonder;0756127474;www.stmichaelcollege.nl;HAVO/VWO;Leeghwaterweg;7;1509 BS;ZAANDAM;41;Zaanstad;20;Zuidelijk Noord-Holland;21;Agglomeratie Amsterdam;22;Zaanstreek;15;Zuid-Noord-Holland;21;Agglomeratie Amsterdam;Noord
Noord-Holland;78157;02UC;02UC00;Atheneum College Hageveld;Hageveld;15;2102 LM;HEEMSTEDE;0397;HEEMSTEDE;Bijzonder;0235100100;www.hageveld.nl;VWO;Hageveld;15;2102 LM;HEEMSTEDE;43;Haarlem;20;Zuidelijk Noord-Holland;25;West-Kennemerland;21;Agglomeratie Haarlem;15;Zuid-Noord-Holland;25;Zuid-Kennemerland en IJmond;Noord
Noord-Holland;78457;23GF;23GF00;Stichting Joodse Kindergemeenschap Cheider MAVO HAVO VWO;Zeelandstraat;11;1082 BV;AMSTERDAM;0363;AMSTERDAM;Bijzonder;0206465564; ;VBO/MAVO/HAVO/VWO;Postbus;7828;1008 AA;AMSTERDAM;44;Amsterdam;20;Zuidelijk Noord-Holland;21;Agglomeratie Amsterdam;23;Groot-Amsterdam;15;Zuid-Noord-Holland;21;Agglomeratie Amsterdam;Noord
Noord-Holland;85425;07FH;07FH00;Mendel College Interconfessionele Scholengemeenschap Voor Mavo Havo Vwo;Pim Mulierlaan;4-6;2024 BT;HAARLEM;0392;HAARLEM;Bijzonder;0235258421;www.mendelcollege.nl/;MAVO/HAVO/VWO;Pim Mulierlaan;4-6;2024 BT;HAARLEM;43;Haarlem;20;Zuidelijk Noord-Holland;25;West-Kennemerland;21;Agglomeratie Haarlem;15;Zuid-Noord-Holland;25;Zuid-Kennemerland en IJmond;Noord
Overijssel;12975;01XN;01XN00;Almere College, Ontmoetingsschool voor PRO LWOO VMBO HAVO VWO;Marinus Postlaan;1;8264 PB;KAMPEN;0166;KAMPEN;Openbaar;0383371230;www.almerecollege.nl;VBO/MAVO/HAVO/VWO;Postbus;1;8260 AA;KAMPEN;18;Zwolle;06;IJssel en Vecht;10;IJssel-Vecht;10;Noord-Overijssel;05;Zwolle-Meppel en omstreken;10;IJssel-Vecht;Noord
Overijssel;12975;01XN;01XN02;Almere College Ontmoetingsschool voor PRO LWOO VMBO HAVO VWO;Flevoweg;68;8265 PL;KAMPEN;0166;KAMPEN;Openbaar;0888508383;www.almerecollege.nl;VBO;Postbus;1;8260 AA;KAMPEN;18;Zwolle;06;IJssel en Vecht;10;IJssel-Vecht;10;Noord-Overijssel;05;Zwolle-Meppel en omstreken;10;IJssel-Vecht;Noord
Overijssel;12975;01XN;01XN10;Almere College, Ontmoetingsschool voor PRO LWOO VMBO HAVO VWO;Veenmos;34;8265 HZ;KAMPEN;0166;KAMPEN;Openbaar;0382031001; ;BRUGJAAR;Postbus;1;8260 AA;KAMPEN;18;Zwolle;06;IJssel en Vecht;10;IJssel-Vecht;10;Noord-Overijssel;05;Zwolle-Meppel en omstreken;10;IJssel-Vecht;Noord
Overijssel;13365;19FF;19FF00;De Waerdenborch Scholengemeenschap voor Atheneum Havo Mavo Vbo;Haarstraat;14;7451 CZ;HOLTEN;1742;RIJSSEN-HOLTEN;Openbaar;0548378383;www.waerdenborch.nl;VBO/MAVO/HAVO/VWO;Postbus;49;7450 AA;HOLTEN;21;Almelo;07;Twente;12;Twente;12;Twente;06;Twente;12;Twente;Noord
Overijssel;13365;19FF;19FF04;De Waerdenborch Scholengemeenschap voor Ath Havo Mavo Vbo (Disl);Gruttostraat;1;7471 EP;GOOR;1735;HOF VAN TWENTE;Openbaar;0547272626; ;VBO/MAVO;Haarstraat;14;7451 CZ;HOLTEN;22;Enschede;07;Twente;12;Twente;12;Twente;06;Twente;12;Twente;Noord
Overijssel;20181;32KM;32KM00;Vernieuwingsonderwijs De UiterWaarden;Zutphenseweg;55;7418 AH;DEVENTER;0150;DEVENTER;Bijzonder;0629333561;www.uiterwaarden.school;HAVO;Schoutenweg;35;7413 XA;DEVENTER;20;Deventer;09;Stedendriehoek;11;Stedendriehoek;11;Zuidwest-Overijssel;07;Apeldoorn en midden-IJsselgebied;11;Stedendriehoek;Noord
Overijssel;29850;03KZ;03KZ00;PrO Hardenberg school voorChristelijk Praktijkonderwijs;Verlengde Korte Steeg;18;7772 RZ;HARDENBERG;0160;HARDENBERG;Bijzonder;0523267700;www.prohardenberg.nl;PRO;Verlengde Korte Steeg;18;7772 RZ;HARDENBERG;19;Hardenberg/Gramsbergen;06;IJssel en Vecht;10;IJssel-Vecht;10;Noord-Overijssel;04;Assen-Hoogeveen-Emmen;10;IJssel-Vecht;Noord
Overijssel;31157;23VL;23VL00;Scholengemeenschap Pieter Zandt voor Vwo Havo Vmbo Pro;Kamperstraatweg;1-A;8265 PA;KAMPEN;0166;KAMPEN;Bijzonder;0388700800; ;VBO/MAVO/HAVO/VWO/PRO;Postbus;296;8260 AG;KAMPEN;18;Zwolle;06;IJssel en Vecht;10;IJssel-Vecht;10;Noord-Overijssel;05;Zwolle-Meppel en omstreken;10;IJssel-Vecht;Noord
Overijssel;31157;23VL;23VL01;Scholengemeenschap Pieter Zandt voorVwo Havo Mavo Vbo Lwoo;Achthoevenweg;3;7951 SK;STAPHORST;0180;STAPHORST;Bijzonder;0388700802; ;VBO/MAVO;Postbus;296;8260 AG;KAMPEN;15;Meppel;06;IJssel en Vecht;10;IJssel-Vecht;10;Noord-Overijssel;05;Zwolle-Meppel en omstreken;10;IJssel-Vecht;Noord
Overijssel;31157;23VL;23VL03;Scholengemeenschap Pieter Zandt voor Vwo Havo Vmbo Pro;Grafhorsterweg;53;8271 CB;IJSSELMUIDEN;0166;KAMPEN;Bijzonder;0388700804; ;BRUGJAAR;Postbus;296;8260 AG;KAMPEN;18;Zwolle;06;IJssel en Vecht;10;IJssel-Vecht;10;Noord-Overijssel;05;Zwolle-Meppel en omstreken;10;IJssel-Vecht;Noord
Overijssel;35647;01VJ;01VJ00;Etty Hillesum Lyceum voor Gymnasium Atheneum Havo Vmbo Pro;Herman Boerhaavelaan;1;7415 ES;DEVENTER;0150;DEVENTER;Bijzonder; ;www.ettyhillesumlyceum.nl;VBO/MAVO;Postbus;199;7400 AD;DEVENTER;20;Deventer;09;Stedendriehoek;11;Stedendriehoek;11;Zuidwest-Overijssel;07;Apeldoorn en midden-IJsselgebied;11;Stedendriehoek;Noord
Overijssel;35647;01VJ;01VJ01;Etty Hillesum Lyceum voor Gymnasium Atheneum Havo Vmbo Pro;Lebuinuslaan;1;7415 DM;DEVENTER;0150;DEVENTER;Bijzonder;0570504700; ;HAVO/VWO;Postbus;199;7400 AD;DEVENTER;20;Deventer;09;Stedendriehoek;11;Stedendriehoek;11;Zuidwest-Overijssel;07;Apeldoorn en midden-IJsselgebied;11;Stedendriehoek;Noord
Overijssel;35647;01VJ;01VJ03;Etty Hillesum Lyceum voor Gymnasium Atheneum Havo Vmbo Pro;Storminkstraat;1;7418 GH;DEVENTER;0150;DEVENTER;Bijzonder;0570504660; ;VBO/MAVO;Storminkstraat;1;7418 GH;DEVENTER;20;Deventer;09;Stedendriehoek;11;Stedendriehoek;11;Zuidwest-Overijssel;07;Apeldoorn en midden-IJsselgebied;11;Stedendriehoek;Noord
Overijssel;35647;01VJ;01VJ04;Etty Hillesum Lyceum voor Gymnasium Atheneum Havo Vmbo Pro;Het Vlier;1;7414 AR;DEVENTER;0150;DEVENTER;Bijzonder;0570504620; ;HAVO/VWO;Het Vlier;1;7414 AR;DEVENTER;20;Deventer;09;Stedendriehoek;11;Stedendriehoek;11;Zuidwest-Overijssel;07;Apeldoorn en midden-IJsselgebied;11;Stedendriehoek;Noord
Overijssel;35647;01VJ;01VJ05;Etty Hillesum Lyceum voor Gymnasium Atheneum Havo Vmbo Pro;Ludgerstraat;1;7415 DV;DEVENTER;0150;DEVENTER;Bijzonder;0570504730;www.ettyhillesumlyceum.nl;VBO/MAVO;Ludgerstraat;1;7415 DV;DEVENTER;20;Deventer;09;Stedendriehoek;11;Stedendriehoek;11;Zuidwest-Overijssel;07;Apeldoorn en midden-IJsselgebied;11;Stedendriehoek;Noord
Overijssel;35647;01VJ;01VJ06;Etty Hillesum Lyceum voor Gymnasium Atheneum Havo Vmbo Pro;Arkelstein;8;7414 EP;DEVENTER;0150;DEVENTER;Bijzonder;0570504600; ;PRO;Arkelstein;8;7414 EP;DEVENTER;20;Deventer;09;Stedendriehoek;11;Stedendriehoek;11;Zuidwest-Overijssel;07;Apeldoorn en midden-IJsselgebied;11;Stedendriehoek;Noord
Overijssel;35647;01VJ;01VJ12;Etty Hillesum Lyceum voor Gymnasium Atheneum Havo Vmbo Pro;Koningin Wilhelminalaan;16;7415 KS;DEVENTER;0150;DEVENTER;Bijzonder;0570626115;www.ettyhillesumlyceum.nl;BRUGJAAR;Postbus;864;7550 AW;HENGELO OV;20;Deventer;09;Stedendriehoek;11;Stedendriehoek;11;Zuidwest-Overijssel;07;Apeldoorn en midden-IJsselgebied;11;Stedendriehoek;Noord
Overijssel;35647;01VJ;01VJ13;Etty Hillesum Lyceum voor Gymnasium Atheneum Havo Vmbo Pro;Laan van Borgele;60;7415 DJ;DEVENTER;0150;DEVENTER;Bijzonder; ; ;VBO/MAVO/HAVO/VWO;Postbus;199;7400 AD;DEVENTER;20;Deventer;09;Stedendriehoek;11;Stedendriehoek;11;Zuidwest-Overijssel;07;Apeldoorn en midden-IJsselgebied;11;Stedendriehoek;Noord
Overijssel;35647;01VJ;01VJ14;Etty Hillesum Lyceum voor Gymnasium Atheneum Havo Vmbo Pro;Zwaluwenburg;10;7423 DS;DEVENTER;0150;DEVENTER;Overige; ; ;VBO/MAVO; ; ; ; ;20;Deventer;09;Stedendriehoek;11;Stedendriehoek;11;Zuidwest-Overijssel;07;Apeldoorn en midden-IJsselgebied;11;Stedendriehoek;Noord
Overijssel;35647;01VJ;01VJ15;Etty Hillesum Lyceum voor Gymnasium Atheneum Havo Vmbo Pro;Zwolseweg;96;7412 AR;DEVENTER;0150;DEVENTER;Bijzonder; ; ;HAVO/VWO; ; ; ; ;20;Deventer;09;Stedendriehoek;11;Stedendriehoek;11;Zuidwest-Overijssel;07;Apeldoorn en midden-IJsselgebied;11;Stedendriehoek;Noord
Overijssel;35647;02EK;02EK00;Pius X College Scholengemeenschap voor Lyceum Havo Mavo Vbo Lwoo;Cesar Franckstraat;4;7604 JG;ALMELO;0141;ALMELO;Bijzonder;0546540808;www.piusx.nl;VBO/MAVO/HAVO/VWO;Cesar Franckstraat;4;7604 JG;ALMELO;21;Almelo;07;Twente;12;Twente;12;Twente;06;Twente;12;Twente;Noord
Overijssel;35647;02EK;02EK01;Pius X College Scholengemeenschap voor Lyceum Havo Mavo Vbo Lwoo;Catharina van Renneslaan;35;7604 KV;ALMELO;0141;ALMELO;Bijzonder;0546860066;www.piusx.nl;VBO/MAVO;Catharina van Renneslaan;35;7604 KV;ALMELO;21;Almelo;07;Twente;12;Twente;12;Twente;06;Twente;12;Twente;Noord
Overijssel;35647;02EK;02EK02;Pius X College Scholengemeenschap voor Lyceum Havo Mavo Vbo Lwoo;Graaf Ottostraat;48;7461 CW;RIJSSEN;1742;RIJSSEN-HOLTEN;Bijzonder;0548512245;www.piusx.nl;VBO/MAVO;Graaf Ottostraat;48;7461 CW;RIJSSEN;21;Almelo;07;Twente;12;Twente;12;Twente;06;Twente;12;Twente;Noord
Overijssel;35647;04OY;04OY00;Carmel College Salland Katholieke Scholengemeenschap;Florens Radewijnsstraat;6;8101 BW;RAALTE;0177;RAALTE;Bijzonder;0572348500;www.carmelcollegesalland.nl;VBO/MAVO;Postbus;87;8100 AB;RAALTE;20;Deventer;06;IJssel en Vecht;10;IJssel-Vecht;11;Zuidwest-Overijssel;07;Apeldoorn en midden-IJsselgebied;10;IJssel-Vecht;Noord
Overijssel;35647;04OY;04OY02;Carmel College Salland Katholieke Scholengemeenschap;Hofstedelaan;4;8101 AH;RAALTE;0177;RAALTE;Bijzonder;0572348500; ;VBO/MAVO/HAVO/VWO;Postbus;87;8100 AB;RAALTE;20;Deventer;06;IJssel en Vecht;10;IJssel-Vecht;11;Zuidwest-Overijssel;07;Apeldoorn en midden-IJsselgebied;10;IJssel-Vecht;Noord
Overijssel;35647;04OY;04OY06;Carmel College Salland Katholieke Scholengemeenschap;Florens Radewijnsstraat;6;8101 BW;RAALTE;0177;RAALTE;Bijzonder;0572348500; ;VBO/MAVO/PRO;Postbus;87;8100 AB;RAALTE;20;Deventer;06;IJssel en Vecht;10;IJssel-Vecht;11;Zuidwest-Overijssel;07;Apeldoorn en midden-IJsselgebied;10;IJssel-Vecht;Noord
Overijssel;35647;04OY;04OY07;Carmel College Salland Katholieke Scholengemeenschap;Schaarshoekweg;1;8131 RE;WIJHE;1773;OLST-WIJHE;Overige; ; ;VBO/MAVO; ; ; ; ;20;Deventer;09;Stedendriehoek;10;IJssel-Vecht;11;Zuidwest-Overijssel;07;Apeldoorn en midden-IJsselgebied;10;IJssel-Vecht;Noord
Overijssel;35647;04OY;04OY08;Carmel College Salland Katholieke Scholengemeenschap;Westdorplaan;132-A;8101 PP;RAALTE;0177;RAALTE;Overige; ; ;VBO/MAVO; ; ; ; ;20;Deventer;06;IJssel en Vecht;10;IJssel-Vecht;11;Zuidwest-Overijssel;07;Apeldoorn en midden-IJsselgebied;10;IJssel-Vecht;Noord
Overijssel;35647;05AV;05AV00;Twents Carmel College voor Gymnasium, Atheneum, Havo, Vmbo, Pro;Potskampstraat;2;7573 CC;OLDENZAAL;0173;OLDENZAAL;Bijzonder;0541572372;www.twentscarmelcollege.nl;VBO/MAVO/PRO;Postbus;220;7570 AE;OLDENZAAL;22;Enschede;07;Twente;12;Twente;12;Twente;06;Twente;12;Twente;Noord
Overijssel;35647;05AV;05AV01;Twents Carmel College voor Gymnasium, Atheneum, Havo, Vmbo, Pro;Thijlaan;30;7576 ZB;OLDENZAAL;0173;OLDENZAAL;Bijzonder;0541572780; ;HAVO/VWO;Thijlaan;30;7576 ZB;OLDENZAAL;22;Enschede;07;Twente;12;Twente;12;Twente;06;Twente;12;Twente;Noord
Overijssel;35647;05AV;05AV02;Twents Carmel College voor Gymnasium, Atheneum, Havo, Vmbo, Pro;Lyceumstraat;36;7572 CR;OLDENZAAL;0173;OLDENZAAL;Bijzonder;0541512066; ;HAVO/VWO;Lyceumstraat;36;7572 CR;OLDENZAAL;22;Enschede;07;Twente;12;Twente;12;Twente;06;Twente;12;Twente;Noord
Overijssel;35647;05AV;05AV03;Twents Carmel College voor Gymnasium, Atheneum, Havo, Vmbo, Pro;Oranjestraat;2;7581 EX;LOSSER;0168;LOSSER;Bijzonder;0538522750; ;VBO/MAVO;Oranjestraat;2;7581 EX;LOSSER;22;Enschede;07;Twente;12;Twente;12;Twente;06;Twente;12;Twente;Noord
Overijssel;35647;05AV;05AV04;Twents Carmel College voor Gymnasium, Atheneum, Havo, Vmbo, Pro;Oranjestraat;23;7591 GA;DENEKAMP;1774;DINKELLAND;Bijzonder;0541351528; ;BRUGJAAR;Oranjestraat;23;7591 GA;DENEKAMP;22;Enschede;07;Twente;12;Twente;12;Twente;06;Twente;12;Twente;Noord
Overijssel;35647;05AV;05AV05;Twents Carmel College voor Gymnasium, Atheneum, Havo, Vmbo, Pro;Leliestraat;1;7572 VD;OLDENZAAL;0173;OLDENZAAL;Bijzonder;0541532976; ;PRO;Leliestraat;1;7572 VD;OLDENZAAL;22;Enschede;07;Twente;12;Twente;12;Twente;06;Twente;12;Twente;Noord
Overijssel;35647;16VI;16VI00;R.K. Scholengemeenschap  Canisius voor vmbo havo vwo;Slot;31;7608 ND;ALMELO;0141;ALMELO;Bijzonder;0546488488;www.canisius.nl;VBO/MAVO/HAVO/VWO;Postbus;453;7600 AL;ALMELO;21;Almelo;07;Twente;12;Twente;12;Twente;06;Twente;12;Twente;Noord
Overijssel;35647;16VI;16VI01;R.K. Scholengemeenschap Canisius voor vmbo havo vwo;Huyerenseweg;1;7651 LR;TUBBERGEN;0183;TUBBERGEN;Bijzonder;0546488488; ;VBO/MAVO;Postbus;453;7600 AL;ALMELO;21;Almelo;07;Twente;12;Twente;12;Twente;06;Twente;12;Twente;Noord
Overijssel;35647;17VN;17VN00;Bonhoeffer College voor Gymnasium, Atheneum, Havo, VMBO, LWOO en PrO;Vlierstraat;75;7544 GG;ENSCHEDE;0153;ENSCHEDE;Bijzonder;0537512000;www.bc-enschede.nl;VBO/MAVO/PRO;Postbus;3081;7500 DB;ENSCHEDE;22;Enschede;07;Twente;12;Twente;12;Twente;06;Twente;12;Twente;Noord
Overijssel;35647;17VN;17VN01;Bonhoeffer College voor Gymnasium, Atheneum, Havo, VMBO, LWOO en PrO;Geessinkweg;100;7544 ND;ENSCHEDE;0153;ENSCHEDE;Bijzonder;0537512700; ;VBO/MAVO/HAVO;Postbus;3081;7500 DB;ENSCHEDE;22;Enschede;07;Twente;12;Twente;12;Twente;06;Twente;12;Twente;Noord
Overijssel;35647;17VN;17VN05;Bonhoeffer College voor Gymnasium, Atheneum, Havo, VMBO, LWOO en PrO;Van der Waalslaan;35;7535 CN;ENSCHEDE;0153;ENSCHEDE;Bijzonder;0538522600;www.bc-enschede.nl;VBO/MAVO/HAVO/VWO;Postbus;3081;7500 DB;ENSCHEDE;22;Enschede;07;Twente;12;Twente;12;Twente;06;Twente;12;Twente;Noord
Overijssel;35647;17VN;17VN06;Bonhoeffer College voor Gymnasium, Atheneum, Havo, VMBO, LWOO en PrO;Bruggertstraat;60;7545 AX;ENSCHEDE;0153;ENSCHEDE;Bijzonder;0537512200;www.bc-enschede.nl;VBO/MAVO/HAVO/VWO;Postbus;3081;7500 DB;ENSCHEDE;22;Enschede;07;Twente;12;Twente;12;Twente;06;Twente;12;Twente;Noord
Overijssel;35647;17VN;17VN07;Bonhoeffer College voor Gymnasium, Atheneum, Havo, VMBO, LWOO en PrO;Vlierstraat;85;7544 GG;ENSCHEDE;0153;ENSCHEDE;Bijzonder;0537512100;www.bc-enschede.nl;VBO/MAVO;Postbus;3081;7500 DB;ENSCHEDE;22;Enschede;07;Twente;12;Twente;12;Twente;06;Twente;12;Twente;Noord
Overijssel;35647;17VN;17VN08;Bonhoeffer College voor Gymnasium, Atheneum, Havo, VMBO, LWOO en PrO;Vlierstraat;75;7544 GG;ENSCHEDE;0153;ENSCHEDE;Bijzonder;0537512400;www.bc-enschede.nl;VBO/MAVO;Postbus;3081;7500 DB;ENSCHEDE;22;Enschede;07;Twente;12;Twente;12;Twente;06;Twente;12;Twente;Noord
Overijssel;35647;17VN;17VN09;Bonhoeffer College voor Gymnasium, Atheneum, Havo, VMBO, LWOO en PrO;Wethouder Beversstraat;195;7543 BK;ENSCHEDE;0153;ENSCHEDE;Bijzonder;0537504700;www.bc-enschede.nl;VBO/MAVO;Postbus;3081;7500 DB;ENSCHEDE;22;Enschede;07;Twente;12;Twente;12;Twente;06;Twente;12;Twente;Noord
Overijssel;35647;17VN;17VN11;Bonhoeffer College;Hofstedeweg;185;7535 CV;ENSCHEDE;0153;ENSCHEDE;Overige; ; ;VBO/MAVO/HAVO/VWO; ; ; ; ;22;Enschede;07;Twente;12;Twente;12;Twente;06;Twente;12;Twente;Noord
Overijssel;35647;19HG;19HG00;Scholengroep Carmel Hengelo voor GYM ATH HAVO MAVO VBO;Woolderesweg;130;7555 LC;HENGELO OV;0164;HENGELO;Bijzonder;0742555333;www.carmelhengelo.nl;VBO/MAVO/HAVO/VWO;Postbus;898;7550 AW;HENGELO OV;22;Enschede;07;Twente;12;Twente;12;Twente;06;Twente;12;Twente;Noord
Overijssel;35647;19HG;19HG02;Scholengroep Carmel Hengelo voor GYM ATH HAVO MAVO VBO - Het Twickel Coll. Borne;Welemanstraat;51;7622 HB;BORNE;0147;BORNE;Bijzonder;0742654081;www.carmelhengelo.nl;VBO/MAVO;Postbus;853;7550 AW;HENGELO OV;22;Enschede;07;Twente;12;Twente;12;Twente;06;Twente;12;Twente;Noord
Overijssel;35647;19HG;19HG04;Scholengroep Carmel Hengelo voor GYM ATH HAVO MAVO VBO- Het Twickel Coll. Delden;Schoppenstede;19;7491 HK;DELDEN;1735;HOF VAN TWENTE;Bijzonder;0743762118;www.carmelhengelo.nl;VBO/MAVO;Postbus;853;7550 AW;HENGELO OV;22;Enschede;07;Twente;12;Twente;12;Twente;06;Twente;12;Twente;Noord
Overijssel;35647;19HG;19HG06;Scholengroep Carmel Hengelo voor GYM ATH HAVO MAVO VBO loc. Avila College;Deurningerstraat;67;7557 HB;HENGELO OV;0164;HENGELO;Bijzonder;0742457788;www.carmelhengelo.nl;VBO/MAVO;Postbus;898;7550 AW;HENGELO OV;22;Enschede;07;Twente;12;Twente;12;Twente;06;Twente;12;Twente;Noord
Overijssel;35647;19HG;19HG10;Scholengroep Carmel Hengelo voor GYM ATH HAVO MAVO VBO Loc. C.T. Stork College;Fre Cohenstraat;10;7556 PS;HENGELO OV;0164;HENGELO;Bijzonder;0747504850;www.carmelhengelo.nl;VBO/MAVO;Postbus;853;7550 AW;HENGELO OV;22;Enschede;07;Twente;12;Twente;12;Twente;06;Twente;12;Twente;Noord
Overijssel;35647;19HG;19HG11;Scholengroep Carmel Hengelo voor GYM ATH HAVO MAVO VBO Locatie Lyceum de Grundel;Grundellaan;36;7552 ED;HENGELO OV;0164;HENGELO;Bijzonder;0742457777;www.carmelhengelo.nl;VBO/MAVO/HAVO/VWO;Postbus;898;7550 AW;HENGELO OV;22;Enschede;07;Twente;12;Twente;12;Twente;06;Twente;12;Twente;Noord
Overijssel;40310;05FB;05FB00;Het Assink lyceum voor Lyceum Havo Mavo Vbo Lwoo;Bouwmeester;10;7481 LP;HAAKSBERGEN;0158;HAAKSBERGEN;Bijzonder;0535730707;www.hetassink.nl;VBO/MAVO/HAVO/VWO;Postbus;157;7480 AD;HAAKSBERGEN;22;Enschede;07;Twente;12;Twente;12;Twente;06;Twente;12;Twente;Noord
Overijssel;40310;05FB;05FB07;Het Assink lyceum voor Lyceum Havo Mavo Vbo Lwoo;van Brakelstraat;1;7482 VV;HAAKSBERGEN;0158;HAAKSBERGEN;Bijzonder;0535730606;www.hetassink.nl;VBO/MAVO;Postbus;157;7480 AD;HAAKSBERGEN;22;Enschede;07;Twente;12;Twente;12;Twente;06;Twente;12;Twente;Noord
Overijssel;40596;02DO;02DO00;Protestants Scholengemeenschap Het Noordik voor Lyceum Havo Mavo Vbo Lwoo;Noordikslaan;68;7602 CG;ALMELO;0141;ALMELO;Bijzonder;0546484848;www.noordik.nl;VBO/MAVO/HAVO/VWO;Postbus;541;7600 AM;ALMELO;21;Almelo;07;Twente;12;Twente;12;Twente;06;Twente;12;Twente;Noord
Overijssel;40596;02DO;02DO01;Protestants Scholengemeenschap Het Noordik voor Lyceum Havo Mavo Vbo Lwoo;Catharina van Renneslaan;37;7604 KV;ALMELO;0141;ALMELO;Bijzonder;0546819889;www.almacollege.nl;VBO/MAVO;Postbus;541;7600 AM;ALMELO;21;Almelo;07;Twente;12;Twente;12;Twente;06;Twente;12;Twente;Noord
Overijssel;40596;02DO;02DO02;Protestants Scholengemeenschap Het Noordik voor Lyceum Havo Mavo Vbo Lwoo;Krijgerstraat;7;7671 XW;VRIEZENVEEN;1700;TWENTERAND;Bijzonder;0546561870; ;VBO/MAVO;Postbus;541;7600 AM;ALMELO;21;Almelo;07;Twente;12;Twente;12;Twente;06;Twente;12;Twente;Noord
Overijssel;40596;02DO;02DO03;Protestants Scholengemeenschap Het Noordik voor Lyceum Havo Mavo Vbo Lwoo;Linderflier;24;7681 ZM;VROOMSHOOP;1700;TWENTERAND;Bijzonder;0546642479; ;VBO/MAVO;Postbus;541;7600 AM;ALMELO;21;Almelo;07;Twente;12;Twente;12;Twente;06;Twente;12;Twente;Noord
Overijssel;40596;02XJ;02XJ00;Reggesteyn Christelijke Scholengemeenschap voor Pro-Vmbo-Havo-Atheneum-Gymnasium;Noetselerbergweg;20;7441 BK;NIJVERDAL;0163;HELLENDOORN;Bijzonder;0548533600;www.reggesteyn.nl;VBO/MAVO/HAVO/VWO;Postbus;120;7440 AC;NIJVERDAL;21;Almelo;07;Twente;12;Twente;12;Twente;06;Twente;12;Twente;Noord
Overijssel;40596;02XJ;02XJ02;Reggesteyn Christelijke Scholengemeenschap voor Pro-Vmbo-Havo-Atheneum-Gymnasium;Cattelaar;2;7461 PK;RIJSSEN;1742;RIJSSEN-HOLTEN;Bijzonder;0548533800; ;VBO/MAVO/PRO;Postbus;120;7440 AC;NIJVERDAL;21;Almelo;07;Twente;12;Twente;12;Twente;06;Twente;12;Twente;Noord
Overijssel;40596;02XJ;02XJ05;Reggesteyn Christelijke Scholengemeenschap voor Pro-Vmbo-Havo-Atheneum-Gymnasium;Morsweg;4;7461 AG;RIJSSEN;1742;RIJSSEN-HOLTEN;Bijzonder; ;www.reggesteyn.nl;VBO;Postbus;120;7440 AC;NIJVERDAL;21;Almelo;07;Twente;12;Twente;12;Twente;06;Twente;12;Twente;Noord
Overijssel;40722;02UX;02UX00;Vechtdal College Scholengemeenschap voor Atheneum Havo Mavo Vbo Lwoo;Burg Schuitestraat;3;7772 BS;HARDENBERG;0160;HARDENBERG;Bijzonder;0523281428;www.vechtdalcollege.nl;VBO/MAVO/HAVO/VWO;Burg Schuitestraat;3;7772 BS;HARDENBERG;19;Hardenberg/Gramsbergen;06;IJssel en Vecht;10;IJssel-Vecht;10;Noord-Overijssel;04;Assen-Hoogeveen-Emmen;10;IJssel-Vecht;Noord
Overijssel;40722;02UX;02UX01;Vechtdal College Scholengemeenschap voor Atheneum Havo Mavo Vbo Lwoo;Botermanswijk;1;7701 AW;DEDEMSVAART;0160;HARDENBERG;Bijzonder;0523612433; ;VBO/MAVO;Botermanswijk;1;7701 AW;DEDEMSVAART;19;Hardenberg/Gramsbergen;06;IJssel en Vecht;10;IJssel-Vecht;10;Noord-Overijssel;04;Assen-Hoogeveen-Emmen;10;IJssel-Vecht;Noord
Overijssel;40722;02UX;02UX06;Vechtdal College Scholengemeenschap voor Atheneum Havo Mavo Vbo Lwoo;Balkerweg;2;7731 RZ;OMMEN;0175;OMMEN;Bijzonder;0529408330;www.vechtdalcollege.nl;VBO/MAVO/HAVO/VWO;Balkerweg;2;7731 RZ;OMMEN;18;Zwolle;06;IJssel en Vecht;10;IJssel-Vecht;10;Noord-Overijssel;05;Zwolle-Meppel en omstreken;10;IJssel-Vecht;Noord
Overijssel;40810;01AA;01AA00;Stichting Landstede;Rechterland;1;8024 AH;ZWOLLE;0193;ZWOLLE;Bijzonder;0888508008;www.landstedegroep.nl;VBO/MAVO/HAVO/VWO;Postbus;1;8000 AA;ZWOLLE;18;Zwolle;06;IJssel en Vecht;10;IJssel-Vecht;10;Noord-Overijssel;05;Zwolle-Meppel en omstreken;10;IJssel-Vecht;Noord
Overijssel;40810;01AA;01AA57;Landstede loc. Thomas a Kempis Beroepscollege;Schuurmanstraat;1;8011 KC;ZWOLLE;0193;ZWOLLE;Bijzonder;0888508888;www.landstedegroep.nl;VBO/MAVO/HAVO/VWO;Postbus;1;8000 AA;ZWOLLE;18;Zwolle;06;IJssel en Vecht;10;IJssel-Vecht;10;Noord-Overijssel;05;Zwolle-Meppel en omstreken;10;IJssel-Vecht;Noord
Overijssel;40810;01AA;01AA58;Landstede loc. TalentStad Beroepscollege;Blaloweg;1;8041 AH;ZWOLLE;0193;ZWOLLE;Bijzonder;0888508008;www.landstede.nl/voortgezetonderwijs;VBO;Postbus;1;8000 AA;ZWOLLE;18;Zwolle;06;IJssel en Vecht;10;IJssel-Vecht;10;Noord-Overijssel;05;Zwolle-Meppel en omstreken;10;IJssel-Vecht;Noord
Overijssel;40810;01AA;01AA59;Landstede loc. JenaXL;Koningin Wilhelminastr;93;8019 AL;ZWOLLE;0193;ZWOLLE;Bijzonder;0888508888;www.landstedegroep.nl;VBO/MAVO/HAVO/VWO;Postbus;1;8000 AA;ZWOLLE;18;Zwolle;06;IJssel en Vecht;10;IJssel-Vecht;10;Noord-Overijssel;05;Zwolle-Meppel en omstreken;10;IJssel-Vecht;Noord
Overijssel;40810;01AA;01AA60;Landstede loc. Landstede Internationale Schakelklas (ISK);Rechterland;1;8024 AH;ZWOLLE;0193;ZWOLLE;Bijzonder;0888508888;www.landstedegroep.nl;HAVO/VWO;Postbus;1;8000 AA;ZWOLLE;18;Zwolle;06;IJssel en Vecht;10;IJssel-Vecht;10;Noord-Overijssel;05;Zwolle-Meppel en omstreken;10;IJssel-Vecht;Noord
Overijssel;40810;01AA;01AA61;CSE Topsportacademie Nederland;Boerendanserdijk;2-A;8024 AH;ZWOLLE;0193;ZWOLLE;Bijzonder;0888508888;https://www.landstedegroep.nl/;VBO/MAVO/HAVO/VWO;Postbus;1;8000 AA;ZWOLLE;18;Zwolle;06;IJssel en Vecht;10;IJssel-Vecht;10;Noord-Overijssel;05;Zwolle-Meppel en omstreken;10;IJssel-Vecht;Noord
Overijssel;40810;01AA;01AA62;Landstede;Rieteweg;12;8041 AK;ZWOLLE;0193;ZWOLLE;Bijzonder;0888508325;www.landstedegroep.nl;BRUGJAAR;Postbus;1;8000 AA;ZWOLLE;18;Zwolle;06;IJssel en Vecht;10;IJssel-Vecht;10;Noord-Overijssel;05;Zwolle-Meppel en omstreken;10;IJssel-Vecht;Noord
Overijssel;40810;01AA;01AA68;StartCollege ISK ZWG;Goertjesweg;1;8013 PA;ZWOLLE;0193;ZWOLLE;Bijzonder;0888508888;www.landstedegroep.nl;VBO/MAVO/HAVO/VWO;Postbus;1;8000 AA;ZWOLLE;18;Zwolle;06;IJssel en Vecht;10;IJssel-Vecht;10;Noord-Overijssel;05;Zwolle-Meppel en omstreken;10;IJssel-Vecht;Noord
Overijssel;40979;31JC;31JC01;Zone.college vmboAlmelo;Bornerbroeksestraat;348;7609 PH;ALMELO;0141;ALMELO;Bijzonder;0882620100;www.zonecollege.nl;VBO;Postbus;190;7240 AD;LOCHEM;21;Almelo;07;Twente;12;Twente;12;Twente;06;Twente;12;Twente;Noord
Overijssel;40979;31JC;31JC04;Zone.college vmbo Enschede;Hengelosestraat;481;7521 AG;ENSCHEDE;0153;ENSCHEDE;Bijzonder;0882620600;www.zonecollege.nl;VBO;Postbus;190;7240 AD;LOCHEM;22;Enschede;07;Twente;12;Twente;12;Twente;06;Twente;12;Twente;Noord
Overijssel;40979;31JC;31JC06;Zone.college vmbo Zwolle;Koggelaan;7;8017 JN;ZWOLLE;0193;ZWOLLE;Bijzonder;0884671120;www.zonecollege.nl;VBO;Postbus;190;7240 AD;LOCHEM;18;Zwolle;06;IJssel en Vecht;10;IJssel-Vecht;10;Noord-Overijssel;05;Zwolle-Meppel en omstreken;10;IJssel-Vecht;Noord
Overijssel;41142;29WG;29WG00;de Passie, Evangelische school voor Vmbo-tl, Havo, Vwo;Esrand;2;7642 ZZ;WIERDEN;0189;WIERDEN;Bijzonder;0883372820;www.passie.net;MAVO/HAVO/VWO;Esrand;2;7642 ZZ;WIERDEN;21;Almelo;07;Twente;12;Twente;12;Twente;06;Twente;12;Twente;Noord
Overijssel;41295;16GZ;16GZ00;Regionale Scholengemeenschap Tromp Meesters voor Lyc Havo Mavo Vbo Lwoo;Lijsterbesstraat;1;8331 NS;STEENWIJK;1708;STEENWIJKERLAND;Openbaar;0521514137;www.rsgtrompmeesters.nl;VBO/MAVO/HAVO/VWO;Postbus;168;8330 AD;STEENWIJK;16;Steenwijk;06;IJssel en Vecht;10;IJssel-Vecht;10;Noord-Overijssel;05;Zwolle-Meppel en omstreken;10;IJssel-Vecht;Noord
Overijssel;41295;16GZ;16GZ01;Regionale Scholengemeenschap Tromp Meesters voor Lyc Havo mavo Vbo Lwoo;Stationsstraat;40;8331 GK;STEENWIJK;1708;STEENWIJKERLAND;Openbaar;0521512220; ;VBO;Postbus;168;8330 AD;STEENWIJK;16;Steenwijk;06;IJssel en Vecht;10;IJssel-Vecht;10;Noord-Overijssel;05;Zwolle-Meppel en omstreken;10;IJssel-Vecht;Noord
Overijssel;41295;16GZ;16GZ03;RSG Tromp Meesters voor Lyc Havo Mavo Vbo Lwoo, loc. voor basis, kader en TL;Stationsstraat;40-A;8331 GK;STEENWIJK;1708;STEENWIJKERLAND;Openbaar;0521521401;www.rsgtrompmeesters.nl;VBO/MAVO;Postbus;168;8330 AD;STEENWIJK;16;Steenwijk;06;IJssel en Vecht;10;IJssel-Vecht;10;Noord-Overijssel;05;Zwolle-Meppel en omstreken;10;IJssel-Vecht;Noord
Overijssel;41295;23WU;23WU00;Christelijke Scholengemeenschap voor Mavo en Vbo Eekeringe;Oostwijkstraat;8;8331 ED;STEENWIJK;1708;STEENWIJKERLAND;Bijzonder;0521513527;www.eekeringe.nl;VBO/MAVO;Postbus;265;8330 AG;STEENWIJK;16;Steenwijk;06;IJssel en Vecht;10;IJssel-Vecht;10;Noord-Overijssel;05;Zwolle-Meppel en omstreken;10;IJssel-Vecht;Noord
Overijssel;41295;29VY;29VY00;RSG Tromp Meesters Praktijkschool;Stationsstraat;40;8331 GK;STEENWIJK;1708;STEENWIJKERLAND;Openbaar;0521512220; ;PRO;Postbus;168;8330 AD;STEENWIJK;16;Steenwijk;06;IJssel en Vecht;10;IJssel-Vecht;10;Noord-Overijssel;05;Zwolle-Meppel en omstreken;10;IJssel-Vecht;Noord
Overijssel;41429;02VB;02VB00;Ichthus College Kampen;Jan Ligthartstraat;1;8265 CJ;KAMPEN;0166;KAMPEN;Bijzonder;0888508008;www.landstede.nl/voortgezetonderwijs;VBO/MAVO/HAVO/VWO;Postbus;1;8000 AA;ZWOLLE;18;Zwolle;06;IJssel en Vecht;10;IJssel-Vecht;10;Noord-Overijssel;05;Zwolle-Meppel en omstreken;10;IJssel-Vecht;Noord
Overijssel;41429;02VB;02VB01;Ichthus College Kampen;Jan Ligthartstraat;1;8265 CJ;KAMPEN;0166;KAMPEN;Bijzonder;0888508008;https://www.landstedegroep.nl/onderwijs /voortgezet-onderwijs;VWO;Postbus;1;8000 AA;ZWOLLE;18;Zwolle;06;IJssel en Vecht;10;IJssel-Vecht;10;Noord-Overijssel;05;Zwolle-Meppel en omstreken;10;IJssel-Vecht;Noord
Overijssel;41429;02VB;02VB07;VIA VMBO Ichthus;Flevoweg;68;8265 PL;KAMPEN;0166;KAMPEN;Bijzonder;0888508008;https://www.landstedegroep.nl/onderwijs /voortgezet-onderwijs;VBO;Postbus;1;8000 AA;ZWOLLE;18;Zwolle;06;IJssel en Vecht;10;IJssel-Vecht;10;Noord-Overijssel;05;Zwolle-Meppel en omstreken;10;IJssel-Vecht;Noord
Overijssel;41429;07ZI;07ZI00;Ichthus College Praktijkonderwijs;Flevoweg;68;8265 PL;KAMPEN;0166;KAMPEN;Bijzonder;0888508008;https://www.landstedegroep.nl/onderwijs /voortgezet-onderwijs;PRO;Postbus;1;8000 AA;ZWOLLE;18;Zwolle;06;IJssel en Vecht;10;IJssel-Vecht;10;Noord-Overijssel;05;Zwolle-Meppel en omstreken;10;IJssel-Vecht;Noord
Overijssel;41430;02VT;02VT00;Carolus Clusius College voor Lyceum Havo Mavo Vbo Lwoo;Kamperweg;1;8019 AV;ZWOLLE;0193;ZWOLLE;Bijzonder;0888508008;https://www.landstedegroep.nl/;VBO/MAVO/HAVO/VWO;Postbus;1;8000 AA;ZWOLLE;18;Zwolle;06;IJssel en Vecht;10;IJssel-Vecht;10;Noord-Overijssel;05;Zwolle-Meppel en omstreken;10;IJssel-Vecht;Noord
Overijssel;41430;02VT;02VT01;Agnieten College Zwartsluis;Rondweg;2;8064 PA;ZWARTSLUIS;1896;ZWARTEWATERLAND;Bijzonder;0888507430;agnietenzwartsluis.nl;VBO/MAVO;Postbus;1;8000 AA;ZWOLLE;18;Zwolle;06;IJssel en Vecht;10;IJssel-Vecht;10;Noord-Overijssel;05;Zwolle-Meppel en omstreken;10;IJssel-Vecht;Noord
Overijssel;41430;02VT;02VT02;Talentstad Beroepscollege;Blaloweg;1;8041 AH;ZWOLLE;0193;ZWOLLE;Bijzonder;0888508008;https://www.landstedegroep.nl/;VBO;Postbus;1;8000 AA;ZWOLLE;18;Zwolle;06;IJssel en Vecht;10;IJssel-Vecht;10;Noord-Overijssel;05;Zwolle-Meppel en omstreken;10;IJssel-Vecht;Noord
Overijssel;41430;02VT;02VT04;Agnieten College Nieuwleusen;Kon.Julianalaan;10;7711 KK;NIEUWLEUSEN;0148;DALFSEN;Bijzonder;0888508008; ;VBO/MAVO;Postbus;1;8000 AA;ZWOLLE;18;Zwolle;06;IJssel en Vecht;10;IJssel-Vecht;10;Noord-Overijssel;05;Zwolle-Meppel en omstreken;10;IJssel-Vecht;Noord
Overijssel;41430;02VT;02VT05;Meander College;Dobbe;37;8032 JW;ZWOLLE;0193;ZWOLLE;Bijzonder;0888508008;https://www.landstedegroep.nl/;VBO/MAVO/HAVO/VWO;Postbus;1;8000 AA;ZWOLLE;18;Zwolle;06;IJssel en Vecht;10;IJssel-Vecht;10;Noord-Overijssel;05;Zwolle-Meppel en omstreken;10;IJssel-Vecht;Noord
Overijssel;41430;02VT;02VT12;Agnieten College voor Lyceum Havo Mavo Vbo Lwoo;Koningin Wilhelminastr;93;8019 AL;ZWOLLE;0193;ZWOLLE;Bijzonder; ; ;VBO/MAVO/HAVO/VWO;Postbus;1;8000 AA;ZWOLLE;18;Zwolle;06;IJssel en Vecht;10;IJssel-Vecht;10;Noord-Overijssel;05;Zwolle-Meppel en omstreken;10;IJssel-Vecht;Noord
Overijssel;41430;02VT;02VT13;Agnieten College voor Lyceum Havo Mavo Vbo Lwoo;Rieteweg;12;8041 AK;ZWOLLE;0193;ZWOLLE;Bijzonder; ; ;VBO/MAVO/HAVO/VWO;Postbus;1;8000 AA;ZWOLLE;18;Zwolle;06;IJssel en Vecht;10;IJssel-Vecht;10;Noord-Overijssel;05;Zwolle-Meppel en omstreken;10;IJssel-Vecht;Noord
Overijssel;41430;02VT;02VT14;Agnieten College voor Lyceum Havo Mavo Vbo Lwoo;Schuurmanstraat;1;8011 KC;ZWOLLE;0193;ZWOLLE;Bijzonder; ; ;VWO;Postbus;1;8000 AA;ZWOLLE;18;Zwolle;06;IJssel en Vecht;10;IJssel-Vecht;10;Noord-Overijssel;05;Zwolle-Meppel en omstreken;10;IJssel-Vecht;Noord
Overijssel;41430;05VN;05VN00;Talentstad Praktijkonderwijs;Blaloweg;1-A;8041 AH;ZWOLLE;0193;ZWOLLE;Bijzonder;0888508008;https://www.landstedegroep.nl/;PRO;Postbus;1;8000 AA;ZWOLLE;18;Zwolle;06;IJssel en Vecht;10;IJssel-Vecht;10;Noord-Overijssel;05;Zwolle-Meppel en omstreken;10;IJssel-Vecht;Noord
Overijssel;41769;01RL;01RL01;Jacobus Fruijtier Scholengemeenschap v Lyceum Havo Mavo Vbo Lwoo;De Stroekeld;142;7463 CA;RIJSSEN;1742;RIJSSEN-HOLTEN;Bijzonder;0548542205;www.jfsg.nl;VBO/MAVO/HAVO;Postbus;384;7460 AJ;RIJSSEN;21;Almelo;07;Twente;12;Twente;12;Twente;06;Twente;12;Twente;Noord
Overijssel;41804;00AH;00AH00;Het Stedelijk Kottenpark praktijkonderwijs, vmbo, havo, atheneum en gymnasium;Lyceumlaan;30;7522 GK;ENSCHEDE;0153;ENSCHEDE;Openbaar;0534800000;www.hetstedelijk.nl;VBO/MAVO/HAVO/VWO;Postbus;3883;7500 DW;ENSCHEDE;22;Enschede;07;Twente;12;Twente;12;Twente;06;Twente;12;Twente;Noord
Overijssel;41804;00AH;00AH07;Het Stedelijk College Zuid praktijkonderwijs, vmbo, havo, atheneum en gymnasium;Tiemeister;20;7541 WG;ENSCHEDE;0153;ENSCHEDE;Openbaar;0534821100; ;VBO/MAVO/HAVO/VWO;Postbus;3883;7500 DW;ENSCHEDE;22;Enschede;07;Twente;12;Twente;12;Twente;06;Twente;12;Twente;Noord
Overijssel;41804;00AH;00AH08;Het Stedelijk Zwering praktijkonderwijs, vmbo, havo, atheneum en gymnasium;Jan Vermeerstraat;49;7545 BN;ENSCHEDE;0153;ENSCHEDE;Openbaar;0534821280; ;VBO/MAVO;Postbus;3883;7500 DW;ENSCHEDE;22;Enschede;07;Twente;12;Twente;12;Twente;06;Twente;12;Twente;Noord
Overijssel;41804;00AH;00AH09;Het Stedelijk Innova praktijkonderwijs, vmbo, havo, atheneum en gymnasium;Gronausestraat;300;7533 BM;ENSCHEDE;0153;ENSCHEDE;Openbaar;0534821260;www.hetstedelijk.nl;VBO/MAVO/HAVO;Postbus;3883;7500 DW;ENSCHEDE;22;Enschede;07;Twente;12;Twente;12;Twente;06;Twente;12;Twente;Noord
Overijssel;41804;00AH;00AH11;Het Stedelijk ISK praktijkonderwijs, vmbo, havo, atheneum en gymnasium;Mekkelholtspad;4;7523 DC;ENSCHEDE;0153;ENSCHEDE;Openbaar;0534821380; ;BRUGJAAR;Postbus;3883;7500 DW;ENSCHEDE;22;Enschede;07;Twente;12;Twente;12;Twente;06;Twente;12;Twente;Noord
Overijssel;41804;00AH;00AH17;Het Stedelijk Alpha praktijkonderwijs, vmbo, havo, atheneum en gymnasium;Wethouder Beversstraat;195;7543 BK;ENSCHEDE;0153;ENSCHEDE;Openbaar;0534821300; ;VBO/MAVO;Postbus;3883;7500 DW;ENSCHEDE;22;Enschede;07;Twente;12;Twente;12;Twente;06;Twente;12;Twente;Noord
Overijssel;41804;00AH;00AH18;Het Stedelijk Diekman praktijkonderwijs, vmbo, havo, atheneum en gymnasium;J.J. van Deinselaan;32;7541 PE;ENSCHEDE;0153;ENSCHEDE;Openbaar; ; ;VBO/MAVO;Postbus;3883;7500 DW;ENSCHEDE;22;Enschede;07;Twente;12;Twente;12;Twente;06;Twente;12;Twente;Noord
Overijssel;41804;00AH;00AH19;Het Stedelijk Florapark vmbo, havo, atheneum en gymnasium;Dotterbloemstraat;75;7531 TB;ENSCHEDE;0153;ENSCHEDE;Openbaar;0534821380;www.hetstedelijk.nl;BRUGJAAR;Postbus;3883;7500 DW;ENSCHEDE;22;Enschede;07;Twente;12;Twente;12;Twente;06;Twente;12;Twente;Noord
Overijssel;41804;19NG;19NG00;Het Stedelijk Diekman praktijkonderwijs;J.J. van Deinselaan;32;7541 PE;ENSCHEDE;0153;ENSCHEDE;Openbaar;0534821501;www.hetstedelijk.nl;PRO;Postbus;3883;7500 DW;ENSCHEDE;22;Enschede;07;Twente;12;Twente;12;Twente;06;Twente;12;Twente;Noord
Overijssel;41889;12IR;12IR05;Scholengemeenschap de Nieuwe Veste voor Lyceum Havo Mavo Vbo Lwoo;Piet Heinstraat;1;7772 ZJ;HARDENBERG;0160;HARDENBERG;Openbaar;0523262170;www.denieuweveste.nl;VBO/MAVO/HAVO;Postbus;240;7740 AE;COEVORDEN;19;Hardenberg/Gramsbergen;06;IJssel en Vecht;10;IJssel-Vecht;10;Noord-Overijssel;04;Assen-Hoogeveen-Emmen;10;IJssel-Vecht;Noord
Overijssel;41889;12IR;12IR11;Scholengemeenschap de Nieuwe Veste voor Lyceum Havo Mavo Vbo Lwoo;Sportboulevard;5;7772 SL;HARDENBERG;0160;HARDENBERG;Openbaar;0524593800;www.denieuweveste.nl;BRUGJAAR;Postbus;240;7740 AE;COEVORDEN;19;Hardenberg/Gramsbergen;06;IJssel en Vecht;10;IJssel-Vecht;10;Noord-Overijssel;04;Assen-Hoogeveen-Emmen;10;IJssel-Vecht;Noord
Overijssel;42623;17BZ;17BZ00;Van der Capellen Scholengemeenschap voor ATH HAVO MAVO VBO LWOO;Lassuslaan;232;8031 XM;ZWOLLE;0193;ZWOLLE;Openbaar;0384262850;www.capellensg.nl;VBO/MAVO/HAVO/VWO;Lassuslaan;232;8031 XM;ZWOLLE;18;Zwolle;06;IJssel en Vecht;10;IJssel-Vecht;10;Noord-Overijssel;05;Zwolle-Meppel en omstreken;10;IJssel-Vecht;Noord
Overijssel;42623;17BZ;17BZ02;Van der Capellen Scholengemeenschap voor ATH HAVO MAVO VBO LWOO;de Lange Slagen;29-A;8131 DP;WIJHE;1773;OLST-WIJHE;Openbaar;0570521482;www.capellenborg.nl;VBO/MAVO/HAVO/VWO;de Lange Slagen;29-A;8131 DP;WIJHE;20;Deventer;09;Stedendriehoek;10;IJssel-Vecht;11;Zuidwest-Overijssel;07;Apeldoorn en midden-IJsselgebied;10;IJssel-Vecht;Noord
Overijssel;42623;17BZ;17BZ04;Van der Capellen Scholengemeenschap voor ATH HAVO MAVO VBO LWOO;Langewijk;166;7701 AK;DEDEMSVAART;0160;HARDENBERG;Openbaar;0523615851; ;VBO/MAVO/HAVO/VWO;Langewijk;166;7701 AK;DEDEMSVAART;19;Hardenberg/Gramsbergen;06;IJssel en Vecht;10;IJssel-Vecht;10;Noord-Overijssel;04;Assen-Hoogeveen-Emmen;10;IJssel-Vecht;Noord
Overijssel;42623;19UO;19UO00;Praktijkschool Het Kwartiers;Russenweg;3;8041 AL;ZWOLLE;0193;ZWOLLE;Openbaar;0384262800;www.thorbecke-zwolle.nl;PRO;Postbus;30061;8003 CB;ZWOLLE;18;Zwolle;06;IJssel en Vecht;10;IJssel-Vecht;10;Noord-Overijssel;05;Zwolle-Meppel en omstreken;10;IJssel-Vecht;Noord
Overijssel;42623;19UO;19UO01;Praktijkschool Het Kwartiers;Sleedoornstraat;1;8013 XE;ZWOLLE;0193;ZWOLLE;Openbaar; ; ;PRO;Postbus;624;8000 AP;ZWOLLE;18;Zwolle;06;IJssel en Vecht;10;IJssel-Vecht;10;Noord-Overijssel;05;Zwolle-Meppel en omstreken;10;IJssel-Vecht;Noord
Overijssel;42623;20CF;20CF00;Gymnasium Celeanum;Zoom;37;8032 EM;ZWOLLE;0193;ZWOLLE;Openbaar;0384552820;www.celeanum.nl;VWO;Zoom;37;8032 EM;ZWOLLE;18;Zwolle;06;IJssel en Vecht;10;IJssel-Vecht;10;Noord-Overijssel;05;Zwolle-Meppel en omstreken;10;IJssel-Vecht;Noord
Overijssel;42623;20CF;20CF01;Gymnasium Celeanum;Westerlaan;40;8011 CC;ZWOLLE;0193;ZWOLLE;Openbaar; ; ;VWO;Zoom;37;8032 EM;ZWOLLE;18;Zwolle;06;IJssel en Vecht;10;IJssel-Vecht;10;Noord-Overijssel;05;Zwolle-Meppel en omstreken;10;IJssel-Vecht;Noord
Overijssel;42623;20DB;20DB00;Thorbecke Scholengemeenschap voor Ath Havo Mavo Vbo Lwoo;Dokter van Heesweg;1;8025 AB;ZWOLLE;0193;ZWOLLE;Openbaar;0384564560;www.thorbecke-zwolle.nl;VBO/MAVO/HAVO/VWO;Postbus;624;8000 AP;ZWOLLE;18;Zwolle;06;IJssel en Vecht;10;IJssel-Vecht;10;Noord-Overijssel;05;Zwolle-Meppel en omstreken;10;IJssel-Vecht;Noord
Overijssel;42623;20DB;20DB03;Thorbecke Scholengemeenschap voor Ath Havo Mavo Vbo Lwoo;Russenweg;3;8041 AL;ZWOLLE;0193;ZWOLLE;Openbaar;0384262800;www.thorbecke-zwolle.nl;VBO/MAVO;Postbus;30061;8003 CB;ZWOLLE;18;Zwolle;06;IJssel en Vecht;10;IJssel-Vecht;10;Noord-Overijssel;05;Zwolle-Meppel en omstreken;10;IJssel-Vecht;Noord
Overijssel;42623;20DB;20DB11;Thorbecke SGM voor Ath Havo Mavo Vbo Lwoo;Sleedoornstraat;1;8013 XE;ZWOLLE;0193;ZWOLLE;Bijzonder; ; ;VBO/MAVO;Postbus;624;8000 AP;ZWOLLE;18;Zwolle;06;IJssel en Vecht;10;IJssel-Vecht;10;Noord-Overijssel;05;Zwolle-Meppel en omstreken;10;IJssel-Vecht;Noord
Overijssel;43837;17VS;17VS00;Greijdanus School voor LWOO PRO VMBO HAVO VWO;Campus;5;8017 CB;ZWOLLE;0193;ZWOLLE;Bijzonder;0384698698;www.greijdanus.nl;VBO/MAVO/HAVO/VWO/PRO;Postbus;393;8000 AJ;ZWOLLE;18;Zwolle;06;IJssel en Vecht;10;IJssel-Vecht;10;Noord-Overijssel;05;Zwolle-Meppel en omstreken;10;IJssel-Vecht;Noord
Overijssel;43837;17VS;17VS02;Greijdanus School voor LWOO VMBO HAVO VWO;Deppenbroekstraat;4;7523 PB;ENSCHEDE;0153;ENSCHEDE;Bijzonder;0384698530; ;VBO/MAVO;Postbus;393;8000 AJ;ZWOLLE;22;Enschede;07;Twente;12;Twente;12;Twente;06;Twente;12;Twente;Noord
Overijssel;43837;17VS;17VS03;Greijdanus School voor LWOO VMBO HAVO VWO;Burg Schuitestraat;7-A;7772 BS;HARDENBERG;0160;HARDENBERG;Bijzonder;0384698500; ;VBO/MAVO/HAVO/VWO;Postbus;393;8000 AJ;ZWOLLE;19;Hardenberg/Gramsbergen;06;IJssel en Vecht;10;IJssel-Vecht;10;Noord-Overijssel;04;Assen-Hoogeveen-Emmen;10;IJssel-Vecht;Noord
Overijssel;53653;04HR;04HR00;Openbare Scholengemeenschap Erasmus Lyceum Havo Mavo Vbo Lwoo;Sluiskade Noordzijde;68;7602 HT;ALMELO;0141;ALMELO;Openbaar;0742919860;https://osgtwente.nl/;VBO/MAVO/HAVO/VWO;Jan Tinbergenstraat;111;7559 SP;HENGELO OV;21;Almelo;07;Twente;12;Twente;12;Twente;06;Twente;12;Twente;Noord
Overijssel;53653;04HR;04HR04;Openbare Scholengemeenschap Erasmus Lyceum Havo Mavo Vbo Lwoo;Sluiskade Noordzijde;126-A;7603 XZ;ALMELO;0141;ALMELO;Openbaar;0742919860;https://www.osgtwente.nl;VBO/MAVO;Postbus;341;7600 AH;ALMELO;21;Almelo;07;Twente;12;Twente;12;Twente;06;Twente;12;Twente;Noord
Overijssel;53653;04HR;04HR06;Openbare Scholengemeenschap Erasmus Lyceum Havo Mavo Vbo Lwoo;Sluiskade Noordzijde;56;7602 HS;ALMELO;0141;ALMELO;Openbaar; ; ;HAVO/VWO;Postbus;341;7600 AH;ALMELO;21;Almelo;07;Twente;12;Twente;12;Twente;06;Twente;12;Twente;Noord
Overijssel;53653;04HR;04HR07;Openbare Scholengemeenschap Erasmus Lyceum Havo Mavo Vbo Lwoo;Cesar Franckstraat;1;7604 JE;ALMELO;0141;ALMELO;Openbaar;0742919860;https://www.osgtwente.nl;BRUGJAAR;Jan Tinbergenstraat;111;7559 SP;HENGELO OV;21;Almelo;07;Twente;12;Twente;12;Twente;06;Twente;12;Twente;Noord
Overijssel;53653;04HR;04HR08;Openbare Scholengemeenschap Erasmus Lyceum Havo Mavo Vbo Lwoo;Sluiskade Zuidzijde;119;7607 XV;ALMELO;0141;ALMELO;Openbaar;0546480800;www.het-erasmus.nl;VBO/MAVO/HAVO/VWO;Postbus;341;7600 AH;ALMELO;21;Almelo;07;Twente;12;Twente;12;Twente;06;Twente;12;Twente;Noord
Overijssel;53653;19UP;19UP00;PrO Erasmus;Horstlaan;1;7602 AM;ALMELO;0141;ALMELO;Openbaar;0742919860;https://www.osgtwente.nl;PRO;Jan Tinbergenstraat;111;7559 SP;HENGELO OV;21;Almelo;07;Twente;12;Twente;12;Twente;06;Twente;12;Twente;Noord
Overijssel;53653;20CS;20CS00;OSG Hengelo voor LYC HAVO MAVO VBO LWOO;Sloetsweg;155;7556 HM;HENGELO OV;0164;HENGELO;Openbaar;0742919860;https://osgtwente.nl;VBO/MAVO/HAVO/VWO;Jan Tinbergenstraat;111;7559 SP;HENGELO OV;22;Enschede;07;Twente;12;Twente;12;Twente;06;Twente;12;Twente;Noord
Overijssel;53653;20CS;20CS04;OSG Hengelo voor LYC HAVO MAVO VBO LWOO;Fre Cohenstraat;10;7556 PS;HENGELO OV;0164;HENGELO;Openbaar;0742919860;https://osgtwente.nl;VBO/MAVO;Jan Tinbergenstraat;111;7559 SP;HENGELO OV;22;Enschede;07;Twente;12;Twente;12;Twente;06;Twente;12;Twente;Noord
Overijssel;53653;20CS;20CS07;OSG Hengelo voor LYC HAVO MAVO VBO LWOO;Sloetsweg;153;7556 HM;HENGELO OV;0164;HENGELO;Openbaar;0742919860;https://www.osgtwente.nl;VBO/MAVO/HAVO/VWO;Jan Tinbergenstraat;111;7559 SP;HENGELO OV;22;Enschede;07;Twente;12;Twente;12;Twente;06;Twente;12;Twente;Noord
Overijssel;53653;23EJ;23EJ00;T Genseler;Jasmijnstraat;15;7552 AH;HENGELO OV;0164;HENGELO;Openbaar;0742919860;https://www.osgtwente.nl;PRO;Jan Tinbergenstraat;111;7559 SP;HENGELO OV;22;Enschede;07;Twente;12;Twente;12;Twente;06;Twente;12;Twente;Noord
Overijssel;62181;03ZY;03ZY00;School voor Praktijkonderwijs De Maat;Baron van Fridaghstraat;137-B;7731 DL;OMMEN;0175;OMMEN;Bijzonder;0529451062;www.demaatpro.nl;PRO;Postbus;94;7730 AB;OMMEN;18;Zwolle;06;IJssel en Vecht;10;IJssel-Vecht;10;Noord-Overijssel;05;Zwolle-Meppel en omstreken;10;IJssel-Vecht;Noord
Utrecht;13360;17AN;17AN00;Minkema College voor Lwoo Vmbo Havo Atheneum Gymnasium;Minkemalaan;1;3446 GL;WOERDEN;0632;WOERDEN;Openbaar;0348484100;www.minkema.nl;HAVO/VWO;Minkemalaan;1;3446 GL;WOERDEN;48;Woerden;18;Utrecht-Midden;19;Utrecht;17;Utrecht;13;Utrecht en omstreken;19;Utrecht;Midden
Utrecht;13360;17AN;17AN01;Minkema College voor Lwoo Vmbo Havo Atheneum Gymnasium;Steinhagenseweg;3-A;3446 GP;WOERDEN;0632;WOERDEN;Openbaar;0348484100;www.minkema.nl;VBO/MAVO;Minkemalaan;1;3446 GL;WOERDEN;48;Woerden;18;Utrecht-Midden;19;Utrecht;17;Utrecht;13;Utrecht en omstreken;19;Utrecht;Midden
Utrecht;13693;16YV;16YV02;Regionale Scholengemeenschap Pantarijn voor Lyc Havo Mavo Vbo Pro Lwoo;Nieuwe Veenendaalseweg;137;3911 MG;RHENEN;0340;RHENEN;Openbaar;0317612515;www.pantarijn.nl;VBO/MAVO;Postbus;257;6700 AG;WAGENINGEN;34;Veenendaal;10;De Vallei;16;Eem en Vallei;17;Utrecht;13;Utrecht en omstreken;16;Eem en Vallei;Midden
Utrecht;20242;32LZ;32LZ00;Het Atel!er VO;Noordersingel;4;3755 EZ;EEMNES;0317;EEMNES;Algemeen bijzonder;0646208765;www.ateliergooi.nl;HAVO;Forelweg;3;3755 KC;EEMNES;45;Hilversum;16;Gooi en Vechtstreek;16;Eem en Vallei;17;Utrecht;15;Zuid-Noord-Holland;20;Gooi en Vechtstreek;Noord
Utrecht;29278;00MK;00MK00;Katholiek Scholengemeenschap De Breul voor Gymnasium Atheneum Havo en Mavo;Arnhemse Bovenweg;98;3708 AG;ZEIST;0355;ZEIST;Bijzonder;0306915604;www.de-breul.nl;MAVO/HAVO/VWO;Arnhemse Bovenweg;98;3708 AG;ZEIST;36;Utrecht;18;Utrecht-Midden;19;Utrecht;17;Utrecht;13;Utrecht en omstreken;19;Utrecht;Midden
Utrecht;30718;00JT;00JT00;Gereformeerde Scholengemeenschap Guido voor Lyceum HAVO MAVO VBO LWOO;Paladijnenweg;251;3813 DH;AMERSFOORT;0307;AMERSFOORT;Bijzonder;0334792999;www.guido.nl;VBO/MAVO/HAVO/VWO;Postbus;401;3800 AK;AMERSFOORT;35;Amersfoort;17;Eemland;16;Eem en Vallei;17;Utrecht;10;Harderwijk-Amersfoort;16;Eem en Vallei;Midden
Utrecht;30718;00JT;00JT02;Gereformeerde Scholengemeenschap Guido voor Lyceum HAVO MAVO VBO LWOO;Arnhemseweg;65;3817 CB;AMERSFOORT;0307;AMERSFOORT;Bijzonder;0334640520;www.guido.nl;VBO/MAVO/HAVO;Postbus;401;3800 AK;AMERSFOORT;35;Amersfoort;17;Eemland;16;Eem en Vallei;17;Utrecht;10;Harderwijk-Amersfoort;16;Eem en Vallei;Midden
Utrecht;30718;00JT;00JT06;Gereformeerde Scholengemeenschap Guido  voor Lyceum HAVO MAVO VBO LWOO;Paladijnenweg;253;3813 HX;AMERSFOORT;0307;AMERSFOORT;Bijzonder;0334792900;www.guido.nl;VBO/MAVO/HAVO/VWO;Postbus;401;3800 AK;AMERSFOORT;35;Amersfoort;17;Eemland;16;Eem en Vallei;17;Utrecht;10;Harderwijk-Amersfoort;16;Eem en Vallei;Midden
Utrecht;40094;00RO;00RO00;Amadeus Lyceum voor Vwo Havo Mavo;Burchtpoort;3;3452 MD;VLEUTEN;0344;UTRECHT;Bijzonder;0306774338;www.amadeuslyceum.nl;MAVO/HAVO/VWO;Burchtpoort;3;3452 MD;VLEUTEN;36;Utrecht;18;Utrecht-Midden;19;Utrecht;17;Utrecht;13;Utrecht en omstreken;19;Utrecht;Midden
Utrecht;40094;00RO;00RO03;Amadeus Lyceum voor Vwo Havo Mavo;Passiebloemweg;3;3452 CZ;VLEUTEN;0344;UTRECHT;Overige;0302723123;www.pcouwillibrord.nl;MAVO/HAVO/VWO;Passiebloemweg;3;3452 CZ;VLEUTEN;36;Utrecht;18;Utrecht-Midden;19;Utrecht;17;Utrecht;13;Utrecht en omstreken;19;Utrecht;Midden
Utrecht;40094;01EK;01EK00;Kranenburg Praktijkonderwijs;Tamboersdijk;9;3582 TZ;UTRECHT;0344;UTRECHT;Bijzonder;0302512492;www.pro-kranenburg.nl;PRO;Postbus;9419;3506 GK;UTRECHT;36;Utrecht;18;Utrecht-Midden;19;Utrecht;17;Utrecht;13;Utrecht en omstreken;19;Utrecht;Midden
Utrecht;40094;01KF;01KF00;Waldorf Utrecht voor Atheneum Havo Mavo;Van Asch van Wijckskade;20;3512 VS;UTRECHT;0344;UTRECHT;Bijzonder;0302371771;www.waldorfutrecht.nl;MAVO/HAVO/VWO;Van Asch van Wijckskade;20;3512 VS;UTRECHT;36;Utrecht;18;Utrecht-Midden;19;Utrecht;17;Utrecht;13;Utrecht en omstreken;19;Utrecht;Midden
Utrecht;40094;01KF;01KF04;Descart voor Atheneum Havo Mavo;Grebbeberglaan;7;3527 VX;UTRECHT;0344;UTRECHT;Bijzonder;0302326795;www.descart.nl;MAVO/HAVO/VWO;Grebbeberglaan;7;3527 VX;UTRECHT;36;Utrecht;18;Utrecht-Midden;19;Utrecht;17;Utrecht;13;Utrecht en omstreken;19;Utrecht;Midden
Utrecht;40094;01KF;01KF05;Limus College voor Atheneum Havo Mavo;Oesterzwam;1;3451 HB;VLEUTEN;0344;UTRECHT;Bijzonder;0308081318;www.limus.nl;MAVO/HAVO/VWO;Oesterzwam;1;3451 HB;VLEUTEN;36;Utrecht;18;Utrecht-Midden;19;Utrecht;17;Utrecht;13;Utrecht en omstreken;19;Utrecht;Midden
Utrecht;40094;01KF;01KF06;Sint Gregorius College, locatie Globe TopHavo;Bontekoelaan;1;3526 RA;UTRECHT;0344;UTRECHT;Bijzonder;0305112000;www.globecollege.nl;HAVO;Bontekoelaan;1;3526 RA;UTRECHT;36;Utrecht;18;Utrecht-Midden;19;Utrecht;17;Utrecht;13;Utrecht en omstreken;19;Utrecht;Midden
Utrecht;40094;02UE;02UE00;St Bonifatius College Lyceum Havo;Burg Fockema Andreaelaan;7-9;3582 KA;UTRECHT;0344;UTRECHT;Bijzonder;0302512315;www.boni.nl;HAVO/VWO;Burg Fockema Andreaelaan;7;3582 KA;UTRECHT;36;Utrecht;18;Utrecht-Midden;19;Utrecht;17;Utrecht;13;Utrecht en omstreken;19;Utrecht;Midden
Utrecht;40094;03OY;03OY00;Niftarlake College voor Atheneum Havo Mavo;Pauwenkamp;151;3607 GK;MAARSSEN;1904;STICHTSE VECHT;Bijzonder;0346567772;www.niftarlake.nl;MAVO/HAVO/VWO;Pauwenkamp;151;3607 GK;MAARSSEN;36;Utrecht;18;Utrecht-Midden;19;Utrecht;17;Utrecht;13;Utrecht en omstreken;19;Utrecht;Midden
Utrecht;40094;03OY;03OY01;Niftarlake College voor Atheneum Havo Mavo;Pauwenkamp;152;3607 GK;MAARSSEN;1904;STICHTSE VECHT;Bijzonder; ; ;MAVO/HAVO/VWO;Pauwenkamp;151;3607 GK;MAARSSEN;36;Utrecht;18;Utrecht-Midden;19;Utrecht;17;Utrecht;13;Utrecht en omstreken;19;Utrecht;Midden
Utrecht;40094;07BM;07BM00;De Baanbreker praktijkonderwijs;Baden Powellweg;1;3401 RR;IJSSELSTEIN;0353;IJSSELSTEIN;Bijzonder;0306886699;www.svp-debaanbreker.nl;PRO;Baden Powellweg;1;3401 RR;IJSSELSTEIN;36;Utrecht;18;Utrecht-Midden;19;Utrecht;17;Utrecht;13;Utrecht en omstreken;19;Utrecht;Midden
Utrecht;40094;07BM;07BM01;Praktijkschool De Baanbreker;Handboog;4;3994 AD;HOUTEN;0321;HOUTEN;Bijzonder; ;https://www.svp-debaanbreker.nl/;PRO;Baden Powellweg;1;3401 RR;IJSSELSTEIN;36;Utrecht;18;Utrecht-Midden;19;Utrecht;17;Utrecht;13;Utrecht en omstreken;19;Utrecht;Midden
Utrecht;40094;14OY;14OY00;Gerrit Rietveld College;Eykmanlaan;1200;3571 KH;UTRECHT;0344;UTRECHT;Bijzonder;0302712214;www.gerritrietveldcollege.nl;MAVO/HAVO/VWO;Eykmanlaan;1200;3571 KH;UTRECHT;36;Utrecht;18;Utrecht-Midden;19;Utrecht;17;Utrecht;13;Utrecht en omstreken;19;Utrecht;Midden
Utrecht;40094;16PA;16PA00;Christelijk Gymnasium Utrecht;Koningsbergerstraat;2;3531 AJ;UTRECHT;0344;UTRECHT;Bijzonder;0302843000;www.cgu.nl;VWO;Koningsbergerstraat;2;3531 AJ;UTRECHT;36;Utrecht;18;Utrecht-Midden;19;Utrecht;17;Utrecht;13;Utrecht en omstreken;19;Utrecht;Midden
Utrecht;40094;17GM;17GM00;Oosterlicht College voor Atheneum Havo Mavo Vbo;Dieselbaan;10;3439 MV;NIEUWEGEIN;0356;NIEUWEGEIN;Bijzonder;0306004800;www.oosterlichtcollege.nl;VBO/MAVO/HAVO/VWO;Dieselbaan;10;3439 MV;NIEUWEGEIN;36;Utrecht;18;Utrecht-Midden;19;Utrecht;17;Utrecht;13;Utrecht en omstreken;19;Utrecht;Midden
Utrecht;40094;17GM;17GM02;Lekpoort College voor Vwo Havo Mavo Vbo;Uithoflaan;1;4133 GZ;VIANEN UT;1961;VIJFHEERENLANDEN;Bijzonder;0347325620;www.lekpoortcollege.nl;VBO/MAVO/HAVO;Uithoflaan;1;4133 GZ;VIANEN UT;52;Gorinchem;18;Utrecht-Midden;19;Utrecht;17;Utrecht;18;Dordrecht-Gorinchem;19;Utrecht;Midden
Utrecht;40094;18AN;18AN00;Globe College voor vmbo, basis, kader en theoretische leerweg;Bontekoelaan;1;3526 RA;UTRECHT;0344;UTRECHT;Bijzonder;0305112000;https://www.globecollege.nl;VBO/MAVO;Bontekoelaan;1;3526 RA;UTRECHT;36;Utrecht;18;Utrecht-Midden;19;Utrecht;17;Utrecht;13;Utrecht en omstreken;19;Utrecht;Midden
Utrecht;40094;18AN;18AN06;Globe College, brede school voor vmbo, basis, kader en theoretische leerweg;Nobeldwarsstraat;9;3512 EW;UTRECHT;0344;UTRECHT;Bijzonder; ; ;VBO;Grebbeberglaan;7;3527 VX;UTRECHT;36;Utrecht;18;Utrecht-Midden;19;Utrecht;17;Utrecht;13;Utrecht en omstreken;19;Utrecht;Midden
Utrecht;40094;18AN;18AN07;Globe College, brede school voor vmbo, basis, kader en theoretische leerweg;Van Lieflandlaan;117;3571 AA;UTRECHT;0344;UTRECHT;Bijzonder;0307537300;opdc-utrecht.nl;BRUGJAAR;Van Lieflandlaan;117;3571 AA;UTRECHT;36;Utrecht;18;Utrecht-Midden;19;Utrecht;17;Utrecht;13;Utrecht en omstreken;19;Utrecht;Midden
Utrecht;40094;23VD;23VD00;Broeckland College voor Mavo Vbo Lwoo;Engel de Ruijterstraat;40;3621 CV;BREUKELEN;1904;STICHTSE VECHT;Bijzonder;0364262408;www.broeckland.nl;VBO/MAVO;Engel de Ruijterstraat;40;3621 CV;BREUKELEN;36;Utrecht;18;Utrecht-Midden;19;Utrecht;17;Utrecht;13;Utrecht en omstreken;19;Utrecht;Midden
Utrecht;40132;02VR;02VR00;Christelijk Lyceum Zeist voor VWO HAVO MAVO VMBO LWOO;Lindenlaan;23;3707 EP;ZEIST;0355;ZEIST;Bijzonder;0343489911;www.cvog.nl;VBO/MAVO/HAVO/VWO;Postbus;550;3700 AN;ZEIST;36;Utrecht;18;Utrecht-Midden;19;Utrecht;17;Utrecht;13;Utrecht en omstreken;19;Utrecht;Midden
Utrecht;40132;02VR;02VR02;Christelijk college Zeist voor VWO HAVO MAVO VMBO LWOO;Graaf Adolflaan;4;3708 XB;ZEIST;0355;ZEIST;Bijzonder;0343489911;www.ccz.nu;VBO;Postbus;550;3700 AN;ZEIST;36;Utrecht;18;Utrecht-Midden;19;Utrecht;17;Utrecht;13;Utrecht en omstreken;19;Utrecht;Midden
Utrecht;40132;02VR;02VR04;Christelijk Lyceum Zeist voor VWO HAVO MAVO VMBO LWOO;Driebergsestraatweg;6-C;3941 ZX;DOORN;1581;UTRECHTSE HEUVELRUG;Bijzonder;0343489911;www.revius.nl;VBO/MAVO/HAVO/VWO;Postbus;550;3700 AN;ZEIST;36;Utrecht;18;Utrecht-Midden;19;Utrecht;17;Utrecht;13;Utrecht en omstreken;19;Utrecht;Midden
Utrecht;40132;02VR;02VR05;Christelijk Lyceum Zeist voor VWO HAVO MAVO VMBO LWOO;Remus;4;3962 KT;WIJK BIJ DUURSTEDE;0352;WIJK BIJ DUURSTEDE;Bijzonder;0343489911;www.reviuswijk.nl;VBO/MAVO/HAVO;Postbus;550;3700 AN;ZEIST;36;Utrecht;18;Utrecht-Midden;19;Utrecht;17;Utrecht;13;Utrecht en omstreken;19;Utrecht;Midden
Utrecht;40132;02VR;02VR08;Christelijk Lyceum Zeist voor VWO HAVO MAVO VMBO LWOO;Prof. Lorentzlaan;16;3701 CC;ZEIST;0355;ZEIST;Bijzonder;0343489911; ;VBO;Postbus;550;3700 AN;ZEIST;36;Utrecht;18;Utrecht-Midden;19;Utrecht;17;Utrecht;13;Utrecht en omstreken;19;Utrecht;Midden
Utrecht;40132;26HY;26HY00;Seyster College voor Praktijkonderwijs;Bergweg;97;3707 AC;ZEIST;0355;ZEIST;Bijzonder;0343489911;www.seystercollege.nl;PRO;Postbus;550;3700 AN;ZEIST;36;Utrecht;18;Utrecht-Midden;19;Utrecht;17;Utrecht;13;Utrecht en omstreken;19;Utrecht;Midden
Utrecht;40132;26HY;26HY02;Seyster College voor Praktijkonderwijs;Hoog Kanje;270-A;3708 DL;ZEIST;0355;ZEIST;Bijzonder; ; ;PRO;Postbus;550;3700 AN;ZEIST;36;Utrecht;18;Utrecht-Midden;19;Utrecht;17;Utrecht;13;Utrecht en omstreken;19;Utrecht;Midden
Utrecht;40180;00ML;00ML00;Meerscholen - rk sg voor lyceum havo mavo vmbo;Daam Fockemalaan;12;3818 KG;AMERSFOORT;0307;AMERSFOORT;Bijzonder;0334612984;www.hetnieuweeemland.nl;VBO/MAVO/HAVO/VWO;Postbus;637;3800 AP;AMERSFOORT;35;Amersfoort;17;Eemland;16;Eem en Vallei;17;Utrecht;10;Harderwijk-Amersfoort;16;Eem en Vallei;Midden
Utrecht;40180;00ML;00ML02;Meerscholen - Muurhuizen;Zangvogelweg;4;3815 DL;AMERSFOORT;0307;AMERSFOORT;Bijzonder;0334727721;www.mavomuurhuizen.nl;VBO/MAVO/HAVO;Zangvogelweg;4;3815 DL;AMERSFOORT;35;Amersfoort;17;Eemland;16;Eem en Vallei;17;Utrecht;10;Harderwijk-Amersfoort;16;Eem en Vallei;Midden
Utrecht;40180;00ML;00ML05;Meerscholen v Lyc Havo Mavo Vbo Lwoo- 't Hooghe Landt;Trompetstraat;1;3822 CK;AMERSFOORT;0307;AMERSFOORT;Bijzonder;0334559363;www.hooghelandt.nl;VBO/MAVO/HAVO/VWO;Trompetstraat;1;3822 CK;AMERSFOORT;35;Amersfoort;17;Eemland;16;Eem en Vallei;17;Utrecht;10;Harderwijk-Amersfoort;16;Eem en Vallei;Midden
Utrecht;40180;00ML;00ML09;Meerscholen - Het Element;Kaliumweg;2;3812 PT;AMERSFOORT;0307;AMERSFOORT;Bijzonder;0334728203;www.hetelement.eu;VBO/MAVO;Kaliumweg;2;3812 PT;AMERSFOORT;35;Amersfoort;17;Eemland;16;Eem en Vallei;17;Utrecht;10;Harderwijk-Amersfoort;16;Eem en Vallei;Midden
Utrecht;40180;00ML;00ML12;Meerscholen v Lyc Havo Mavo Vbo Lwoo - 't Hooghe Landt;Parelhoenstraat;4;3815 AG;AMERSFOORT;0307;AMERSFOORT;Bijzonder;0334752764;www.hooghelandt.nl;VBO/MAVO/HAVO/VWO;Parelhoenstraat;4;3815 AG;AMERSFOORT;35;Amersfoort;17;Eemland;16;Eem en Vallei;17;Utrecht;10;Harderwijk-Amersfoort;16;Eem en Vallei;Midden
Utrecht;40180;14RC;14RC00;Meerscholen - chr sg voor lyceum havo mavo vmbo;Paladijnenweg;101;3813 DC;AMERSFOORT;0307;AMERSFOORT;Bijzonder;0334229020;www.farel.nl;VBO/MAVO/HAVO/VWO;Paladijnenweg;101;3813 DC;AMERSFOORT;35;Amersfoort;17;Eemland;16;Eem en Vallei;17;Utrecht;10;Harderwijk-Amersfoort;16;Eem en Vallei;Midden
Utrecht;40180;14RC;14RC02;Meerscholen - Taalcentrum Amersfoort;Magnesiumweg;4;3812 PW;AMERSFOORT;0307;AMERSFOORT;Bijzonder;0334620072;www.hetelement.eu;BRUGJAAR;Postbus;194;3800 AD;AMERSFOORT;35;Amersfoort;17;Eemland;16;Eem en Vallei;17;Utrecht;10;Harderwijk-Amersfoort;16;Eem en Vallei;Midden
Utrecht;40180;14RC;14RC03;Meerscholen - Oostwende College vmbo havo vwo;Plecht;1;3751 WB;BUNSCHOTEN-SPAKENBURG;0313;BUNSCHOTEN;Bijzonder;0332997400;www.oostwende.nl;VBO/MAVO/HAVO;Plecht;1;3751 WB;BUNSCHOTEN-SPAKENBURG;35;Amersfoort;17;Eemland;16;Eem en Vallei;17;Utrecht;10;Harderwijk-Amersfoort;16;Eem en Vallei;Midden
Utrecht;40180;14RC;14RC04;Meerscholen - Corderius College;De Ganskuijl;105;3817 EZ;AMERSFOORT;0307;AMERSFOORT;Bijzonder;0332473060;www.corderius.nl;VBO/MAVO/HAVO/VWO;De Ganskuijl;105;3817 EZ;AMERSFOORT;35;Amersfoort;17;Eemland;16;Eem en Vallei;17;Utrecht;10;Harderwijk-Amersfoort;16;Eem en Vallei;Midden
Utrecht;40180;14RC;14RC06;Meerscholen;Hooglandseweg-Noord;55;3813 VD;AMERSFOORT;0307;AMERSFOORT;Bijzonder;0334794040;www.hetelement.eu;VBO/MAVO;Postbus;194;3800 AD;AMERSFOORT;35;Amersfoort;17;Eemland;16;Eem en Vallei;17;Utrecht;10;Harderwijk-Amersfoort;16;Eem en Vallei;Midden
Utrecht;40180;14RC;14RC13;Meerscholen - Taalcentrum Leusden;Storkstraat;8;3833 LB;LEUSDEN;0327;LEUSDEN;Bijzonder;0334794040; ;BRUGJAAR;Postbus;194;3800 AD;AMERSFOORT;35;Amersfoort;17;Eemland;16;Eem en Vallei;17;Utrecht;10;Harderwijk-Amersfoort;16;Eem en Vallei;Midden
Utrecht;40180;14RC;14RC14;Meerscholen;Euroweg;23;3825 HA;AMERSFOORT;0307;AMERSFOORT;Bijzonder;0334602600; ;VBO;Postbus;194;3800 AD;AMERSFOORT;35;Amersfoort;17;Eemland;16;Eem en Vallei;17;Utrecht;10;Harderwijk-Amersfoort;16;Eem en Vallei;Midden
Utrecht;40180;14RC;14RC15;Meerscholen;Amsterdamsestraatweg;13;3744 AA;BAARN;0308;BAARN;Bijzonder;0334794040; ;BRUGJAAR;Postbus;194;3800 AD;AMERSFOORT;45;Hilversum;17;Eemland;16;Eem en Vallei;17;Utrecht;15;Zuid-Noord-Holland;16;Eem en Vallei;Midden
Utrecht;40180;28CA;28CA00;PRO33 college (Accent Amersfoort);Wiekslag;50;3815 GS;AMERSFOORT;0307;AMERSFOORT;Bijzonder;0334450333;www.pro33college.nl;PRO;Wiekslag;50;3815 GS;AMERSFOORT;35;Amersfoort;17;Eemland;16;Eem en Vallei;17;Utrecht;10;Harderwijk-Amersfoort;16;Eem en Vallei;Midden
Utrecht;40209;04IX;04IX00;Kalsbeek College Christelijke Scholengemeenschap voor Vmbo, Havo, Ath. en Gymn.;Jozef Israelslaan;56;3443 CT;WOERDEN;0632;WOERDEN;Bijzonder;0348417694;www.kalsbeek.nl;VBO/MAVO/HAVO/VWO;Postbus;145;3440 AC;WOERDEN;48;Woerden;18;Utrecht-Midden;19;Utrecht;17;Utrecht;13;Utrecht en omstreken;19;Utrecht;Midden
Utrecht;40209;04IX;04IX01;Kalsbeek College Christelijke Scholengemeenschap voor Vmbo, Havo, Ath. en Gymn.;Burg H G v Kempensingel;23;3443 AM;WOERDEN;0632;WOERDEN;Bijzonder;0348413120;www.kalsbeek.nl;VBO/MAVO;Postbus;145;3440 AC;WOERDEN;48;Woerden;18;Utrecht-Midden;19;Utrecht;17;Utrecht;13;Utrecht en omstreken;19;Utrecht;Midden
Utrecht;40357;00YO;00YO00;Protestants Christelijk Mavo Waldheim;Torenlaan;81;3742 CS;BAARN;0308;BAARN;Bijzonder;0355429743;www.waldheim.nl;MAVO;Torenlaan;81;3742 CS;BAARN;45;Hilversum;17;Eemland;16;Eem en Vallei;17;Utrecht;15;Zuid-Noord-Holland;16;Eem en Vallei;Midden
Utrecht;40357;01NZ;01NZ00;Christelijk College Griftland School voor Atheneum Havo en Mavo;Noorderweg;79;3761 EV;SOEST;0342;SOEST;Bijzonder;0356098200;www.griftland.nl;MAVO/HAVO/VWO;Postbus;316;3760 AH;SOEST;35;Amersfoort;17;Eemland;16;Eem en Vallei;17;Utrecht;10;Harderwijk-Amersfoort;16;Eem en Vallei;Midden
Utrecht;40505;00TL;00TL00;Het Nieuwe Lyceum Scholengemeenschap voor Gymnasium Atheneum en Havo;Jan Steenlaan;38;3723 BV;BILTHOVEN;0310;DE BILT;Bijzonder;0302283060;www.hetnieuwelyceum.nl;HAVO/VWO;Postbus;529;3720 AM;BILTHOVEN;36;Utrecht;18;Utrecht-Midden;19;Utrecht;17;Utrecht;13;Utrecht en omstreken;19;Utrecht;Midden
Utrecht;40687;25GV;25GV08;Aeres VMBO Maartensdijk;Dierenriem;2;3738 TR;MAARTENSDIJK;0310;DE BILT;Bijzonder;0880205500;www.aeresvmbo-maartensdijk.nl;VBO/MAVO;Postbus;245;6710 BE;EDE;36;Utrecht;18;Utrecht-Midden;19;Utrecht;17;Utrecht;13;Utrecht en omstreken;19;Utrecht;Midden
Utrecht;41100;01OE;01OE16;Yuverta;Bergenboulevard;11;3825 AG;AMERSFOORT;0307;AMERSFOORT;Bijzonder;0334801331; ;VBO/MAVO;Bergenboulevard;11;3825 AG;AMERSFOORT;35;Amersfoort;17;Eemland;16;Eem en Vallei;17;Utrecht;10;Harderwijk-Amersfoort;16;Eem en Vallei;Midden
Utrecht;41100;01OE;01OE17;Yuverta;Doeldijk;16;3417 XD;MONTFOORT;0335;MONTFOORT;Bijzonder;0348471337;yuverta.nl/vmbomontfoort;VBO/MAVO;Postbus;25;3417 ZG;MONTFOORT;48;Woerden;18;Utrecht-Midden;19;Utrecht;17;Utrecht;13;Utrecht en omstreken;19;Utrecht;Midden
Utrecht;41100;01OE;01OE18;Yuverta;Theo Thijssenplein;32;3555 SJ;UTRECHT;0344;UTRECHT;Bijzonder;0302444394;yuverta.nl/vmboutrecht;VBO/MAVO;Postbus;11009;3505 BA;UTRECHT;36;Utrecht;18;Utrecht-Midden;19;Utrecht;17;Utrecht;13;Utrecht en omstreken;19;Utrecht;Midden
Utrecht;41100;01OE;01OE37;Yuverta;Randhoeve;2;3992 XH;HOUTEN;0321;HOUTEN;Bijzonder;0306377024;yuverta.nl/vmbohouten;VBO;Postbus;210;3990 GA;HOUTEN;36;Utrecht;18;Utrecht-Midden;19;Utrecht;17;Utrecht;13;Utrecht en omstreken;19;Utrecht;Midden
Utrecht;41142;27DG;27DG00;de Passie, Evangelische School voor Vmbo-tl, Havo, Vwo;Zwarte Woud;211;3524 SG;UTRECHT;0344;UTRECHT;Bijzonder;0883372800;www.depassiescholen.nl;VBO/MAVO/HAVO/VWO;Zwarte Woud;211;3524 SG;UTRECHT;36;Utrecht;18;Utrecht-Midden;19;Utrecht;17;Utrecht;13;Utrecht en omstreken;19;Utrecht;Midden
Utrecht;41202;00CB;00CB01;Scholengemeenschap voor Voortgezet Vrije Schoolonderwijs;Socrateslaan;24;3707 GL;ZEIST;0355;ZEIST;Bijzonder;0302040290;www.svszeist.nl;MAVO/HAVO/VWO;Socrateslaan;24;3707 GL;ZEIST;36;Utrecht;18;Utrecht-Midden;19;Utrecht;17;Utrecht;13;Utrecht en omstreken;19;Utrecht;Midden
Utrecht;41202;00CB;00CB04;Scholengemeenschap voor Voortgezet Vrije Schoolonderwijs;Prof. Lorentzlaan;16;3701 CC;ZEIST;0355;ZEIST;Bijzonder;0306916931;www.tobiaszeist.nl;MAVO;Prof. Lorentzlaan;16;3701 CC;ZEIST;36;Utrecht;18;Utrecht-Midden;19;Utrecht;17;Utrecht;13;Utrecht en omstreken;19;Utrecht;Midden
Utrecht;41208;20CK;20CK00;Joh van Oldenbarnevelt Gymnasium;Thorbeckeplein;1;3818 JL;AMERSFOORT;0307;AMERSFOORT;Openbaar;0334613944;www.jvo.nl;VWO;Thorbeckeplein;1;3818 JL;AMERSFOORT;35;Amersfoort;17;Eemland;16;Eem en Vallei;17;Utrecht;10;Harderwijk-Amersfoort;16;Eem en Vallei;Midden
Utrecht;41208;20EA;20EA00;Openbaar lyceum De Amersfoortse Berg;Hugo de Grootlaan;25;3818 TA;AMERSFOORT;0307;AMERSFOORT;Openbaar;0334618845;www.amersfoortseberg.nl;HAVO/VWO;Hugo de Grootlaan;25;3818 TA;AMERSFOORT;35;Amersfoort;17;Eemland;16;Eem en Vallei;17;Utrecht;10;Harderwijk-Amersfoort;16;Eem en Vallei;Midden
Utrecht;41208;20EI;20EI00;Vallei College voor Ath Havo Mavo Vbo Lwoo;Paladijnenweg;611;3813 KD;AMERSFOORT;0307;AMERSFOORT;Openbaar;0334750184;www.t-atrium.nl;VBO/MAVO/HAVO/VWO;Paladijnenweg;611;3813 KD;AMERSFOORT;35;Amersfoort;17;Eemland;16;Eem en Vallei;17;Utrecht;10;Harderwijk-Amersfoort;16;Eem en Vallei;Midden
Utrecht;41208;20EI;20EI01;Vallei College voor Ath Havo Mavo Vbo Lwoo locatie VMBO Trivium College;Dierenriem;11;3813 VN;AMERSFOORT;0307;AMERSFOORT;Openbaar;0334753694;www.triviumcollege.nl;VBO/MAVO;Dierenriem;11;3813 VN;AMERSFOORT;35;Amersfoort;17;Eemland;16;Eem en Vallei;17;Utrecht;10;Harderwijk-Amersfoort;16;Eem en Vallei;Midden
Utrecht;41208;20EI;20EI02;Vallei College voor Ath Havo Mavo Vbo Lwoo locatie Amsfort College;Columbusweg;40;3814 WE;AMERSFOORT;0307;AMERSFOORT;Openbaar;0334753147;www.amsfortcollege.nl;VBO/MAVO;Columbusweg;40;3814 WE;AMERSFOORT;35;Amersfoort;17;Eemland;16;Eem en Vallei;17;Utrecht;10;Harderwijk-Amersfoort;16;Eem en Vallei;Midden
Utrecht;41208;20EI;20EI03;Vallei College voor Ath Havo Mavo Vbo Lwoo locatie Vathorst College;Lovink;6;3825 MP;AMERSFOORT;0307;AMERSFOORT;Openbaar;0334968240;www.vathorstcollege.nl;VBO/MAVO/HAVO/VWO;Lovink;6;3825 MP;AMERSFOORT;35;Amersfoort;17;Eemland;16;Eem en Vallei;17;Utrecht;10;Harderwijk-Amersfoort;16;Eem en Vallei;Midden
Utrecht;41208;20EI;20EI04;Vallei College voor Ath Havo Mavo Vbo Lwoo loc.PRO33 College/Praktijkond.Trivium;Wiekslag;50;3815 GS;AMERSFOORT;0307;AMERSFOORT;Openbaar;0334722165;www.triviumcollege.nl;PRO;Wiekslag;50;3815 GS;AMERSFOORT;35;Amersfoort;17;Eemland;16;Eem en Vallei;17;Utrecht;10;Harderwijk-Amersfoort;16;Eem en Vallei;Midden
Utrecht;41217;05RA;05RA00;Veenlanden College PC SGM v Mavo Havo Atheneum;Diamant;9;3641 XR;MIJDRECHT;0736;DE RONDE VENEN;Bijzonder;0297283459;www.veenlandencollege.nl;MAVO/HAVO/VWO;Diamant;9;3641 XR;MIJDRECHT;44;Amsterdam;20;Zuidelijk Noord-Holland;19;Utrecht;17;Utrecht;15;Zuid-Noord-Holland;19;Utrecht;Midden
Utrecht;41217;05RA;05RA01;Veenlanden College PC SGM v Mavo Havo Atheneum;Bonkestekersweg;1;3645 KZ;VINKEVEEN;0736;DE RONDE VENEN;Bijzonder;0297261514; ;MAVO;Bonkestekersweg;1;3645 KZ;VINKEVEEN;44;Amsterdam;20;Zuidelijk Noord-Holland;19;Utrecht;17;Utrecht;15;Zuid-Noord-Holland;19;Utrecht;Midden
Utrecht;41300;02MF;02MF00;Het Perron voor VMBO en Praktijkonderwijs;Sportlaan;11-13;3905 AD;VEENENDAAL;0345;VEENENDAAL;Bijzonder;0318509600;www.hetperron.nl;VBO/MAVO/PRO;Postbus;234;3900 AE;VEENENDAAL;34;Veenendaal;10;De Vallei;16;Eem en Vallei;17;Utrecht;13;Utrecht en omstreken;16;Eem en Vallei;Midden
Utrecht;41475;15JM;15JM00;Utrechts Stedelijk Gymnasium, openbare school voor vwo;Ina Boudier-Bakkerlaan;7;3582 VA;UTRECHT;0344;UTRECHT;Openbaar;0302122199;www.usgym.nl/;VWO;Postbus;1415;3500 BK;UTRECHT;36;Utrecht;18;Utrecht-Midden;19;Utrecht;17;Utrecht;13;Utrecht en omstreken;19;Utrecht;Midden
Utrecht;41475;17BI;17BI00;NUOVO Scholen, openbaar vmbo, mavo, havo, vwo;Blikkenburgerlaan;2;3703 CV;ZEIST;0355;ZEIST;Openbaar;0306982140;www.openbaarlyceumzeist.nl;VBO/MAVO/HAVO/VWO;Postbus;1415;3500 BK;UTRECHT;36;Utrecht;18;Utrecht-Midden;19;Utrecht;17;Utrecht;13;Utrecht en omstreken;19;Utrecht;Midden
Utrecht;41475;17BI;17BI02;NUOVO Scholen, openbaar vmbo, mavo, havo, vwo, locatie NXT Doorn;Frans van Dijklaan;2;3941 KD;DOORN;1581;UTRECHTSE HEUVELRUG;Openbaar;0343412196;www.nxt.eu/nxt-doorn;VBO/MAVO;Postbus;1415;3500 BK;UTRECHT;36;Utrecht;18;Utrecht-Midden;19;Utrecht;17;Utrecht;13;Utrecht en omstreken;19;Utrecht;Midden
Utrecht;41475;17BI;17BI06;NUOVO Scholen, openbaar vmbo, mavo, havo, vwo, locatie OVMZ;Blikkenburgerlaan;2-A;3703 CV;ZEIST;0355;ZEIST;Openbaar; ;www.ovmz.nl;VBO/MAVO;Postbus;1415;3500 BK;UTRECHT;36;Utrecht;18;Utrecht-Midden;19;Utrecht;17;Utrecht;13;Utrecht en omstreken;19;Utrecht;Midden
Utrecht;41475;17BI;17BI07;NUOVO Scholen, openbaar vmbo, mavo, havo, vwo, vest. NXT Maarsbergen;Woudenbergseweg;22-A;3953 MG;MAARSBERGEN;1581;UTRECHTSE HEUVELRUG;Openbaar;0343431345;www.openbaarlyceumzeist.nl;VBO/MAVO/HAVO;Postbus;1415;3500 BK;UTRECHT;36;Utrecht;18;Utrecht-Midden;19;Utrecht;17;Utrecht;13;Utrecht en omstreken;19;Utrecht;Midden
Utrecht;41475;18WS;18WS00;Anna van Rijn College Openb. Scholengemeenschap voor Ath Havo Mavo;Albatros;1;3435 XA;NIEUWEGEIN;0356;NIEUWEGEIN;Openbaar;0306040900;www.annavanrijn.nl;MAVO/HAVO/VWO;Postbus;1415;3500 BK;UTRECHT;36;Utrecht;18;Utrecht-Midden;19;Utrecht;17;Utrecht;13;Utrecht en omstreken;19;Utrecht;Midden
Utrecht;41475;18WS;18WS04;Anna van Rijn College Openb. Scholengemeenschap voor Ath Havo Mavo;Flamingo;3-A;3435 XG;NIEUWEGEIN;0356;NIEUWEGEIN;Openbaar;0306040900;www.annavanrijn.nl;MAVO;Postbus;1415;3500 BK;UTRECHT;36;Utrecht;18;Utrecht-Midden;19;Utrecht;17;Utrecht;13;Utrecht en omstreken;19;Utrecht;Midden
Utrecht;41475;24TJ;24TJ00;NUOVO Scholen, openbare scholengemeenschap voor praktijkonderwijs, vmbo en mavo;La Bohemedreef;7;3561 KW;UTRECHT;0344;UTRECHT;Openbaar;0302634690;mpowerutrecht.nl;VBO/MAVO/PRO;Postbus;1415;3500 BK;UTRECHT;36;Utrecht;18;Utrecht-Midden;19;Utrecht;17;Utrecht;13;Utrecht en omstreken;19;Utrecht;Midden
Utrecht;41475;24TJ;24TJ05;School aan de Singel, openbare scholengemeenschap voor vbo en mavo;Wittevrouwenkade;4;3512 CR;UTRECHT;0344;UTRECHT;Overige;0642349913;https://www.schoolaandesingel.nl;VBO/MAVO;Wittevrouwenkade;4;3512 CR;UTRECHT;36;Utrecht;18;Utrecht-Midden;19;Utrecht;17;Utrecht;13;Utrecht en omstreken;19;Utrecht;Midden
Utrecht;41475;24TR;24TR00;NUOVO Scholen, opb. vmbo, havo, vwo;Maartvlinder;1;3544 DA;UTRECHT;0344;UTRECHT;Openbaar;0302933360;www.lrc.nl;VBO/MAVO/HAVO/VWO;Postbus;1415;3500 BK;UTRECHT;36;Utrecht;18;Utrecht-Midden;19;Utrecht;17;Utrecht;13;Utrecht en omstreken;19;Utrecht;Midden
Utrecht;41475;24TR;24TR02;NUOVO Scholen, opb. vmbo, havo, vwo - Ithaka ISK Vader Rijndreef;Vader Rijndreef;7-9;3561 XB;UTRECHT;0344;UTRECHT;Openbaar;0302634634;www.ithaka-isk.nl;BRUGJAAR;Postbus;1415;3500 BK;UTRECHT;36;Utrecht;18;Utrecht-Midden;19;Utrecht;17;Utrecht;13;Utrecht en omstreken;19;Utrecht;Midden
Utrecht;41475;24TR;24TR03;Nuovo Scholen, opb. vmbo, havo, vwo - X11 media en vormgeving;Van Bijnkershoeklaan;8;3527 XL;UTRECHT;0344;UTRECHT;Openbaar;0302807099;www.x11.nu;VBO/MAVO/HAVO;Postbus;1415;3500 BK;UTRECHT;36;Utrecht;18;Utrecht-Midden;19;Utrecht;17;Utrecht;13;Utrecht en omstreken;19;Utrecht;Midden
Utrecht;41475;24TR;24TR04;NUOVO Scholen, opb. vmbo, havo, vwo - Utrechtse School;Van Lieflandlaan;117;3571 AA;UTRECHT;0344;UTRECHT;Openbaar;0302969070;www.nuovo.eu;BRUGJAAR;Postbus;1415;3500 BK;UTRECHT;36;Utrecht;18;Utrecht-Midden;19;Utrecht;17;Utrecht;13;Utrecht en omstreken;19;Utrecht;Midden
Utrecht;41475;24TR;24TR05;NUOVO Scholen, opb. vmbo, havo, vwo - VOLT! Toekomstmakers;Oesterzwam;1;3451 HB;VLEUTEN;0344;UTRECHT;Openbaar;0306702500;www.volt.eu;VBO/MAVO/HAVO;Postbus;1415;3500 BK;UTRECHT;36;Utrecht;18;Utrecht-Midden;19;Utrecht;17;Utrecht;13;Utrecht en omstreken;19;Utrecht;Midden
Utrecht;41475;24TR;24TR10;NUOVO Scholen, opb. vmbo, havo, vwo - Academie Tien;Berlijnplein;300;3541 CM;UTRECHT;0344;UTRECHT;Openbaar;0307820999;www.academietien.nl;VBO/MAVO/HAVO/VWO;Postbus;1415;3500 BK;UTRECHT;36;Utrecht;18;Utrecht-Midden;19;Utrecht;17;Utrecht;13;Utrecht en omstreken;19;Utrecht;Midden
Utrecht;41475;24TR;24TR12;NUOVO Scholen, opb. vmbo, havo, vwo - Ithaka ISK Stroyenborchdreef;Stroyenborchdreef;2;3562 GN;UTRECHT;0344;UTRECHT;Openbaar;0306702660;www.ithaka-isk.nl;BRUGJAAR;Postbus;1415;3500 BK;UTRECHT;36;Utrecht;18;Utrecht-Midden;19;Utrecht;17;Utrecht;13;Utrecht en omstreken;19;Utrecht;Midden
Utrecht;41475;24TR;24TR15;Nuovo Scholen, opb. vmbo, havo, vwo - X11 vest. Vondellaan;Vondellaan;178;3521 GH;UTRECHT;0344;UTRECHT;Openbaar;0302807099; ;VBO/MAVO/HAVO;Postbus;1415;3500 BK;UTRECHT;36;Utrecht;18;Utrecht-Midden;19;Utrecht;17;Utrecht;13;Utrecht en omstreken;19;Utrecht;Midden
Utrecht;41475;24TR;24TR16;NUOVO Scholen, opb. vmbo, havo, vwo - X11 Grebbebergln;Grebbeberglaan;25;3527 VX;UTRECHT;0344;UTRECHT;Openbaar;0302807099; ;VBO/MAVO/HAVO;Postbus;1415;3500 BK;UTRECHT;36;Utrecht;18;Utrecht-Midden;19;Utrecht;17;Utrecht;13;Utrecht en omstreken;19;Utrecht;Midden
Utrecht;41475;30UB;30UB00;UniC school voor vwo en havo;Van Bijnkershoeklaan;2;3527 XL;UTRECHT;0344;UTRECHT;Openbaar; ; ;HAVO/VWO;Postbus;1415;3500 BK;UTRECHT;36;Utrecht;18;Utrecht-Midden;19;Utrecht;17;Utrecht;13;Utrecht en omstreken;19;Utrecht;Midden
Utrecht;41475;30UB;30UB01;UniC school voor vwo en havo - locatie International School Utrecht;Van Deventerlaan;1;3528 AG;UTRECHT;0344;UTRECHT;Openbaar;0308700400;www.isutrecht.nl;HAVO/VWO;Postbus;1415;3500 BK;UTRECHT;36;Utrecht;18;Utrecht-Midden;19;Utrecht;17;Utrecht;13;Utrecht en omstreken;19;Utrecht;Midden
Utrecht;41475;30UB;30UB02;School aan de Singel (HV) school voor vwo en havo;Wittevrouwenkade;4;3512 CR;UTRECHT;0344;UTRECHT;Overige;0642349913;https://www.schoolaandesingel.nl;HAVO/VWO;Wittevrouwenkade;4;3512 CR;UTRECHT;36;Utrecht;18;Utrecht-Midden;19;Utrecht;17;Utrecht;13;Utrecht en omstreken;19;Utrecht;Midden
Utrecht;41769;03WO;03WO00;Van Lodensteincollege Scholengemeenschap voor Lyceum Havo Mavo Vbo Lwoo;Utrechtseweg;228;3818 ET;AMERSFOORT;0307;AMERSFOORT;Bijzonder;0334226400;www.vanlodenstein.nl;VBO/MAVO/HAVO/VWO;Postbus;180;3800 AD;AMERSFOORT;35;Amersfoort;17;Eemland;16;Eem en Vallei;17;Utrecht;10;Harderwijk-Amersfoort;16;Eem en Vallei;Midden
Utrecht;41820;32CY;32CY00;Al Amana College Utrecht;Noordse Parklaan;4;3513 GV;UTRECHT;0344;UTRECHT;Bijzonder;0850067230;www.alamanacollege.nl;MAVO/HAVO/VWO;Laan van Vollenhove;3211;3706 AR;ZEIST;36;Utrecht;18;Utrecht-Midden;19;Utrecht;17;Utrecht;13;Utrecht en omstreken;19;Utrecht;Midden
Utrecht;41897;11NY;11NY00;Regionale Scholengemeenschap Broklede voor Atheneum en Havo;Schepersweg;6-A;3621 JK;BREUKELEN;1904;STICHTSE VECHT;Openbaar;0346258060;www.broklede.nl;HAVO/VWO;Postbus;246;3620 AE;BREUKELEN;36;Utrecht;18;Utrecht-Midden;19;Utrecht;17;Utrecht;13;Utrecht en omstreken;19;Utrecht;Midden
Utrecht;41897;17HX;17HX00;Mgr A E Rientjes Mavo;Valkenkamp;551;3607 MJ;MAARSSEN;1904;STICHTSE VECHT;Bijzonder;0346561360;www.rientjesmavo.nl;VBO/MAVO;Valkenkamp;551;3607 MJ;MAARSSEN;36;Utrecht;18;Utrecht-Midden;19;Utrecht;17;Utrecht;13;Utrecht en omstreken;19;Utrecht;Midden
Utrecht;42817;19IP;19IP00;Rembrandt College Openbare Scholengemeenschap voor Mavo Havo Ath;Rembrandtlaan;2;3904 ZK;VEENENDAAL;0345;VEENENDAAL;Openbaar;0318509900;www.rembrandt-college.nl;MAVO/HAVO/VWO;Postbus;292;3900 AG;VEENENDAAL;34;Veenendaal;10;De Vallei;16;Eem en Vallei;17;Utrecht;13;Utrecht en omstreken;16;Eem en Vallei;Midden
Utrecht;45697;03SX;03SX00;De Baander;Zangvogelweg;152;3815 DR;AMERSFOORT;0307;AMERSFOORT;Bijzonder;0334723163;www.debaander.nl;PRO;Zangvogelweg;152;3815 DR;AMERSFOORT;35;Amersfoort;17;Eemland;16;Eem en Vallei;17;Utrecht;10;Harderwijk-Amersfoort;16;Eem en Vallei;Midden
Utrecht;49155;00VY;00VY00;Cals College Roomskatholiek Scholengemeenschap voor Lyceum Havo Mavo Vbo;Vreeswijksestraatweg;6-A;3432 NA;NIEUWEGEIN;0356;NIEUWEGEIN;Bijzonder;0306036604;www.cals.nl;VBO/MAVO/HAVO/VWO;Postbus;128;3430 AC;NIEUWEGEIN;36;Utrecht;18;Utrecht-Midden;19;Utrecht;17;Utrecht;13;Utrecht en omstreken;19;Utrecht;Midden
Utrecht;49155;00VY;00VY04;Cals College RK SGM voor Lyceum Havo Mavo Vbo;Hoge Dijk;1;3401 RD;IJSSELSTEIN;0353;IJSSELSTEIN;Bijzonder;0306868040;www.cals.nl;VBO/MAVO/HAVO/VWO;Postbus;226;3400 AE;IJSSELSTEIN;36;Utrecht;18;Utrecht-Midden;19;Utrecht;17;Utrecht;13;Utrecht en omstreken;19;Utrecht;Midden
Utrecht;49155;22NE;22NE00;College de Heemlanden School voor havo en atheneum;De Slinger;48;3995 DE;HOUTEN;0321;HOUTEN;Bijzonder;0306379944;www.heemlanden.nl;HAVO/VWO;De Slinger;48;3995 DE;HOUTEN;36;Utrecht;18;Utrecht-Midden;19;Utrecht;17;Utrecht;13;Utrecht en omstreken;19;Utrecht;Midden
Utrecht;49155;30BE;30BE00;Houtens;Kruisboog;1;3994 AE;HOUTEN;0321;HOUTEN;Bijzonder;0306344297;www.hethoutens.nl;VBO/MAVO;Kruisboog;1;3994 AE;HOUTEN;36;Utrecht;18;Utrecht-Midden;19;Utrecht;17;Utrecht;13;Utrecht en omstreken;19;Utrecht;Midden
Utrecht;50953;32DR;32DR00;Focus College Amersfoort;Softwareweg;7;3821 BN;AMERSFOORT;0307;AMERSFOORT;Overige;0651051078;www.focuscollege.nl;MAVO;Softwareweg;7;3821 BN;AMERSFOORT;35;Amersfoort;17;Eemland;16;Eem en Vallei;17;Utrecht;10;Harderwijk-Amersfoort;16;Eem en Vallei;Midden
Utrecht;59282;17XU;17XU00;Heerenlanden College;Eksterlaan;48;4143 AC;LEERDAM;1961;VIJFHEERENLANDEN;Bijzonder;0345613531;www.cvo-av.nl;VBO/MAVO/HAVO/VWO;Eksterlaan;48;4143 AC;LEERDAM;52;Gorinchem;18;Utrecht-Midden;19;Utrecht;17;Utrecht;18;Dordrecht-Gorinchem;19;Utrecht;Midden
Utrecht;59282;17XU;17XU01;Heerenlanden College;Joost de Jongestraat;45;4142 AV;LEERDAM;1961;VIJFHEERENLANDEN;Bijzonder;0345638678;https://dejoost.cvo-av.nl/;VBO/MAVO;Joost de Jongestraat;45;4142 AV;LEERDAM;52;Gorinchem;18;Utrecht-Midden;19;Utrecht;17;Utrecht;18;Dordrecht-Gorinchem;19;Utrecht;Midden
Utrecht;69994;06SU;06SU00;Ichthus College Scholengemeenschap voor Atheneum Havo Mavo;Vondellaan;4;3906 EA;VEENENDAAL;0345;VEENENDAAL;Bijzonder;0318543210;www.ichthuscollege.nl;MAVO/HAVO/VWO;Postbus;227;3900 AE;VEENENDAAL;34;Veenendaal;10;De Vallei;16;Eem en Vallei;17;Utrecht;13;Utrecht en omstreken;16;Eem en Vallei;Midden
Utrecht;76688;02TG;02TG00;Het Baarnsch Lyceum;Torenlaan;83;3742 CS;BAARN;0308;BAARN;Bijzonder;0355416041;www.hetbaarnschlyceum.nl;HAVO/VWO;Torenlaan;83;3742 CS;BAARN;45;Hilversum;17;Eemland;16;Eem en Vallei;17;Utrecht;15;Zuid-Noord-Holland;16;Eem en Vallei;Midden
Utrecht;76740;17WP;17WP00;Werkplaats Kindergemeenschap;Kees Boekelaan;12;3723 BA;BILTHOVEN;0310;DE BILT;Bijzonder;0302282841;www.wpkeesboeke.nl;MAVO/HAVO/VWO;Postbus;28;3720 AA;BILTHOVEN;36;Utrecht;18;Utrecht-Midden;19;Utrecht;17;Utrecht;13;Utrecht en omstreken;19;Utrecht;Midden
Utrecht;76753;02TH;02TH00;Jordan Montessori Lyceum Utrecht havo/vwo;Jordanlaan;3;3706 TE;ZEIST;0355;ZEIST;Bijzonder;0306954708;www.jordanmlu.nl;HAVO/VWO;Postbus;442;3700 AK;ZEIST;36;Utrecht;18;Utrecht-Midden;19;Utrecht;17;Utrecht;13;Utrecht en omstreken;19;Utrecht;Midden
Utrecht;78132;26KA;26KA00;Futura College voor Praktijkonderwijs;Abeellaan;2;3442 JB;WOERDEN;0632;WOERDEN;Bijzonder;0348457320;www.futuracollege.nl;PRO;Postbus;244;3440 AE;WOERDEN;48;Woerden;18;Utrecht-Midden;19;Utrecht;17;Utrecht;13;Utrecht en omstreken;19;Utrecht;Midden
Utrecht;80328;02VM;02VM00;Christelijk Lyceum Scholengemeenschap voor Mavo Havo Lyceum;Kerkewijk;149;3904 JC;VEENENDAAL;0345;VEENENDAAL;Bijzonder;0318500621;www.clv.nl;MAVO/HAVO/VWO;Postbus;41;3900 AA;VEENENDAAL;34;Veenendaal;10;De Vallei;16;Eem en Vallei;17;Utrecht;13;Utrecht en omstreken;16;Eem en Vallei;Midden
Zeeland;13555;03XS;03XS00;Van de Perre voor Vmbo, Mavo, Havo, Atheneum en Gymnasium;Griffioenstraat;17;4334 BK;MIDDELBURG;0687;MIDDELBURG;Bijzonder;0118652100;www.cswalcheren.nl;VBO/MAVO/HAVO/VWO;Postbus;541;4330 AM;MIDDELBURG;59;Middelburg;24;Zeeland;32;Walcheren;32;Overig Zeeland;19;Zeeland;32;Walcheren;Zuid
Zeeland;13555;03XS;03XS02;Toorop Talent College voor Vmbo-bk;Generaal Eisenhowerlaan;25;4333 BP;MIDDELBURG;0687;MIDDELBURG;Bijzonder;0118652100; ;VBO/MAVO;Postbus;541;4330 AM;MIDDELBURG;59;Middelburg;24;Zeeland;32;Walcheren;32;Overig Zeeland;19;Zeeland;32;Walcheren;Zuid
Zeeland;13555;03XS;03XS03;Bestevaer voor Vmbo-bk, Mavo, Havo;Bossenburghpad;10;4385 CJ;VLISSINGEN;0718;VLISSINGEN;Bijzonder;0118652100; ;VBO/MAVO;Postbus;541;4330 AM;MIDDELBURG;59;Middelburg;24;Zeeland;32;Walcheren;32;Overig Zeeland;19;Zeeland;32;Walcheren;Zuid
Zeeland;13555;03XS;03XS08;ISK Walcheren;Griffioenstraat;38;4334 BK;MIDDELBURG;0687;MIDDELBURG;Bijzonder;0118650540; ;BRUGJAAR;Postbus;541;4330 AM;MIDDELBURG;59;Middelburg;24;Zeeland;32;Walcheren;32;Overig Zeeland;19;Zeeland;32;Walcheren;Zuid
Zeeland;13555;03XS;03XS09;Christelijke Scholengem. Walcheren voor Vmbo, Mavo, Havo, Atheneum en Gymnasium;Edisonweg;4-A;4382 NW;VLISSINGEN;0718;VLISSINGEN;Bijzonder; ; ;VBO; ; ; ; ;59;Middelburg;24;Zeeland;32;Walcheren;32;Overig Zeeland;19;Zeeland;32;Walcheren;Zuid
Zeeland;13555;03XS;03XS10;ISK Walcheren;Lijnbaan;14;4461 HK;GOES;0664;GOES;Overige; ; ;BRUGJAAR; ; ; ; ;60;Goes;24;Zeeland;31;Oosterschelde regio;32;Overig Zeeland;19;Zeeland;31;Oosterschelde Regio;Zuid
Zeeland;13555;16YC;16YC00;Scheldemond College;Weyevlietplein;7-13;4385 CH;VLISSINGEN;0718;VLISSINGEN;Openbaar;0118479400;www.scheldemondcollege.nl;VBO/MAVO/HAVO/VWO;Postbus;69;4380 AB;VLISSINGEN;59;Middelburg;24;Zeeland;32;Walcheren;32;Overig Zeeland;19;Zeeland;32;Walcheren;Zuid
Zeeland;13555;16YC;16YC04;Scheldemond College;Edisonweg;4-A;4382 NW;VLISSINGEN;0718;VLISSINGEN;Openbaar; ; ;VBO; ; ; ; ;59;Middelburg;24;Zeeland;32;Walcheren;32;Overig Zeeland;19;Zeeland;32;Walcheren;Zuid
Zeeland;13555;16YC;16YC05;Scheldemond College;Kruisweg;2;4335 CT;MIDDELBURG;0687;MIDDELBURG;Openbaar; ; ;VBO; ; ; ; ;59;Middelburg;24;Zeeland;32;Walcheren;32;Overig Zeeland;19;Zeeland;32;Walcheren;Zuid
Zeeland;13555;20CP;20CP00;NEHALENNIA Stedelijke Scholengemeenschap voor LYC HAVO MAVO VBO LWOO;Kruisweg;2;4335 CT;MIDDELBURG;0687;MIDDELBURG;Openbaar;0118479400;www.mondia.nl;VBO/MAVO;Postbus;69;4380 AB;VLISSINGEN;59;Middelburg;24;Zeeland;32;Walcheren;32;Overig Zeeland;19;Zeeland;32;Walcheren;Zuid
Zeeland;13555;20CP;20CP04;NEHALENNIA Stedelijke Scholengemeenschap voor LYC HAVO MAVO VBO LWOO;Breeweg;71-E;4335 AP;MIDDELBURG;0687;MIDDELBURG;Openbaar;0118479400;www.mondia.nl;HAVO/VWO;Postbus;69;4380 AB;VLISSINGEN;59;Middelburg;24;Zeeland;32;Walcheren;32;Overig Zeeland;19;Zeeland;32;Walcheren;Zuid
Zeeland;13555;20CP;20CP05;NEHALENNIA Stedelijke Scholengemeenschap voor LYC HAVO MAVO VBO LWOO;Edisonweg;4-A;4382 NW;VLISSINGEN;0718;VLISSINGEN;Openbaar;0118479400;www.mondia.nl;VBO;Postbus;69;4380 AB;VLISSINGEN;59;Middelburg;24;Zeeland;32;Walcheren;32;Overig Zeeland;19;Zeeland;32;Walcheren;Zuid
Zeeland;13555;20CP;20CP06;NEHALENNIA Stedelijke Scholengemeenschap voor LYC HAVO MAVO VBO LWOO;Weyevlietplein;7-13;4385 CH;VLISSINGEN;0718;VLISSINGEN;Openbaar;0118479400;www.mondia.nl;VBO;Postbus;69;4380 AB;VLISSINGEN;59;Middelburg;24;Zeeland;32;Walcheren;32;Overig Zeeland;19;Zeeland;32;Walcheren;Zuid
Zeeland;13555;20CP;20CP07;NEHALENNIA Stedelijke Scholengemeenschap voor LYC HAVO MAVO VBO LWOO;Griffioenstraat;38;4334 BK;MIDDELBURG;0687;MIDDELBURG;Openbaar;0118479400;www.mondia.nl;BRUGJAAR;Postbus;69;4380 AB;VLISSINGEN;59;Middelburg;24;Zeeland;32;Walcheren;32;Overig Zeeland;19;Zeeland;32;Walcheren;Zuid
Zeeland;40876;01HQ;01HQ00;Het Bolwerk;Teresastraat;2-A;4336 LM;MIDDELBURG;0687;MIDDELBURG;Bijzonder;0118627697;https://www.probolwerk.nl/;PRO;Teresastraat;2-A;4336 LM;MIDDELBURG;59;Middelburg;24;Zeeland;32;Walcheren;32;Overig Zeeland;19;Zeeland;32;Walcheren;Zuid
Zeeland;40876;26HF;26HF00;De Wissel;Bergweg;8;4461 NB;GOES;0664;GOES;Bijzonder;0113221017;https://www.prodewissel.nl/;PRO;Postbus;335;4460 AS;GOES;60;Goes;24;Zeeland;31;Oosterschelde regio;32;Overig Zeeland;19;Zeeland;31;Oosterschelde Regio;Zuid
Zeeland;40876;26LL;26LL00;De Sprong, hoofdlocatie;Evertsenlaan;84-A;4535 AD;TERNEUZEN;0715;TERNEUZEN;Bijzonder;0115617287;https://www.praktijkschooldesprong.nl/;PRO;Evertsenlaan;84-A;4535 AD;TERNEUZEN;62;Terneuzen;24;Zeeland;33;Zeeuwsch-Vlaanderen;31;Zeeuwsch-Vlaanderen;19;Zeeland;33;Zeeuws-Vlaanderen;Zuid
Zeeland;40876;26LL;26LL01;De Sprong, locatie Schuberthof;Schuberthof;31;4536 AL;TERNEUZEN;0715;TERNEUZEN;Bijzonder; ;https://www.praktijkschooldesprong.nl/;PRO;Evertsenlaan;84-A;4535 AD;TERNEUZEN;62;Terneuzen;24;Zeeland;33;Zeeuwsch-Vlaanderen;31;Zeeuwsch-Vlaanderen;19;Zeeland;33;Zeeuws-Vlaanderen;Zuid
Zeeland;41161;05OH;05OH00;Ostrea Lyceum voor Lyceum Havo Mavo Vbo Lwoo;Bergweg;4;4461 NB;GOES;0664;GOES;Bijzonder;0113212020;www.ostrealyceum.nl;HAVO/VWO;Postbus;444;4460 AV;GOES;60;Goes;24;Zeeland;31;Oosterschelde regio;32;Overig Zeeland;19;Zeeland;31;Oosterschelde Regio;Zuid
Zeeland;41161;05OH;05OH03;Ostrea Lyceum voor Lyceum Havo Mavo Vbo Lwoo;Fruitlaan;3;4462 EP;GOES;0664;GOES;Bijzonder;0113212020;www.ostrealyceum.nl;HAVO/VWO;Postbus;444;4460 AV;GOES;60;Goes;24;Zeeland;31;Oosterschelde regio;32;Overig Zeeland;19;Zeeland;31;Oosterschelde Regio;Zuid
Zeeland;41161;05OH;05OH07;Ostrea Lyceum voor Lyceum Havo Mavo Vbo Lwoo;'s-Heer Elsdorpweg;4;4461 WK;GOES;0664;GOES;Bijzonder;0113212020;www.ostrealyceum.nl;MAVO/HAVO/VWO;Postbus;444;4460 AV;GOES;60;Goes;24;Zeeland;31;Oosterschelde regio;32;Overig Zeeland;19;Zeeland;31;Oosterschelde Regio;Zuid
Zeeland;41161;13OR;13OR00;Het Goese Lyceum;Oranjeweg;90;4461 LR;GOES;0664;GOES;Openbaar;0113216971;www.hetgoeselyceum.nl;VBO/MAVO/HAVO/VWO;Postbus;370;4460 AT;GOES;60;Goes;24;Zeeland;31;Oosterschelde regio;32;Overig Zeeland;19;Zeeland;31;Oosterschelde Regio;Zuid
Zeeland;41161;13OR;13OR01;Het Goese Lyceum, locatie Bergweg;Bergweg;14;4461 NB;GOES;0664;GOES;Openbaar;0113212930;www.Praktiq.nl;VBO/MAVO;Postbus;370;4460 AT;GOES;60;Goes;24;Zeeland;31;Oosterschelde regio;32;Overig Zeeland;19;Zeeland;31;Oosterschelde Regio;Zuid
Zeeland;41161;13OR;13OR03;Pieter Zeeman Lyceum;Hatfieldpark;2;4301 XC;ZIERIKZEE;1676;SCHOUWEN-DUIVELAND;Openbaar;0111415751;www.pieterzeemanlyceum.nl;VBO/MAVO/HAVO/VWO/PRO;Postbus;370;4460 AT;GOES;58;Zierikzee;24;Zeeland;31;Oosterschelde regio;32;Overig Zeeland;17;Rijnmond groot;31;Oosterschelde Regio;Zuid
Zeeland;41161;32GK;32GK00;Praktiq VBO;Bergweg;14;4461 NB;GOES;0664;GOES;Overige;0113212930;www.praktiq.nl;VBO; ; ; ; ;60;Goes;24;Zeeland;31;Oosterschelde regio;32;Overig Zeeland;19;Zeeland;31;Oosterschelde Regio;Zuid
Zeeland;41815;03JY;03JY00;Calvijn College voor Reformatorisch Vmbo Havo Vwo;Klein Frankrijk;19;4461 ZN;GOES;0664;GOES;Bijzonder;0113211020;www.calvijncollege.nl;VBO/MAVO/HAVO/VWO;Postbus;362;4460 AT;GOES;60;Goes;24;Zeeland;31;Oosterschelde regio;32;Overig Zeeland;19;Zeeland;31;Oosterschelde Regio;Zuid
Zeeland;41815;03JY;03JY01;Calvijn College voor Reformatorisch Atheneum Havo Mavo Vbo Lwoo;Kruitmolenlaan;60;4337 KR;MIDDELBURG;0687;MIDDELBURG;Bijzonder;0118614873; ;VBO/MAVO;Postbus;362;4460 AT;GOES;59;Middelburg;24;Zeeland;32;Walcheren;32;Overig Zeeland;19;Zeeland;32;Walcheren;Zuid
Zeeland;41815;03JY;03JY02;Calvijn College voor Reformatorisch Atheneum Havo Mavo Vbo Lwoo;Kerkpolder;50;4413 GB;KRABBENDIJKE;0703;REIMERSWAAL;Bijzonder;0113502920; ;VBO/MAVO;Postbus;362;4460 AT;GOES;60;Goes;24;Zeeland;31;Oosterschelde regio;32;Overig Zeeland;19;Zeeland;31;Oosterschelde Regio;Zuid
Zeeland;41815;03JY;03JY03;Calvijn College voor Reformatorisch Atheneum Havo Mavo Vbo Lwoo;Zoekweg;3;4691 HT;THOLEN;0716;THOLEN;Bijzonder;0166602420; ;VBO/MAVO;Postbus;362;4460 AT;GOES;64;Bergen op Zoom;24;Zeeland;31;Oosterschelde regio;32;Overig Zeeland;20;West-Noord-Brabant;31;Oosterschelde Regio;Zuid
Zeeland;41815;03JY;03JY06;Calvijn College voor Reformatorisch Vmbo Havo Vwo;Appelstraat;4;4413 ET;KRABBENDIJKE;0703;REIMERSWAAL;Bijzonder; ; ;VBO/MAVO/PRO;Postbus;362;4460 AT;GOES;60;Goes;24;Zeeland;31;Oosterschelde regio;32;Overig Zeeland;19;Zeeland;31;Oosterschelde Regio;Zuid
Zeeland;41815;03JY;03JY07;Calvijn College voor Reformatorisch Vmbo Havo Vwo;Noordhoeklaan;88;4464 BB;GOES;0664;GOES;Bijzonder; ; ;VBO/MAVO/HAVO/VWO;Postbus;362;4460 AT;GOES;60;Goes;24;Zeeland;31;Oosterschelde regio;32;Overig Zeeland;19;Zeeland;31;Oosterschelde Regio;Zuid
Zeeland;41815;03JY;03JY08;Calvijn College voor Reformatorisch Vmbo Havo Vwo;Stationspark;25;4462 DZ;GOES;0664;GOES;Bijzonder;0113211020; ;VBO/MAVO/HAVO/VWO;Postbus;362;4460 AT;GOES;60;Goes;24;Zeeland;31;Oosterschelde regio;32;Overig Zeeland;19;Zeeland;31;Oosterschelde Regio;Zuid
Zeeland;42770;00AQ;00AQ00;Zwin College Scholengemeenschap voor Vmbo Havo Atheneum Gymnasium;Nieuwstraat;50;4501 BE;OOSTBURG;1714;SLUIS;Bijzonder;0117454555;www.zwincollege.nl;VBO/MAVO/HAVO/VWO;Postbus;32;4500 AA;OOSTBURG;61;Oostburg;24;Zeeland;33;Zeeuwsch-Vlaanderen;31;Zeeuwsch-Vlaanderen;19;Zeeland;33;Zeeuws-Vlaanderen;Zuid
Zeeland;42770;00AQ;00AQ03;Zwin College Scholengemeenschap voor Vmbo Havo Atheneum Gymnasium;Vlietstraat;11-A;4535 HA;TERNEUZEN;0715;TERNEUZEN;Bijzonder; ; ;VBO;Postbus;32;4500 AA;OOSTBURG;62;Terneuzen;24;Zeeland;33;Zeeuwsch-Vlaanderen;31;Zeeuwsch-Vlaanderen;19;Zeeland;33;Zeeuws-Vlaanderen;Zuid
Zeeland;42770;25FX;25FX00;Rooms Katholieke Scholengemeenschap Reynaert College Lyceum Havo Mavo Vbo Lwoo;Zoutestraat;61-A;4561 XA;HULST;0677;HULST;Bijzonder;0114381818;www.reynaert.nl;VBO/MAVO/HAVO/VWO;Postbus;32;4560 AA;HULST;63;Hulst;24;Zeeland;33;Zeeuwsch-Vlaanderen;31;Zeeuwsch-Vlaanderen;19;Zeeland;33;Zeeuws-Vlaanderen;Zuid
Zeeland;42770;25FX;25FX01;Rooms Katholieke Scholengemeenschap Reynaert College Lyceum Havo Mavo Vbo Lwoo;Gildenstraat;1;4561 WZ;HULST;0677;HULST;Bijzonder;0114313012; ;VBO/MAVO;Postbus;32;4560 AA;HULST;63;Hulst;24;Zeeland;33;Zeeuwsch-Vlaanderen;31;Zeeuwsch-Vlaanderen;19;Zeeland;33;Zeeuws-Vlaanderen;Zuid
Zeeland;42770;25FX;25FX03;Rooms Katholieke Scholengemeenschap Reynaert College Lyceum Havo Mavo Vbo Lwoo;Vlietstraat;11-A;4535 HA;TERNEUZEN;0715;TERNEUZEN;Bijzonder; ; ;VBO;Postbus;32;4560 AA;HULST;62;Terneuzen;24;Zeeland;33;Zeeuwsch-Vlaanderen;31;Zeeuwsch-Vlaanderen;19;Zeeland;33;Zeeuws-Vlaanderen;Zuid
Zeeland;42770;26JV;26JV00;Praktijkschool Hulst;Frederik Hendriklaan;16;4561 WE;HULST;0677;HULST;Bijzonder;0114312132; ;PRO;Postbus;18;4560 AA;HULST;63;Hulst;24;Zeeland;33;Zeeuwsch-Vlaanderen;31;Zeeuwsch-Vlaanderen;19;Zeeland;33;Zeeuws-Vlaanderen;Zuid
Zeeland;42770;31JW;31JW00;Lodewijk College voor Vwo Havo Mavo Vmbo Lwoo;Zeldenrustlaan;2;4535 GZ;TERNEUZEN;0715;TERNEUZEN;Bijzonder;0115694029;www.lodewijkcollege.nl;VBO/MAVO/HAVO/VWO;Postbus;146;4530 AC;TERNEUZEN;62;Terneuzen;24;Zeeland;33;Zeeuwsch-Vlaanderen;31;Zeeuwsch-Vlaanderen;19;Zeeland;33;Zeeuws-Vlaanderen;Zuid
Zeeland;42770;31JW;31JW01;Lodewijk College voor Vwo Havo Mavo Vmbo Lwoo;Oude Vaart;1;4537 CD;TERNEUZEN;0715;TERNEUZEN;Bijzonder; ;www.lodewijkcollege.nl;VBO/MAVO/HAVO/VWO;Postbus;146;4530 AC;TERNEUZEN;62;Terneuzen;24;Zeeland;33;Zeeuwsch-Vlaanderen;31;Zeeuwsch-Vlaanderen;19;Zeeland;33;Zeeuws-Vlaanderen;Zuid
Zeeland;42770;31JW;31JW02;Lodewijk College voor Vwo Havo Mavo Vmbo Lwoo;Vlietstraat;11-A;4535 HA;TERNEUZEN;0715;TERNEUZEN;Bijzonder; ; ;VBO;Postbus;146;4530 AC;TERNEUZEN;62;Terneuzen;24;Zeeland;33;Zeeuwsch-Vlaanderen;31;Zeeuwsch-Vlaanderen;19;Zeeland;33;Zeeuws-Vlaanderen;Zuid
Zuid-Holland;20074;32MD;32MD00;Novum Saeculum Gouda;Antwerpseweg;1;2803 PB;GOUDA;0513;GOUDA;Overige;0685478811;www.novumlyceum.nl;MAVO;Jacob Schorerlaan;50;2525 ZA;'S-GRAVENHAGE;51;Gouda;21;Rijn-Gouwe;27;Zuid-Holland-Oost;28;Oost-Zuid-Holland;16;Noord-Zuid-Holland;27;Zuid-Holland-Oost;Midden
Zuid-Holland;20151;04IK;04IK00;Accent Praktijkonderwijs Centrum;Vijverhofstraat;97;3032 SH;ROTTERDAM;0599;ROTTERDAM;Bijzonder;0104651036;www.cvoaccent.nl;PRO;Vijverhofstraat;97;3032 SH;ROTTERDAM;54;Rotterdam;23;Rijnmond;29;Rijnmond;29;Groot-Rijnmond;17;Rijnmond groot;29;Rijnmond;Midden
Zuid-Holland;20151;07HF;07HF00;Accent Praktijkonderwijs Delfshaven;Japarastraat;4;3029 NA;ROTTERDAM;0599;ROTTERDAM;Bijzonder;0104155828;www.cvoaccent.nl;PRO;Japarastraat;4;3029 NA;ROTTERDAM;54;Rotterdam;23;Rijnmond;29;Rijnmond;29;Groot-Rijnmond;17;Rijnmond groot;29;Rijnmond;Midden
Zuid-Holland;20151;14QT;14QT00;Marnix Gymnasium;Essenburgsingel;58;3022 EA;ROTTERDAM;0599;ROTTERDAM;Bijzonder;0102445044;www.marnixgymnasium.nl;VWO;Essenburgsingel;58;3022 EA;ROTTERDAM;54;Rotterdam;23;Rijnmond;29;Rijnmond;29;Groot-Rijnmond;17;Rijnmond groot;29;Rijnmond;Midden
Zuid-Holland;20151;14QT;14QT01;Marnix Gymnasium;Henegouwerplein;16;3021 PM;ROTTERDAM;0599;ROTTERDAM;Bijzonder; ; ;VWO;Essenburgsingel;58;3022 EA;ROTTERDAM;54;Rotterdam;23;Rijnmond;29;Rijnmond;29;Groot-Rijnmond;17;Rijnmond groot;29;Rijnmond;Midden
Zuid-Holland;20151;16PK;16PK00;Portus Scholengroep vwo havo mavo vmbo lwoo, locatie Meridiem;Marathonstraat;3;3078 XX;ROTTERDAM;0599;ROTTERDAM;Bijzonder;0104195772;www.portusscholengroep.nl;VBO/MAVO/HAVO;Postbus;57613;3008 BP;ROTTERDAM;54;Rotterdam;23;Rijnmond;29;Rijnmond;29;Groot-Rijnmond;17;Rijnmond groot;29;Rijnmond;Midden
Zuid-Holland;20151;16PK;16PK05;Portus Scholengroep vwo havo mavo vmbo Iwoo locatie Zuidermavo;Fichtestraat;3;3076 RA;ROTTERDAM;0599;ROTTERDAM;Bijzonder;0104195772;https://zuidermavo.cvo-portus.nl/;BRUGJAAR;Fichtestraat;3;3076 RA;ROTTERDAM;54;Rotterdam;23;Rijnmond;29;Rijnmond;29;Groot-Rijnmond;17;Rijnmond groot;29;Rijnmond;Midden
Zuid-Holland;20151;16PK;16PK07;Portus Scholengroep vwo havo mavo vmbo Iwoo, locatie Juliana MAVO;Talingstraat;6;3082 MH;ROTTERDAM;0599;ROTTERDAM;Bijzonder;0104290955;www.portusscholengroep.nl;VBO/MAVO;Postbus;55195;3008 ED;ROTTERDAM;54;Rotterdam;23;Rijnmond;29;Rijnmond;29;Groot-Rijnmond;17;Rijnmond groot;29;Rijnmond;Midden
Zuid-Holland;20151;16PK;16PK10;Portus Scholengroep vwo havo mavo vmbo Iwoo, locatie Juliana HAVO;Grift;30;3075 SB;ROTTERDAM;0599;ROTTERDAM;Bijzonder;0104290955;www.portusscholengroep.nl;VBO/MAVO/HAVO/VWO;Postbus;5111;3008 AC;ROTTERDAM;54;Rotterdam;23;Rijnmond;29;Rijnmond;29;Groot-Rijnmond;17;Rijnmond groot;29;Rijnmond;Midden
Zuid-Holland;20151;16PK;16PK12;Portus Scholengroep vwo havo mavo vmbo lwoo;Groene Hilledijk;315;3075 EA;ROTTERDAM;0599;ROTTERDAM;Bijzonder; ; ;VWO;Postbus;91014;3007 MA;ROTTERDAM;54;Rotterdam;23;Rijnmond;29;Rijnmond;29;Groot-Rijnmond;17;Rijnmond groot;29;Rijnmond;Midden
Zuid-Holland;20151;18CH;18CH00;Melanchthon Christelijke Scholengroep voor gymnasium atheneum havo en vmbo;Van Bijnkershoekweg;97;3052 PB;ROTTERDAM;0599;ROTTERDAM;Bijzonder;0104767300;www.melanchthon.nl;VBO/MAVO/HAVO/VWO;Postbus;37138;3005 LC;ROTTERDAM;54;Rotterdam;23;Rijnmond;29;Rijnmond;29;Groot-Rijnmond;17;Rijnmond groot;29;Rijnmond;Midden
Zuid-Holland;20151;18CH;18CH02;Melanchthon Christelijke Scholengroep voor gymnasium atheneum havo en vmbo;Wilgenplaslaan;194;3052 SL;ROTTERDAM;0599;ROTTERDAM;Bijzonder;0104183660;www.melanchthon.nl;VBO/MAVO;Postbus;33160;3005 ED;ROTTERDAM;54;Rotterdam;23;Rijnmond;29;Rijnmond;29;Groot-Rijnmond;17;Rijnmond groot;29;Rijnmond;Midden
Zuid-Holland;20151;18CH;18CH03;Melanchthon Christelijke Scholengroep voor gymnasium atheneum havo en vmbo;Molenvijver;19;3052 HA;ROTTERDAM;0599;ROTTERDAM;Bijzonder;0104188982;www.melanchthon.nl;VBO/MAVO;Postbus;37138;3005 LC;ROTTERDAM;54;Rotterdam;23;Rijnmond;29;Rijnmond;29;Groot-Rijnmond;17;Rijnmond groot;29;Rijnmond;Midden
Zuid-Holland;20151;18CH;18CH08;Melanchthon Christelijke Scholengroep voor gymnasium atheneum havo en vmbo;Henegouwerplein;16;3021 PM;ROTTERDAM;0599;ROTTERDAM;Bijzonder;0104767300;www.melanchthon.nl;HAVO/VWO;Postbus;28211;3003 KE;ROTTERDAM;54;Rotterdam;23;Rijnmond;29;Rijnmond;29;Groot-Rijnmond;17;Rijnmond groot;29;Rijnmond;Midden
Zuid-Holland;20151;18CH;18CH09;Melanchthon Christelijke Scholengroep voor gymnasium atheneum havo en vmbo;Vredenoordplein;60;3061 PX;ROTTERDAM;0599;ROTTERDAM;Bijzonder;0104526138;www.melanchthon.nl;VBO/MAVO;Postbus;4269;3006 AG;ROTTERDAM;54;Rotterdam;23;Rijnmond;29;Rijnmond;29;Groot-Rijnmond;17;Rijnmond groot;29;Rijnmond;Midden
Zuid-Holland;20151;19GY;19GY00;Comenius Chr. Scholengrp. voor vwo havo mavo vbo lwoo, loc. Capelle a/d IJssel;Lijstersingel;2-18;2902 JD;CAPELLE AAN DEN IJSSEL;0502;CAPELLE AAN DEN IJSSEL;Bijzonder;0104595959;www.comenius.nl;VBO/MAVO/HAVO/VWO;Postbus;797;2900 AT;CAPELLE AAN DEN IJSSEL;54;Rotterdam;23;Rijnmond;29;Rijnmond;29;Groot-Rijnmond;17;Rijnmond groot;29;Rijnmond;Midden
Zuid-Holland;20151;19GY;19GY04;Comenius Chr. Scholengrp. voor vwo havo vmbo lwoo, loc. Krimpen a/d IJssel;Boezemdreef;1;2922 BA;KRIMPEN AAN DEN IJSSEL;0542;KRIMPEN AAN DEN IJSSEL;Bijzonder;0180591500;www.comenius.nl;VBO/MAVO;Postbus;797;2900 AT;CAPELLE AAN DEN IJSSEL;54;Rotterdam;23;Rijnmond;29;Rijnmond;29;Groot-Rijnmond;17;Rijnmond groot;29;Rijnmond;Midden
Zuid-Holland;20151;19GY;19GY05;Comenius Chr. Scholengrp. voor vwo havo vmbo lwoo, loc. Rotterdam;Kromhoutstraat;1-7;3067 AE;ROTTERDAM;0599;ROTTERDAM;Bijzonder;0102862422;www.comenius.nl;VBO/MAVO;Postbus;797;2900 AT;CAPELLE AAN DEN IJSSEL;54;Rotterdam;23;Rijnmond;29;Rijnmond;29;Groot-Rijnmond;17;Rijnmond groot;29;Rijnmond;Midden
Zuid-Holland;20151;19GY;19GY06;Comenius Chr. Scholengrp. voor vwo havo vmbo lwoo, loc. Nieuwerkerk a/d IJssel;Fresiaveld;20;2914 PN;NIEUWERKERK AD IJSSEL;1892;ZUIDPLAS;Bijzonder;0180440470;www.comenius.nl;VBO/MAVO;Postbus;797;2900 AT;CAPELLE AAN DEN IJSSEL;54;Rotterdam;21;Rijn-Gouwe;27;Zuid-Holland-Oost;29;Groot-Rijnmond;17;Rijnmond groot;27;Zuid-Holland-Oost;Midden
Zuid-Holland;20151;19GY;19GY08;Comenius Chr. Scholengrp. voor vwo havo vmbo lwoo, loc. De Meerpaal Rotterdam;Kreeftstraat;44;3067 JV;ROTTERDAM;0599;ROTTERDAM;Bijzonder;0102861313;https://vmbo-demeerpaal.nl/;VBO/MAVO/HAVO;Kreeftstraat;44;3067 JV;ROTTERDAM;54;Rotterdam;23;Rijnmond;29;Rijnmond;29;Groot-Rijnmond;17;Rijnmond groot;29;Rijnmond;Midden
Zuid-Holland;20151;20AM;20AM00;Portus Scholengroep Farelcollege vwo havo mavo vmbo Iwoo;Kastanjelaan;50;2982 CM;RIDDERKERK;0597;RIDDERKERK;Bijzonder;0180411777;https://farelcollege.cvo-portus.nl/;VBO/MAVO/HAVO/VWO/PRO;Postbus;163;2980 AD;RIDDERKERK;54;Rotterdam;23;Rijnmond;29;Rijnmond;29;Groot-Rijnmond;17;Rijnmond groot;29;Rijnmond;Midden
Zuid-Holland;20151;20AM;20AM04;Portus Scholengroep Farelcollege vwo havo mavo vmbo Iwoo, loc. Maximacollege;Margriete van Comenestr;4;2982 PH;RIDDERKERK;0597;RIDDERKERK;Bijzonder;0180530100;https://www.maximacollege.nl/;PRO; ; ; ; ;54;Rotterdam;23;Rijnmond;29;Rijnmond;29;Groot-Rijnmond;17;Rijnmond groot;29;Rijnmond;Midden
Zuid-Holland;20151;20AM;20AM05;Portus Scholengroep Farelcollege vwo havo mavo vmbo Iwoo;Platanenstraat;6;2982 CR;RIDDERKERK;0597;RIDDERKERK;Bijzonder; ; ;VBO; ; ; ; ;54;Rotterdam;23;Rijnmond;29;Rijnmond;29;Groot-Rijnmond;17;Rijnmond groot;29;Rijnmond;Midden
Zuid-Holland;20151;20FR;20FR00;Scholengroep Penta voor gymnasium atheneum havo mavo vmbo lwoo;Curieweg;25;3208 KJ;SPIJKENISSE;1930;NISSEWAARD;Bijzonder;0181617588;www.scalamw.penta.nl;VBO/MAVO/HAVO/VWO;Postbus;104;3200 AC;SPIJKENISSE;54;Rotterdam;23;Rijnmond;29;Rijnmond;29;Groot-Rijnmond;17;Rijnmond groot;29;Rijnmond;Midden
Zuid-Holland;20151;20FR;20FR02;Scholengroep Penta voor gym ath havo mavo lwoo, loc. Rietvelden;C. Villeriuslaan;4;3201 KV;SPIJKENISSE;1930;NISSEWAARD;Bijzonder;0181616722;www.rv.penta.nl;VBO/MAVO/HAVO/VWO;C. Villeriuslaan;4;3201 KV;SPIJKENISSE;54;Rotterdam;23;Rijnmond;29;Rijnmond;29;Groot-Rijnmond;17;Rijnmond groot;29;Rijnmond;Midden
Zuid-Holland;20151;20FR;20FR04;Scholengroep Penta voor gym ath havo mavo lwoo, loc. Hoogvliet;Elritsstraat;11;3192 CE;HOOGVLIET ROTTERDAM;0599;ROTTERDAM;Bijzonder;0102950666;www.hv.penta.nl;VBO/MAVO;Elritsstraat;11;3192 CE;HOOGVLIET ROTTERDAM;54;Rotterdam;23;Rijnmond;29;Rijnmond;29;Groot-Rijnmond;17;Rijnmond groot;29;Rijnmond;Midden
Zuid-Holland;20151;20FR;20FR07;Scholengroep Penta voor gym ath havo mavo lwoo, loc. Rozenburg;Sparregat;1;3181 AZ;ROZENBURG ZH;0599;ROTTERDAM;Bijzonder;0181212693;www.rb.penta.nl;VBO/MAVO/HAVO;Sparregat;1;3181 AZ;ROZENBURG ZH;54;Rotterdam;23;Rijnmond;29;Rijnmond;29;Groot-Rijnmond;17;Rijnmond groot;29;Rijnmond;Midden
Zuid-Holland;20151;20FR;20FR08;Scholengroep Penta voor gym ath havo mavo vmbo lwoo, loc. Bahûrim;Mgr Smitstraat;3;3232 BN;BRIELLE;1992;VOORNE AAN ZEE;Bijzonder;0181413789;www.bm.penta.nl;VBO/MAVO;Mgr Smitstraat;3;3232 BN;BRIELLE;56;Brielle;23;Rijnmond;29;Rijnmond;29;Groot-Rijnmond;17;Rijnmond groot;29;Rijnmond;Midden
Zuid-Holland;20151;20FR;20FR12;Scholengroep PENTA voor gym ath havo mavo vmbo lwoo, loc Charles de Foucauld;Lisstraat;13;3202 JG;SPIJKENISSE;1930;NISSEWAARD;Bijzonder;0181614583;WWW.CDFMAVO.NL;VBO/MAVO;Postbus;104;3200 AC;SPIJKENISSE;54;Rotterdam;23;Rijnmond;29;Rijnmond;29;Groot-Rijnmond;17;Rijnmond groot;29;Rijnmond;Midden
Zuid-Holland;20151;20FR;20FR13;Scholengroep Penta voor gym ath havo mavo vmbo lwoo, loc. PentAgora;Curieweg;25-A;3208 KJ;SPIJKENISSE;1930;NISSEWAARD;Bijzonder;0625501619;agora.penta.nl;VBO/MAVO/HAVO/VWO;Curieweg;25-A;3208 KJ;SPIJKENISSE;54;Rotterdam;23;Rijnmond;29;Rijnmond;29;Groot-Rijnmond;17;Rijnmond groot;29;Rijnmond;Midden
Zuid-Holland;20151;26HR;26HR00;Accent Praktijkonderwijs Capelle;Wisselspoor;2;2908 AC;CAPELLE AAN DEN IJSSEL;0502;CAPELLE AAN DEN IJSSEL;Bijzonder;0102271181;www.cvoaccent.nl;PRO;Wisselspoor;2;2908 AC;CAPELLE AAN DEN IJSSEL;54;Rotterdam;23;Rijnmond;29;Rijnmond;29;Groot-Rijnmond;17;Rijnmond groot;29;Rijnmond;Midden
Zuid-Holland;20151;28DF;28DF00;Accent praktijkonderwijs Hoogvliet;Max Havelaarweg;53;3193 VA;HOOGVLIET ROTTERDAM;0599;ROTTERDAM;Bijzonder;0102095503; ;PRO;Max Havelaarweg;53;3193 VA;HOOGVLIET ROTTERDAM;54;Rotterdam;23;Rijnmond;29;Rijnmond;29;Groot-Rijnmond;17;Rijnmond groot;29;Rijnmond;Midden
Zuid-Holland;20151;31CG;31CG00;Melanchthon Christelijke Scholengroep voor gymnasium atheneum havo en vmbo;Hoekeindseweg;7-A;2665 KA;BLEISWIJK;1621;LANSINGERLAND;Bijzonder;0104767300;www.melanchthon.nl;VBO/MAVO/HAVO;Hoekeindseweg;7-A;2665 KA;BLEISWIJK;54;Rotterdam;23;Rijnmond;29;Rijnmond;29;Groot-Rijnmond;17;Rijnmond groot;29;Rijnmond;Midden
Zuid-Holland;20151;31CG;31CG01;Melanchthon Christelijke Scholengroep voor gymnasium atheneum havo en vmbo;Wilgenlei;2-B;2665 KN;BLEISWIJK;1621;LANSINGERLAND;Bijzonder;0104767300;www.melanchthon.nl;VBO/MAVO;Wilgenlei;2-B;2665 KN;BLEISWIJK;54;Rotterdam;23;Rijnmond;29;Rijnmond;29;Groot-Rijnmond;17;Rijnmond groot;29;Rijnmond;Midden
Zuid-Holland;20151;31CG;31CG02;Melanchthon Christelijke Scholengroep voor gymnasium atheneum havo en vmbo;De Zijde;3;2662 EB;BERGSCHENHOEK;1621;LANSINGERLAND;Bijzonder;0104767300;www.melanchthon.nl;HAVO/VWO;De Zijde;3;2662 EB;BERGSCHENHOEK;54;Rotterdam;23;Rijnmond;29;Rijnmond;29;Groot-Rijnmond;17;Rijnmond groot;29;Rijnmond;Midden
Zuid-Holland;20151;31CG;31CG03;Melanchthon Christelijke Scholengroep voor gymnasium atheneum havo en vmbo;Myra Wardsingel;50;2652 LA;BERKEL EN RODENRIJS;1621;LANSINGERLAND;Bijzonder;0104767300;www.melanchthon.nl;VBO;Myra Wardsingel;50;2652 LA;BERKEL EN RODENRIJS;54;Rotterdam;23;Rijnmond;29;Rijnmond;29;Groot-Rijnmond;17;Rijnmond groot;29;Rijnmond;Midden
Zuid-Holland;20151;31CH;31CH00;Scholengroep Penta voor gymnasium atheneum havo mavo vmbo lwoo;Fazantenlaan;2;3222 AM;HELLEVOETSLUIS;1992;VOORNE AAN ZEE;Bijzonder;0181316866;www.jl.penta.nl;VBO/MAVO/HAVO/VWO;Fazantenlaan;2;3222 AM;HELLEVOETSLUIS;56;Brielle;23;Rijnmond;29;Rijnmond;29;Groot-Rijnmond;17;Rijnmond groot;29;Rijnmond;Midden
Zuid-Holland;20151;31CH;31CH01;Scholengroep Penta voor gym ath havo mavo vmbo lwoo, loc. De Oude Maas;De Ritte;2;3201 LE;SPIJKENISSE;1930;NISSEWAARD;Bijzonder;0181623400;www.om.penta.nl;VBO/MAVO;Postbus;5;3200 AA;SPIJKENISSE;54;Rotterdam;23;Rijnmond;29;Rijnmond;29;Groot-Rijnmond;17;Rijnmond groot;29;Rijnmond;Midden
Zuid-Holland;20151;31EX;31EX00;Portus Scholengroep Groene Hart lwoo, vbo, mavo, havo en vwo;Haarspitwei;11;2992 ZB;BARENDRECHT;0489;BARENDRECHT;Bijzonder;0180390393;https://groenehart.cvo-portus.nl/;VBO/MAVO/HAVO/VWO;Postbus;13;2990 AA;BARENDRECHT;54;Rotterdam;23;Rijnmond;29;Rijnmond;29;Groot-Rijnmond;17;Rijnmond groot;29;Rijnmond;Midden
Zuid-Holland;20151;31EX;31EX01;Portus Scholengroep Groene Hart lwoo, vbo, mavo, havo en vwo, loc. Focus;Dierensteinweg;4-4A;2991 XJ;BARENDRECHT;0489;BARENDRECHT;Bijzonder;0180613900;www.calvijn.nl;VBO;Postbus;89;2990 AB;BARENDRECHT;54;Rotterdam;23;Rijnmond;29;Rijnmond;29;Groot-Rijnmond;17;Rijnmond groot;29;Rijnmond;Midden
Zuid-Holland;20151;31RY;31RY00;Zuider Gymnasium;Groene Hilledijk;493;3075 EA;ROTTERDAM;0599;ROTTERDAM;Bijzonder;0104190077;zuidergymnasium.calvijn.nl;VWO;Groene Hilledijk;493;3075 EA;ROTTERDAM;54;Rotterdam;23;Rijnmond;29;Rijnmond;29;Groot-Rijnmond;17;Rijnmond groot;29;Rijnmond;Midden
Zuid-Holland;20151;32GL;32GL00;Melanchthon Christelijke Scholengroep voor gymnasium atheneum havo en vmbo;De Zijde;3;2662 EB;BERGSCHENHOEK;1621;LANSINGERLAND;Samenwerking PC, Alg. Bijz.;0102492260;https://www.melanchthon.nl/bergschenhoek;VBO/MAVO/HAVO/VWO;De Zijde;3;2662 EB;BERGSCHENHOEK;54;Rotterdam;23;Rijnmond;29;Rijnmond;29;Groot-Rijnmond;17;Rijnmond groot;29;Rijnmond;Midden
Zuid-Holland;20281;02DZ;02DZ00;Stanislascollege Delft voor RK vmbo havo atheneum en gymnasium;Westplantsoen;71;2613 GK;DELFT;0503;DELFT;Bijzonder;0157506050;https://www.stanislascollege.nl/;HAVO/VWO;Westplantsoen;71;2613 GK;DELFT;50;Delft;22;Haaglanden;28;Haaglanden;27;Delft en Westland;16;Noord-Zuid-Holland;28;Haaglanden/Westland;Midden
Zuid-Holland;20281;02DZ;02DZ02;Stanislascollege Delft voor RK vmbo havo atheneum en gymnasium;Krakeelpolderweg;1;2613 NV;DELFT;0503;DELFT;Bijzonder;0157506020;www.stanislascollege.nl/krakeelpolderweg;VBO/MAVO;Westplantsoen;71;2613 GK;DELFT;50;Delft;22;Haaglanden;28;Haaglanden;27;Delft en Westland;16;Noord-Zuid-Holland;28;Haaglanden/Westland;Midden
Zuid-Holland;20281;02DZ;02DZ04;Stanislascollege Delft voor RK vmbo havo atheneum en gymnasium - SCDD;Reinier de Graafpad;1;2625 DT;DELFT;0503;DELFT;Bijzonder;0157506040;www.stanislascollege.nl/dalton-delft;VBO/MAVO/HAVO;Westplantsoen;71;2613 GK;DELFT;50;Delft;22;Haaglanden;28;Haaglanden;27;Delft en Westland;16;Noord-Zuid-Holland;28;Haaglanden/Westland;Midden
Zuid-Holland;20281;02DZ;02DZ10;Stanislascollege Delft voor RK vmbo havo atheneum en gymnasium - ISDS;Prins Bernhardlaan;5-C;2628 BW;DELFT;0503;DELFT;Bijzonder;0158200208;www.internationalschooldelft.nl;HAVO/VWO;Westplantsoen;71;2613 GK;DELFT;50;Delft;22;Haaglanden;28;Haaglanden;27;Delft en Westland;16;Noord-Zuid-Holland;28;Haaglanden/Westland;Midden
Zuid-Holland;20281;02GJ;02GJ00;Christelijk College De Populier voor vwo, havo, mavo;Populierstraat;109;2565 MK;'S-GRAVENHAGE;0518;S GRAVENHAGE;Bijzonder;0703648808;www.depopulier.nl;MAVO/HAVO/VWO;Populierstraat;109;2565 MK;'S-GRAVENHAGE;49;'s-Gravenhage;22;Haaglanden;28;Haaglanden;26;Agglomeratie 's-Gravenhage;16;Noord-Zuid-Holland;28;Haaglanden/Westland;Midden
Zuid-Holland;20281;02GJ;02GJ01;Christelijk College De Populier voor vwo, havo, mavo;Dunklerstraat;7;2517 SW;'S-GRAVENHAGE;0518;S GRAVENHAGE;Bijzonder; ; ;MAVO/HAVO/VWO;Populierstraat;109;2565 MK;'S-GRAVENHAGE;49;'s-Gravenhage;22;Haaglanden;28;Haaglanden;26;Agglomeratie 's-Gravenhage;16;Noord-Zuid-Holland;28;Haaglanden/Westland;Midden
Zuid-Holland;20281;04NF;04NF00;Hofstede College voor bijzonder Praktijkonderwijs;Droogscheerdersgaarde;70;2542 BK;'S-GRAVENHAGE;0518;S GRAVENHAGE;Bijzonder;0703676233;https://hofstedecollege.nl/;PRO;Droogscheerdersgaarde;70;2542 BK;'S-GRAVENHAGE;49;'s-Gravenhage;22;Haaglanden;28;Haaglanden;26;Agglomeratie 's-Gravenhage;16;Noord-Zuid-Holland;28;Haaglanden/Westland;Midden
Zuid-Holland;20281;14TA;14TA00;Christelijk Lyceum Zandvliet voor Lyceum en Havo;Bezuidenhoutseweg;40;2594 AW;'S-GRAVENHAGE;0518;S GRAVENHAGE;Bijzonder;0703851902;https://www.chrlyceumzandvliet.nl/;HAVO/VWO;Bezuidenhoutseweg;40;2594 AW;'S-GRAVENHAGE;49;'s-Gravenhage;22;Haaglanden;28;Haaglanden;26;Agglomeratie 's-Gravenhage;16;Noord-Zuid-Holland;28;Haaglanden/Westland;Midden
Zuid-Holland;20281;17HR;17HR00;Hofstad VO voor bijzonder vwo, havo, mavo, vmbo;Albardastraat;13-S;2555 XP;'S-GRAVENHAGE;0518;S GRAVENHAGE;Bijzonder;0703971541;https://yescollege.nl;VBO/MAVO/HAVO;Diamanthorst;183;2592 GD;'S-GRAVENHAGE;49;'s-Gravenhage;22;Haaglanden;28;Haaglanden;26;Agglomeratie 's-Gravenhage;16;Noord-Zuid-Holland;28;Haaglanden/Westland;Midden
Zuid-Holland;20281;17HR;17HR02;Hofstad VO voor bijzonder vwo, havo, mavo, vmbo - Hofstad Lyceum;Colijnplein;9;2555 HA;'S-GRAVENHAGE;0518;S GRAVENHAGE;Bijzonder;0703687670;www.hofstadlyceum.nl;HAVO/VWO;Diamanthorst;183;2592 GD;'S-GRAVENHAGE;49;'s-Gravenhage;22;Haaglanden;28;Haaglanden;26;Agglomeratie 's-Gravenhage;16;Noord-Zuid-Holland;28;Haaglanden/Westland;Midden
Zuid-Holland;20281;17HR;17HR05;Hofstad VO voor bijzonder vwo, havo, mavo, vmbo - Heldring Business School;Morsestraat;1;2517 RZ;'S-GRAVENHAGE;0518;S GRAVENHAGE;Bijzonder;0703600589;www.heldringbusinessschool.nl;VBO/MAVO;Diamanthorst;183;2592 GD;'S-GRAVENHAGE;49;'s-Gravenhage;22;Haaglanden;28;Haaglanden;26;Agglomeratie 's-Gravenhage;16;Noord-Zuid-Holland;28;Haaglanden/Westland;Midden
Zuid-Holland;20281;20MM;20MM00;Lucas VO Den Haag Zuid-West voor algemeen bijzonder vwo, havo, mavo, vmbo;Beresteinlaan;627;2542 JR;'S-GRAVENHAGE;0518;S GRAVENHAGE;Bijzonder;0703089898;www.zuidwestcollege.nl;VBO/MAVO;Beresteinlaan;627;2542 JR;'S-GRAVENHAGE;49;'s-Gravenhage;22;Haaglanden;28;Haaglanden;26;Agglomeratie 's-Gravenhage;16;Noord-Zuid-Holland;28;Haaglanden/Westland;Midden
Zuid-Holland;20281;20MM;20MM01;Lucas VO Den Haag Zuid-West voor algemeen bijzonder vwo, havo, mavo, vmbo - WVC;Missouri;1;2548 HT;'S-GRAVENHAGE;0518;S GRAVENHAGE;Bijzonder;0703089887;www.wateringseveldcollege.nl;VBO/MAVO/HAVO/VWO;Missouri;1;2548 HT;'S-GRAVENHAGE;49;'s-Gravenhage;22;Haaglanden;28;Haaglanden;26;Agglomeratie 's-Gravenhage;16;Noord-Zuid-Holland;28;Haaglanden/Westland;Midden
Zuid-Holland;20281;20MM;20MM06;Lucas VO Den Haag Zuid-West voor algemeen bijzonder vwo, havo, mavo, vmbo - RVC;Roemer Visscherstraat;106;2533 VG;'S-GRAVENHAGE;0518;S GRAVENHAGE;Bijzonder;0703089881;www.roemervisschercollege.nl;VBO/MAVO;Roemer Visscherstraat;106;2533 VG;'S-GRAVENHAGE;49;'s-Gravenhage;22;Haaglanden;28;Haaglanden;26;Agglomeratie 's-Gravenhage;16;Noord-Zuid-Holland;28;Haaglanden/Westland;Midden
Zuid-Holland;20281;20MM;20MM09;Lucas VO Den Haag Zuid-West voor algemeen bijzonder vwo, havo, mavo, vmbo;Droogscheerdersgaarde;70;2542 BK;'S-GRAVENHAGE;0518;S GRAVENHAGE;Bijzonder; ; ;VBO/MAVO; ; ; ; ;49;'s-Gravenhage;22;Haaglanden;28;Haaglanden;26;Agglomeratie 's-Gravenhage;16;Noord-Zuid-Holland;28;Haaglanden/Westland;Midden
Zuid-Holland;20281;21GU;21GU00;Esloo VO voor bijzonder vwo havo mavo vmbo pro;Louis Couperusplein;33;2514 HP;'S-GRAVENHAGE;0518;S GRAVENHAGE;Bijzonder;0707002600;www.edithsteincollege.nl;VBO/MAVO/HAVO/VWO;Diamanthorst;183;2592 GD;'S-GRAVENHAGE;49;'s-Gravenhage;22;Haaglanden;28;Haaglanden;26;Agglomeratie 's-Gravenhage;16;Noord-Zuid-Holland;28;Haaglanden/Westland;Midden
Zuid-Holland;20281;21GU;21GU04;Esloo VO voor bijzonder vwo, havo, mavo, vmbo, pro - Corbulo College;v T v Serooskerkenstr;2;2273 CB;VOORBURG;1916;LEIDSCHENDAM-VOORBURG;Bijzonder;0703873630;www.corbulocollege.nl;VBO/MAVO;Diamanthorst;183;2592 GD;'S-GRAVENHAGE;49;'s-Gravenhage;22;Haaglanden;28;Haaglanden;26;Agglomeratie 's-Gravenhage;16;Noord-Zuid-Holland;28;Haaglanden/Westland;Midden
Zuid-Holland;20281;21GU;21GU06;Esloo VO voor bijzonder vwo, havo, mavo, vmbo, pro - Diamant College;Diamanthorst;183;2592 GD;'S-GRAVENHAGE;0518;S GRAVENHAGE;Bijzonder;0707002400;www.diamantcollege.nl;VBO/MAVO/PRO;Diamanthorst;183;2592 GD;'S-GRAVENHAGE;49;'s-Gravenhage;22;Haaglanden;28;Haaglanden;26;Agglomeratie 's-Gravenhage;16;Noord-Zuid-Holland;28;Haaglanden/Westland;Midden
Zuid-Holland;20281;21GU;21GU07;Esloo VO voor bijzonder vwo, havo, mavo, vmbo, pro - Montaigne Lyceum;Kiekendiefstraat;25;2496 RP;'S-GRAVENHAGE;0518;S GRAVENHAGE;Bijzonder;0153619140;www.montaignelyceum.nl;VBO/MAVO/HAVO/VWO;Diamanthorst;183;2592 GD;'S-GRAVENHAGE;49;'s-Gravenhage;22;Haaglanden;28;Haaglanden;26;Agglomeratie 's-Gravenhage;16;Noord-Zuid-Holland;28;Haaglanden/Westland;Midden
Zuid-Holland;20281;21GU;21GU08;Esloo VO voor bijzonder vwo, havo, mavo, vmbo, pro - St. Paul;Isabellaland;259;2591 SG;'S-GRAVENHAGE;0518;S GRAVENHAGE;Bijzonder;0707002300;www.collegestpaul.nl;VBO/MAVO;Diamanthorst;183;2592 GD;'S-GRAVENHAGE;49;'s-Gravenhage;22;Haaglanden;28;Haaglanden;26;Agglomeratie 's-Gravenhage;16;Noord-Zuid-Holland;28;Haaglanden/Westland;Midden
Zuid-Holland;20281;21GU;21GU09;Esloo VO voor bijzonder vwo, havo, mavo, vmbo, pro  - Esloo College;Noordpolderkade;167;2516 JE;'S-GRAVENHAGE;0518;S GRAVENHAGE;Bijzonder;0707002500;www.esloocollege.nl;PRO;Diamanthorst;183;2592 GD;'S-GRAVENHAGE;49;'s-Gravenhage;22;Haaglanden;28;Haaglanden;26;Agglomeratie 's-Gravenhage;16;Noord-Zuid-Holland;28;Haaglanden/Westland;Midden
Zuid-Holland;20281;21GU;21GU11;Esloo VO voor bijzonder vwo, havo, mavo, vmbo, pro - Odevaer College;Saffierhorst;105;2592 GK;'S-GRAVENHAGE;0518;S GRAVENHAGE;Bijzonder;0707002000; ;BRUGJAAR;Diamanthorst;183;2592 GD;'S-GRAVENHAGE;49;'s-Gravenhage;22;Haaglanden;28;Haaglanden;26;Agglomeratie 's-Gravenhage;16;Noord-Zuid-Holland;28;Haaglanden/Westland;Midden
Zuid-Holland;20281;21GU;21GU12;Esloo VO voor bijzonder vwo, havo, mavo, vmbo, pro - John Dewey College;Mercuriusweg;1;2516 AW;'S-GRAVENHAGE;0518;S GRAVENHAGE;Overige;0707002950;https://johndeweycollege.nl/;VBO/MAVO/HAVO/VWO;Mercuriusweg;1;2516 AW;'S-GRAVENHAGE;49;'s-Gravenhage;22;Haaglanden;28;Haaglanden;26;Agglomeratie 's-Gravenhage;16;Noord-Zuid-Holland;28;Haaglanden/Westland;Midden
Zuid-Holland;20281;21HC;21HC00;Interconfessionele Scholengroep Westland voor Lyceum Havo Mavo Vbo Lwoo PrO;Professor Holwerdalaan;54;2672 LD;NAALDWIJK;1783;WESTLAND;Bijzonder;0174628961;www.isw.info;VBO/MAVO/HAVO/VWO;Postbus;114;2670 AC;NAALDWIJK;49;'s-Gravenhage;22;Haaglanden;28;Haaglanden;27;Delft en Westland;16;Noord-Zuid-Holland;28;Haaglanden/Westland;Midden
Zuid-Holland;20281;21HC;21HC01;Interconfessionele Scholengroep Westland voor Lyc Havo Mavo Vbo Lwoo PrO;Hoge Woerd;2;2671 DG;NAALDWIJK;1783;WESTLAND;Bijzonder;0174620943; ;VBO;Postbus;110;2670 AC;NAALDWIJK;49;'s-Gravenhage;22;Haaglanden;28;Haaglanden;27;Delft en Westland;16;Noord-Zuid-Holland;28;Haaglanden/Westland;Midden
Zuid-Holland;20281;21HC;21HC03;Interconfessionele Scholengroep Westland voor Lyc Havo Mavo Vbo Lwoo PrO;Gasthuislaan;145;2694 BE;'S-GRAVENZANDE;1783;WESTLAND;Bijzonder;0174445588;https://gasthuislaan.isw.info/site/nl;VBO/MAVO/HAVO/VWO;Postbus;78;2690 AB;'S-GRAVENZANDE;49;'s-Gravenhage;22;Haaglanden;28;Haaglanden;27;Delft en Westland;16;Noord-Zuid-Holland;28;Haaglanden/Westland;Midden
Zuid-Holland;20281;21HC;21HC04;Interconfessionele Scholengroep Westland voor Lyc Havo Mavo Vbo Lwoo PrO;Irenestraat;35;2685 CA;POELDIJK;1783;WESTLAND;Bijzonder;0174248205; ;VBO/MAVO;Postbus;114;2670 AC;NAALDWIJK;49;'s-Gravenhage;22;Haaglanden;28;Haaglanden;27;Delft en Westland;16;Noord-Zuid-Holland;28;Haaglanden/Westland;Midden
Zuid-Holland;20281;21HC;21HC08;Interconfessionele Scholengroep Westland voor Lyc Havo Mavo Vbo Lwoo PrO;Lage Woerd;2;2671 AD;NAALDWIJK;1783;WESTLAND;Bijzonder;0174615310;https://westlandpraktijkcollege.isw.info/site/nl;PRO;Postbus;14;2670 AA;NAALDWIJK;49;'s-Gravenhage;22;Haaglanden;28;Haaglanden;27;Delft en Westland;16;Noord-Zuid-Holland;28;Haaglanden/Westland;Midden
Zuid-Holland;20281;21HC;21HC12;Interconfessionele Scholengroep Westland voor Lyceum Havo Mavo Vbo Lwoo PrO;Sweelincklaan;1;2692 BA;'S-GRAVENZANDE;1783;WESTLAND;Bijzonder;0174414400;https://sweelincklaan.isw.info/site/nl;VBO/MAVO;Postbus;242;2690 AE;'S-GRAVENZANDE;49;'s-Gravenhage;22;Haaglanden;28;Haaglanden;27;Delft en Westland;16;Noord-Zuid-Holland;28;Haaglanden/Westland;Midden
Zuid-Holland;20281;21KM;21KM00;Praktijkcollege Zoetermeer, voor openbaar praktijkonderwijs;Dr. J. W. Paltelaan;1;2712 RN;ZOETERMEER;0637;ZOETERMEER;Openbaar;0793512512;https://praktijkcollegezoetermeer.nl/;PRO;Dr. J. W. Paltelaan;1;2712 RN;ZOETERMEER;49;'s-Gravenhage;22;Haaglanden;28;Haaglanden;26;Agglomeratie 's-Gravenhage;16;Noord-Zuid-Holland;28;Haaglanden/Westland;Midden
Zuid-Holland;20281;25GA;25GA00;Lucas Onderwijs Zoetermeer voor openbaar vwo havo mavo vbo lwoo;Paletsingel;38-C;2718 NT;ZOETERMEER;0637;ZOETERMEER;Openbaar;0793471700;www.picasso-lyceum.nl;VBO/MAVO/HAVO/VWO;Paletsingel;38-C;2718 NT;ZOETERMEER;49;'s-Gravenhage;22;Haaglanden;28;Haaglanden;26;Agglomeratie 's-Gravenhage;16;Noord-Zuid-Holland;28;Haaglanden/Westland;Midden
Zuid-Holland;20281;25GA;25GA01;Lucas Onderwijs Zoetermeer voor openbaar vwo havo mavo vbo lwoo;Van Doornenplantsoen;1;2722 ZA;ZOETERMEER;0637;ZOETERMEER;Openbaar;0793310300;https://motionbeweegcollege.nl/;VBO/MAVO;Van Doornenplantsoen;1;2722 ZA;ZOETERMEER;49;'s-Gravenhage;22;Haaglanden;28;Haaglanden;26;Agglomeratie 's-Gravenhage;16;Noord-Zuid-Holland;28;Haaglanden/Westland;Midden
Zuid-Holland;20281;31HN;31HN00;Stanislascollege Pijnacker – Rijswijk voor bijzonder pro vbo mavo havo vwo;Sportlaan;3-A;2641 AZ;PIJNACKER;1926;PIJNACKER-NOOTDORP;Bijzonder;0157506050;https://www.stanislascollege.nl/;VBO/MAVO/HAVO/VWO;Sportlaan;3-A;2641 AZ;PIJNACKER;49;'s-Gravenhage;22;Haaglanden;28;Haaglanden;26;Agglomeratie 's-Gravenhage;16;Noord-Zuid-Holland;28;Haaglanden/Westland;Midden
Zuid-Holland;20281;31HN;31HN01;Stanislascol. Pijnacker-Rijswijk v bijz. pro vbo mavo havo vwo -Beweeg-vmbo/mavo;P.C. Boutenslaan;203;2283 EZ;RIJSWIJK ZH;0603;RIJSWIJK;Bijzonder; ; ;VBO/MAVO/HAVO/VWO;Sportlaan;3-A;2641 AZ;PIJNACKER;49;'s-Gravenhage;22;Haaglanden;28;Haaglanden;26;Agglomeratie 's-Gravenhage;16;Noord-Zuid-Holland;28;Haaglanden/Westland;Midden
Zuid-Holland;20281;31HN;31HN02;Stanislascollege Pijnacker – Rijswijk voor bijzonder pro vbo mavo havo vwo - PrO;P.C. Boutenslaan;201;2283 EZ;RIJSWIJK ZH;0603;RIJSWIJK;Bijzonder;0703940565;www.stanislaspro.nl;VBO/MAVO/PRO;Sportlaan;3-A;2641 AZ;PIJNACKER;49;'s-Gravenhage;22;Haaglanden;28;Haaglanden;26;Agglomeratie 's-Gravenhage;16;Noord-Zuid-Holland;28;Haaglanden/Westland;Midden
Zuid-Holland;23155;00JR;00JR00;Scholengemeenschap Spieringshoek voor Gymnasium Atheneum en HAVO;Van der Brugghenlaan;2;3118 LA;SCHIEDAM;0606;SCHIEDAM;Bijzonder;0104706422;www.spieringshoek.nl;HAVO/VWO;Van der Brugghenlaan;2;3118 LA;SCHIEDAM;54;Rotterdam;23;Rijnmond;29;Rijnmond;29;Groot-Rijnmond;17;Rijnmond groot;29;Rijnmond;Midden
Zuid-Holland;24597;02UG;02UG00;Laurens Lyceum voor Vwo en Havo;Voorhout;100;3055 ES;ROTTERDAM;0599;ROTTERDAM;Bijzonder;0104180470;www.laurenslyceum.nl;HAVO/VWO;Voorhout;100;3055 ES;ROTTERDAM;54;Rotterdam;23;Rijnmond;29;Rijnmond;29;Groot-Rijnmond;17;Rijnmond groot;29;Rijnmond;Midden
Zuid-Holland;24597;32DZ;32DZ00;WOW VO voor havo en vwo;Duivenpad;7;3055 VE;ROTTERDAM;0599;ROTTERDAM;Overige;0104537500;www.wowvo.nl;HAVO/VWO;Stationssingel;80;3033 HJ;ROTTERDAM;54;Rotterdam;23;Rijnmond;29;Rijnmond;29;Groot-Rijnmond;17;Rijnmond groot;29;Rijnmond;Midden
Zuid-Holland;30582;02CI;02CI00;Christelijk Scholengemeenschap voor Lyceum Havo Mavo Vbo Lwoo Insula College;Halmaheiraplein;5;3312 GH;DORDRECHT;0505;DORDRECHT;Bijzonder;0788905400;www.insulacollege.nl;HAVO/VWO;Halmaheiraplein;5;3312 GH;DORDRECHT;53;Dordrecht/Zwijndrecht;23;Rijnmond;30;Zuid-Holland-Zuid;30;Zuidoost-Zuid-Holland;18;Dordrecht-Gorinchem;30;Zuid-Holland-Zuid;Midden
Zuid-Holland;30582;02CI;02CI01;Christelijk Scholengemeenschap voor Lyceum Havo Mavo Vbo Lwoo Insula;Leerparkpromenade;300;3312 KW;DORDRECHT;0505;DORDRECHT;Bijzonder;0788905100;Vmbo.insulacollege.nl;VBO;Leerparkpromenade;300;3312 KW;DORDRECHT;53;Dordrecht/Zwijndrecht;23;Rijnmond;30;Zuid-Holland-Zuid;30;Zuidoost-Zuid-Holland;18;Dordrecht-Gorinchem;30;Zuid-Holland-Zuid;Midden
Zuid-Holland;30582;02CI;02CI02;Christelijk Scholengemeenschap voor Lyceum Havo Mavo Vbo Lwoo Insula;Koningstraat;294;3319 PH;DORDRECHT;0505;DORDRECHT;Bijzonder;0788905200;www.insulacollege.nl;VBO/MAVO/HAVO/VWO;Koningstraat;294;3319 PH;DORDRECHT;53;Dordrecht/Zwijndrecht;23;Rijnmond;30;Zuid-Holland-Zuid;30;Zuidoost-Zuid-Holland;18;Dordrecht-Gorinchem;30;Zuid-Holland-Zuid;Midden
Zuid-Holland;30582;27VF;27VF00;Hans Petri School;Anna van Saksenstraat;11;3314 NC;DORDRECHT;0505;DORDRECHT;Bijzonder;0786324111;www.hanspetri.nl;PRO;Anna van Saksenstraat;11;3314 NC;DORDRECHT;53;Dordrecht/Zwijndrecht;23;Rijnmond;30;Zuid-Holland-Zuid;30;Zuidoost-Zuid-Holland;18;Dordrecht-Gorinchem;30;Zuid-Holland-Zuid;Midden
Zuid-Holland;30783;16QA;16QA00;Christelijke Scholengemeenschap De Lage Waard voor Ath Havo Mavo Vbo Lwoo;Vijzellaan;4;3352 VH;PAPENDRECHT;0590;PAPENDRECHT;Bijzonder;0786442020;www.delagewaard.nl;HAVO/VWO;Postbus;1100;3350 CC;PAPENDRECHT;53;Dordrecht/Zwijndrecht;23;Rijnmond;30;Zuid-Holland-Zuid;30;Zuidoost-Zuid-Holland;18;Dordrecht-Gorinchem;30;Zuid-Holland-Zuid;Midden
Zuid-Holland;30783;16QA;16QA01;Christelijke Scholengemeenschap De Lage Waard voor Ath Havo Mavo Vbo Lwoo;Burgemeester Keijzerweg;5;3351 JA;PAPENDRECHT;0590;PAPENDRECHT;Bijzonder;0786442020; ;VBO/MAVO;Postbus;1100;3350 CC;PAPENDRECHT;53;Dordrecht/Zwijndrecht;23;Rijnmond;30;Zuid-Holland-Zuid;30;Zuidoost-Zuid-Holland;18;Dordrecht-Gorinchem;30;Zuid-Holland-Zuid;Midden
Zuid-Holland;31028;14RR;14RR00;DevelsteinCollege Christelijke Scholengemeenschap voor Voortgezet Onderwijs;Develsingel;5;3333 LD;ZWIJNDRECHT;0642;ZWIJNDRECHT;Bijzonder;0786194566;www.develsteincollege.nl;VBO/MAVO/HAVO/VWO;Postbus;377;3330 AJ;ZWIJNDRECHT;53;Dordrecht/Zwijndrecht;23;Rijnmond;30;Zuid-Holland-Zuid;30;Zuidoost-Zuid-Holland;18;Dordrecht-Gorinchem;30;Zuid-Holland-Zuid;Midden
Zuid-Holland;31028;14RR;14RR01;DevelsteinCollege Christelijke Scholengemeenschap voor Voortgezet Onderwijs;Laurensvliet;2-R;3331 HW;ZWIJNDRECHT;0642;ZWIJNDRECHT;Bijzonder;0786256100;www.loketzwijndrecht.nl;VBO;Postbus;377;3330 AJ;ZWIJNDRECHT;53;Dordrecht/Zwijndrecht;23;Rijnmond;30;Zuid-Holland-Zuid;30;Zuidoost-Zuid-Holland;18;Dordrecht-Gorinchem;30;Zuid-Holland-Zuid;Midden
Zuid-Holland;31127;05EA;05EA00;Scheepvaart en Transport College;Lloydstraat;300;3024 EA;ROTTERDAM;0599;ROTTERDAM;Bijzonder;0104486000;www.stc.nl;VBO;Postbus;63140;3002 JC;ROTTERDAM;54;Rotterdam;23;Rijnmond;29;Rijnmond;29;Groot-Rijnmond;17;Rijnmond groot;29;Rijnmond;Midden
Zuid-Holland;31127;05EA;05EA14;Scheepvaart en Transport College;Waalhaven Z.z.;16;3088 HH;ROTTERDAM;0599;ROTTERDAM;Bijzonder;0883187030;www.stc.nl;VBO;Postbus;63140;3002 JC;ROTTERDAM;54;Rotterdam;23;Rijnmond;29;Rijnmond;29;Groot-Rijnmond;17;Rijnmond groot;29;Rijnmond;Midden
Zuid-Holland;31127;05EA;05EA16;Scheepvaart en Transport College;Lloydstraat;300;3024 EA;ROTTERDAM;0599;ROTTERDAM;Bijzonder;0883186000;www.stc.nl;VBO;Postbus;63140;3002 JC;ROTTERDAM;54;Rotterdam;23;Rijnmond;29;Rijnmond;29;Groot-Rijnmond;17;Rijnmond groot;29;Rijnmond;Midden
Zuid-Holland;31137;14YD;14YD00;Lentiz onderwijsgroep;Schiedamsedijk;114;3134 KK;VLAARDINGEN;0622;VLAARDINGEN;Bijzonder;0104349925;www.lentiz.nl;BRUGJAAR;Postbus;3040;3130 CA;VLAARDINGEN;54;Rotterdam;23;Rijnmond;29;Rijnmond;29;Groot-Rijnmond;17;Rijnmond groot;29;Rijnmond;Midden
Zuid-Holland;31137;14YD;14YD03;Lentiz  Floracollege;Burgemeester Elsenweg;8;2671 DC;NAALDWIJK;1783;WESTLAND;Bijzonder;0174671170;www.lentiz.nl/floracollege;VBO/MAVO;Postbus;3040;3130 CA;VLAARDINGEN;49;'s-Gravenhage;22;Haaglanden;28;Haaglanden;27;Delft en Westland;16;Noord-Zuid-Holland;28;Haaglanden/Westland;Midden
Zuid-Holland;31137;14YD;14YD06;Lentiz VMBO Maasland;Commandeurskade;22;3155 AD;MAASLAND;1842;MIDDEN-DELFLAND;Bijzonder;0105910499;www.lentiz,nl/vmbo-maasland;VBO;Postbus;11;3155 ZG;MAASLAND;50;Delft;22;Haaglanden;28;Haaglanden;27;Delft en Westland;16;Noord-Zuid-Holland;28;Haaglanden/Westland;Midden
Zuid-Holland;31137;14YD;14YD09;Lentiz Dalton College;Professor Holwerdalaan;60;2672 LD;NAALDWIJK;1783;WESTLAND;Bijzonder;0174624710;www.lentiz.nl/daltoncollege/;VBO/MAVO;Postbus;221;2670 AE;NAALDWIJK;49;'s-Gravenhage;22;Haaglanden;28;Haaglanden;27;Delft en Westland;16;Noord-Zuid-Holland;28;Haaglanden/Westland;Midden
Zuid-Holland;31137;14YD;14YD16;Lentiz  Floracollege;Professor Holwerdalaan;60;2672 LD;NAALDWIJK;1783;WESTLAND;Overige; ; ;VBO/MAVO; ; ; ; ;49;'s-Gravenhage;22;Haaglanden;28;Haaglanden;27;Delft en Westland;16;Noord-Zuid-Holland;28;Haaglanden/Westland;Midden
Zuid-Holland;31137;17WQ;17WQ00;Lentiz onderwijsgroep;Rotterdamseweg;55;3135 PT;VLAARDINGEN;0622;VLAARDINGEN;Bijzonder;0104357000;www.lentiz.nl;VBO/MAVO/HAVO/VWO;Postbus;3040;3130 CA;VLAARDINGEN;54;Rotterdam;23;Rijnmond;29;Rijnmond;29;Groot-Rijnmond;17;Rijnmond groot;29;Rijnmond;Midden
Zuid-Holland;31137;17WQ;17WQ05;Lentiz locatie Geuzencollege;Geuzenplein;1;3132 AB;VLAARDINGEN;0622;VLAARDINGEN;Bijzonder;0104348555;www.lentiz.nl/geuzencollege/;VBO/MAVO/HAVO/VWO;Geuzenplein;1;3132 AB;VLAARDINGEN;54;Rotterdam;23;Rijnmond;29;Rijnmond;29;Groot-Rijnmond;17;Rijnmond groot;29;Rijnmond;Midden
Zuid-Holland;31137;17WQ;17WQ06;Lentiz locatie Revius;Reviusplein;8;3141 SV;MAASSLUIS;0556;MAASSLUIS;Bijzonder;0105915883;www.lentiz.nl/reviuslyceum;VBO/MAVO/HAVO/VWO;Reviusplein;8;3141 SV;MAASSLUIS;54;Rotterdam;23;Rijnmond;29;Rijnmond;29;Groot-Rijnmond;17;Rijnmond groot;29;Rijnmond;Midden
Zuid-Holland;31137;17WQ;17WQ08;Lentiz VMBO LIFE College;Parallelweg;401;3112 NA;SCHIEDAM;0606;SCHIEDAM;Bijzonder;0104735377; ;VBO/MAVO;Postbus;3040;3130 CA;VLAARDINGEN;54;Rotterdam;23;Rijnmond;29;Rijnmond;29;Groot-Rijnmond;17;Rijnmond groot;29;Rijnmond;Midden
Zuid-Holland;31137;17WQ;17WQ11;VMBO Maassluis (Lentiz VMBO Maassluis);Kastanjedal;2;3142 AP;MAASSLUIS;0556;MAASSLUIS;Bijzonder;0104349925;www.lentiz.nl;VBO;Postbus;3040;3130 CA;VLAARDINGEN;54;Rotterdam;23;Rijnmond;29;Rijnmond;29;Groot-Rijnmond;17;Rijnmond groot;29;Rijnmond;Midden
Zuid-Holland;31137;17WQ;17WQ15;Lentiz onderwijsgroep;Kastanjedal;2;3142 AP;MAASSLUIS;0556;MAASSLUIS;Bijzonder; ; ;VBO/MAVO/HAVO;Postbus;3040;3130 CA;VLAARDINGEN;54;Rotterdam;23;Rijnmond;29;Rijnmond;29;Groot-Rijnmond;17;Rijnmond groot;29;Rijnmond;Midden
Zuid-Holland;31137;17WQ;17WQ16;Lentiz onderwijsgroep;Willem de Zwijgerlaan;230;3136 AX;VLAARDINGEN;0622;VLAARDINGEN;Bijzonder; ; ;BRUGJAAR;Postbus;3040;3130 CA;VLAARDINGEN;54;Rotterdam;23;Rijnmond;29;Rijnmond;29;Groot-Rijnmond;17;Rijnmond groot;29;Rijnmond;Midden
Zuid-Holland;31137;31MD;31MD00;Lentiz Revius Lyceum;Reviusplein;8;3141 SV;MAASSLUIS;0556;MAASSLUIS;Bijzonder;0105915883;www.lentiz.nl/reviuslyceum;VBO/MAVO/HAVO/VWO;Postbus;3040;3130 CA;VLAARDINGEN;54;Rotterdam;23;Rijnmond;29;Rijnmond;29;Groot-Rijnmond;17;Rijnmond groot;29;Rijnmond;Midden
Zuid-Holland;31137;31MD;31MD01;Lentiz VMBO Maassluis;Kastanjedal;2;3142 AP;MAASSLUIS;0556;MAASSLUIS;Bijzonder; ; ;VBO/MAVO;Postbus;3040;3130 CA;VLAARDINGEN;54;Rotterdam;23;Rijnmond;29;Rijnmond;29;Groot-Rijnmond;17;Rijnmond groot;29;Rijnmond;Midden
Zuid-Holland;31137;31MD;31MD02;Lentiz  Geuzencollege;Geuzenplein;1;3132 AB;VLAARDINGEN;0622;VLAARDINGEN;Bijzonder;0104348555;www.lentiz.nl/geuzencollege;VBO/MAVO/HAVO/VWO;Postbus;3040;3130 CA;VLAARDINGEN;54;Rotterdam;23;Rijnmond;29;Rijnmond;29;Groot-Rijnmond;17;Rijnmond groot;29;Rijnmond;Midden
Zuid-Holland;31137;31MD;31MD03;Lentiz Revius mavo;Kastanjedal;2;3142 AP;MAASSLUIS;0556;MAASSLUIS;Bijzonder;0105915883;www.lentiz.nl/revius-mavo;VBO/MAVO/HAVO;Postbus;3040;3130 CA;VLAARDINGEN;54;Rotterdam;23;Rijnmond;29;Rijnmond;29;Groot-Rijnmond;17;Rijnmond groot;29;Rijnmond;Midden
Zuid-Holland;33944;02DQ;02DQ00;Christelijk Gymnasium Sorghvliet;Johan de Wittlaan;22;2517 JR;'S-GRAVENHAGE;0518;S GRAVENHAGE;Bijzonder;0703451577;www.gymnasium-sorghvliet.nl;VWO;Johan de Wittlaan;22;2517 JR;'S-GRAVENHAGE;49;'s-Gravenhage;22;Haaglanden;28;Haaglanden;26;Agglomeratie 's-Gravenhage;16;Noord-Zuid-Holland;28;Haaglanden/Westland;Midden
Zuid-Holland;35647;02LG;02LG00;Carmelcollege Gouda voor tto gym ath havo mavo vmbo lwoo eoa;Groen van Prinsterersngl;49;2805 TD;GOUDA;0513;GOUDA;Bijzonder;0182513822;www.carmelcollegegouda.nl;VBO/MAVO;Groen van Prinsterersngl;49;2805 TD;GOUDA;51;Gouda;21;Rijn-Gouwe;27;Zuid-Holland-Oost;28;Oost-Zuid-Holland;16;Noord-Zuid-Holland;27;Zuid-Holland-Oost;Midden
Zuid-Holland;35647;02LG;02LG06;Carmelcollege Gouda voor tto gym ath havo mavo vmbo lwoo eoa- Antoniuscollege;John Mottstraat;2;2806 HP;GOUDA;0513;GOUDA;Bijzonder;0812514344;www.carmelcollegegouda.nl;HAVO/VWO;Groen van Prinsterersngl;49;2805 TD;GOUDA;51;Gouda;21;Rijn-Gouwe;27;Zuid-Holland-Oost;28;Oost-Zuid-Holland;16;Noord-Zuid-Holland;27;Zuid-Holland-Oost;Midden
Zuid-Holland;35647;02LG;02LG08;Carmelcollege Gouda voor tto gym ath havo mavo vmbo lwoo eoa loc. ISK;Oosthoef;3;2804 ST;GOUDA;0513;GOUDA;Bijzonder;0182748313;www.carmelcollegegouda.nl;BRUGJAAR;Groen van Prinsterersngl;49;2805 TD;GOUDA;51;Gouda;21;Rijn-Gouwe;27;Zuid-Holland-Oost;28;Oost-Zuid-Holland;16;Noord-Zuid-Holland;27;Zuid-Holland-Oost;Midden
Zuid-Holland;35647;02LG;02LG09;Carmelcollege Gouda voor tto gym ath havo mavo vmbo lwoo eoa;Dutoitstraat;2;2806 DJ;GOUDA;0513;GOUDA;Overige; ; ;VBO/MAVO; ; ; ; ;51;Gouda;21;Rijn-Gouwe;27;Zuid-Holland-Oost;28;Oost-Zuid-Holland;16;Noord-Zuid-Holland;27;Zuid-Holland-Oost;Midden
Zuid-Holland;37052;00PJ;00PJ00;Erasmuscollege voor Vwo Havo en Mavo;Van Doornenplantsoen;31;2722 ZA;ZOETERMEER;0637;ZOETERMEER;Bijzonder;0793319204;www.erasmuscollege.nl;VBO/MAVO/HAVO/VWO;Van Doornenplantsoen;31;2722 ZA;ZOETERMEER;49;'s-Gravenhage;22;Haaglanden;28;Haaglanden;26;Agglomeratie 's-Gravenhage;16;Noord-Zuid-Holland;28;Haaglanden/Westland;Midden
Zuid-Holland;40003;14WJ;14WJ00;Het Vlietland College Scholengemeenschap voor Vwo Havo Mavo;Apollolaan;262;2324 BZ;LEIDEN;0546;LEIDEN;Bijzonder;0715769243;www.vlietlandcollege.nl;MAVO/HAVO/VWO;Apollolaan;262;2324 BZ;LEIDEN;46;Leiden;21;Rijn-Gouwe;26;Zuid-Holland-Noord;25;Agglomeratie Leiden en Bollenstreek;16;Noord-Zuid-Holland;26;Zuid-Holland-Noord;Midden
Zuid-Holland;40334;14SF;14SF00;Christelijke Scholengemeenschap De Goudse Waarden Lyc Havo Mavo Vbo Lwoo Pro;Kanaalstraat;31;2801 SH;GOUDA;0513;GOUDA;Bijzonder;0182516077;www.degoudsewaarden.nl;VBO/MAVO;Kanaalstraat;31;2801 SH;GOUDA;51;Gouda;21;Rijn-Gouwe;27;Zuid-Holland-Oost;28;Oost-Zuid-Holland;16;Noord-Zuid-Holland;27;Zuid-Holland-Oost;Midden
Zuid-Holland;40334;14SF;14SF01;Christelijke Scholengemeenschap De Goudse Waarden Lyc Havo Mavo Vbo Lwoo Pro;Heemskerkstraat;105;2805 SN;GOUDA;0513;GOUDA;Bijzonder;0182573000;www.degoudsewaarden.nl;VBO/MAVO/HAVO/VWO;Heemskerkstraat;105;2805 SN;GOUDA;51;Gouda;21;Rijn-Gouwe;27;Zuid-Holland-Oost;28;Oost-Zuid-Holland;16;Noord-Zuid-Holland;27;Zuid-Holland-Oost;Midden
Zuid-Holland;40334;15OM;15OM00;Het Schoonhovens College;Albert Plesmanstraat;4;2871 HJ;SCHOONHOVEN;1931;KRIMPENERWAARD;Openbaar;0182385288;www.schoonhovenscollege.nl;VBO/MAVO/HAVO/VWO;Albert Plesmanstraat;4;2871 HJ;SCHOONHOVEN;51;Gouda;21;Rijn-Gouwe;27;Zuid-Holland-Oost;28;Oost-Zuid-Holland;16;Noord-Zuid-Holland;27;Zuid-Holland-Oost;Midden
Zuid-Holland;40334;15OM;15OM01;Het Schoonhovens College;Vlisterweg;22;2871 VH;SCHOONHOVEN;1931;KRIMPENERWAARD;Openbaar;0182382761; ;VBO/MAVO;Albert Plesmanstraat;4;2871 HJ;SCHOONHOVEN;51;Gouda;21;Rijn-Gouwe;27;Zuid-Holland-Oost;28;Oost-Zuid-Holland;16;Noord-Zuid-Holland;27;Zuid-Holland-Oost;Midden
Zuid-Holland;40334;30FF;30FF00;Praktijkschool De Goudse Waarden;H.J. Nederhorststraat;2;2801 SC;GOUDA;0513;GOUDA;Bijzonder;0182516077; ;PRO;H.J. Nederhorststraat;2;2801 SC;GOUDA;51;Gouda;21;Rijn-Gouwe;27;Zuid-Holland-Oost;28;Oost-Zuid-Holland;16;Noord-Zuid-Holland;27;Zuid-Holland-Oost;Midden
Zuid-Holland;40356;08VU;08VU00;Christelijke Scholengemeenschap Willem van Oranje voor ATH HAVO MAVO;Randweg;2;3263 RA;OUD-BEIJERLAND;1963;HOEKSCHE WAARD;Bijzonder;0186634343;www.dewillem.nl;MAVO/HAVO/VWO;Postbus;1390;3260 AJ;OUD-BEIJERLAND;55;Oud-Beijerland;23;Rijnmond;30;Zuid-Holland-Zuid;29;Groot-Rijnmond;17;Rijnmond groot;30;Zuid-Holland-Zuid;Midden
Zuid-Holland;40356;08VU;08VU02;Christelijke Scholengemeenschap Willem van Oranje voor ATH HAVO MAVO;Polderlaan;2;3261 ZA;OUD-BEIJERLAND;1963;HOEKSCHE WAARD;Bijzonder; ; ;MAVO; ; ; ; ;55;Oud-Beijerland;23;Rijnmond;30;Zuid-Holland-Zuid;29;Groot-Rijnmond;17;Rijnmond groot;30;Zuid-Holland-Zuid;Midden
Zuid-Holland;40377;20BC;20BC00;Oranje Nassau College Scholengemeenschap Ath Havo Mavo Vbo Lwoo;Parkdreef;282;2724 EZ;ZOETERMEER;0637;ZOETERMEER;Bijzonder;0793208830;www.onc.nl;VBO/MAVO/HAVO/VWO;Bredewater;4;2715 CA;ZOETERMEER;49;'s-Gravenhage;22;Haaglanden;28;Haaglanden;26;Agglomeratie 's-Gravenhage;16;Noord-Zuid-Holland;28;Haaglanden/Westland;Midden
Zuid-Holland;40377;20BC;20BC01;Oranje Nassau College Scholengemeenschap Ath Havo Mavo Vbo Lwoo;Clauslaan;4;2713 VN;ZOETERMEER;0637;ZOETERMEER;Bijzonder;0793318043; ;VBO/MAVO;Bredewater;4;2715 CA;ZOETERMEER;49;'s-Gravenhage;22;Haaglanden;28;Haaglanden;26;Agglomeratie 's-Gravenhage;16;Noord-Zuid-Holland;28;Haaglanden/Westland;Midden
Zuid-Holland;40530;04DF;04DF00;Ashram College KSG voor vwo, havo, mavo en vbo;Marsdiep;293;2401 XH;ALPHEN AAN DEN RIJN;0484;ALPHEN AAN DEN RIJN;Bijzonder;0172430234;www.ashramcollege.nl;VBO/MAVO/HAVO/VWO;Postbus;166;2400 AD;ALPHEN AAN DEN RIJN;47;Alphen aan den Rijn;21;Rijn-Gouwe;27;Zuid-Holland-Oost;28;Oost-Zuid-Holland;16;Noord-Zuid-Holland;27;Zuid-Holland-Oost;Midden
Zuid-Holland;40530;04DF;04DF01;Ashram College KSG voor vwo, havo, mavo en vbo locatie Nieuwkoop;Achterweg;1;2421 EB;NIEUWKOOP;0569;NIEUWKOOP;Bijzonder;0172579216;www.ashramcollege.nl;VBO/MAVO;Postbus;166;2400 AD;ALPHEN AAN DEN RIJN;47;Alphen aan den Rijn;21;Rijn-Gouwe;27;Zuid-Holland-Oost;28;Oost-Zuid-Holland;16;Noord-Zuid-Holland;27;Zuid-Holland-Oost;Midden
Zuid-Holland;40530;15BH;15BH00;Chr. SGM Groene Hart voor vwo, havo, mavo, vbo;Prinses Beatrixlaan;4;2404 XC;ALPHEN AAN DEN RIJN;0484;ALPHEN AAN DEN RIJN;Bijzonder;0172449500;www.groenehartscholen.nl;VBO/MAVO;Postbus;166;2400 AD;ALPHEN AAN DEN RIJN;47;Alphen aan den Rijn;21;Rijn-Gouwe;27;Zuid-Holland-Oost;28;Oost-Zuid-Holland;16;Noord-Zuid-Holland;27;Zuid-Holland-Oost;Midden
Zuid-Holland;40530;15BH;15BH01;Chr. SGM Groene Hart voor vwo, havo, mavo, vbo vest. Lyceum;Tolstraat;11;2405 VS;ALPHEN AAN DEN RIJN;0484;ALPHEN AAN DEN RIJN;Bijzonder;0172449510; ;HAVO/VWO;Postbus;166;2400 AD;ALPHEN AAN DEN RIJN;47;Alphen aan den Rijn;21;Rijn-Gouwe;27;Zuid-Holland-Oost;28;Oost-Zuid-Holland;16;Noord-Zuid-Holland;27;Zuid-Holland-Oost;Midden
Zuid-Holland;40530;15BH;15BH04;Chr. SGM Groene Hart voor vwo, havo, mavo, vbo vest. Rijnwoude;Sportparklaan;4;2391 AX;HAZERSWOUDE-DORP;0484;ALPHEN AAN DEN RIJN;Bijzonder;0172589765; ;VBO/MAVO;Postbus;166;2400 AD;ALPHEN AAN DEN RIJN;47;Alphen aan den Rijn;21;Rijn-Gouwe;27;Zuid-Holland-Oost;28;Oost-Zuid-Holland;16;Noord-Zuid-Holland;27;Zuid-Holland-Oost;Midden
Zuid-Holland;40530;15BH;15BH05;Chr. SGM Groene Hart voor vwo, havo, mavo, vbo vest. Topmavo;Tolstraat;9;2405 VS;ALPHEN AAN DEN RIJN;0484;ALPHEN AAN DEN RIJN;Bijzonder;0172449500; ;VBO/MAVO;Postbus;166;2400 AD;ALPHEN AAN DEN RIJN;47;Alphen aan den Rijn;21;Rijn-Gouwe;27;Zuid-Holland-Oost;28;Oost-Zuid-Holland;16;Noord-Zuid-Holland;27;Zuid-Holland-Oost;Midden
Zuid-Holland;40530;15BH;15BH08;Chr. SGM Groene Hart voor vwo, havo, mavo, vbo Marsdiep dependance;Marsdiep;291;2401 XH;ALPHEN AAN DEN RIJN;0484;ALPHEN AAN DEN RIJN;Overige; ; ;HAVO/VWO;Postbus;166;2400 AD;ALPHEN AAN DEN RIJN;47;Alphen aan den Rijn;21;Rijn-Gouwe;27;Zuid-Holland-Oost;28;Oost-Zuid-Holland;16;Noord-Zuid-Holland;27;Zuid-Holland-Oost;Midden
Zuid-Holland;40530;26LR;26LR00;Groene Hart Pro College;Anna van Burenlaan;15;2404 GA;ALPHEN AAN DEN RIJN;0484;ALPHEN AAN DEN RIJN;Bijzonder;0172473175;www.groenehartprocollege.nl;PRO;Postbus;166;2400 AD;ALPHEN AAN DEN RIJN;47;Alphen aan den Rijn;21;Rijn-Gouwe;27;Zuid-Holland-Oost;28;Oost-Zuid-Holland;16;Noord-Zuid-Holland;27;Zuid-Holland-Oost;Midden
Zuid-Holland;40700;25GD;25GD00;Andreas College Christelijke Scholengemeenschap voor VWO Havo Vmbo;Louise de Colignylaan;2;2224 VT;KATWIJK ZH;0537;KATWIJK;Bijzonder;0714013128;www.vakcollegerijnmond.nl;VBO;Postbus;48;2220 AA;KATWIJK ZH;46;Leiden;21;Rijn-Gouwe;26;Zuid-Holland-Noord;25;Agglomeratie Leiden en Bollenstreek;16;Noord-Zuid-Holland;26;Zuid-Holland-Noord;Midden
Zuid-Holland;40700;25GD;25GD01;Andreas College Christelijke Scholengemeenschap voor Vwo Havo Vmbo;Helmbergweg;10;2221 SZ;KATWIJK ZH;0537;KATWIJK;Bijzonder;0714024201;www.pietergroen.nl;VBO/MAVO/HAVO/VWO;Postbus;48;2220 AA;KATWIJK ZH;46;Leiden;21;Rijn-Gouwe;26;Zuid-Holland-Noord;25;Agglomeratie Leiden en Bollenstreek;16;Noord-Zuid-Holland;26;Zuid-Holland-Noord;Midden
Zuid-Holland;40700;26HN;26HN00;Limes Praktijkonderwijs;Louise de Colignylaan;5;2224 VT;KATWIJK ZH;0537;KATWIJK;Bijzonder;0714029990;www.limes-katwijk.nl;PRO;Postbus;48;2220 AA;KATWIJK ZH;46;Leiden;21;Rijn-Gouwe;26;Zuid-Holland-Noord;25;Agglomeratie Leiden en Bollenstreek;16;Noord-Zuid-Holland;26;Zuid-Holland-Noord;Midden
Zuid-Holland;40784;00PG;00PG00;Scholengroep Driestar-Wartburg - Guido de Brès, Vwo, Havo, Mavo, Vbo, LWOO, Pro;Smeetslandseweg;127;3079 CR;ROTTERDAM;0599;ROTTERDAM;Bijzonder;0102923900;www.driestarwartburg.nl/guido-de-bres;VBO/MAVO/HAVO/VWO;Postbus;9202;3007 AE;ROTTERDAM;54;Rotterdam;23;Rijnmond;29;Rijnmond;29;Groot-Rijnmond;17;Rijnmond groot;29;Rijnmond;Midden
Zuid-Holland;40784;00PG;00PG02;Scholengroep Driestar-Wartburg Beroepencollege De Swaef, Vmbo;Carnissesingel;20;3084 NA;ROTTERDAM;0599;ROTTERDAM;Bijzonder;0104801422;www.driestarwartburg.nl/beroepencollege-deswaef;VBO/MAVO;Postbus;55094;3008 EB;ROTTERDAM;54;Rotterdam;23;Rijnmond;29;Rijnmond;29;Groot-Rijnmond;17;Rijnmond groot;29;Rijnmond;Midden
Zuid-Holland;40784;00PG;00PG03;Scholengroep Driestar-Wartburg - Revius, vwo, havo, vmbo;President Rooseveltweg;11;3068 TR;ROTTERDAM;0599;ROTTERDAM;Bijzonder;0102866000;www.driestarwartburg.nl/revius;VBO/MAVO/HAVO/VWO;Postbus;85150;3009 MD;ROTTERDAM;54;Rotterdam;23;Rijnmond;29;Rijnmond;29;Groot-Rijnmond;17;Rijnmond groot;29;Rijnmond;Midden
Zuid-Holland;40784;00PG;00PG04;Scholengroep Driestar-Wartburg - Marnix, vwo, havo, vmbo, pro;Prof. Waterinklaan;41;3312 KM;DORDRECHT;0505;DORDRECHT;Bijzonder;0786392800;www.driestarwartburg.nl/marnix;VBO/MAVO/PRO;Postbus;55094;3008 EB;ROTTERDAM;53;Dordrecht/Zwijndrecht;23;Rijnmond;30;Zuid-Holland-Zuid;30;Zuidoost-Zuid-Holland;18;Dordrecht-Gorinchem;30;Zuid-Holland-Zuid;Midden
Zuid-Holland;40784;00PG;00PG08;Scholengroep Driestar-Wartburg - De Burcht, cluster 4 rebound;Carnissesingel;24;3084 NA;ROTTERDAM;0599;ROTTERDAM;Bijzonder;0104933520;www.driestarwartburg.nl/de-burcht;BRUGJAAR;Postbus;55094;3008 EB;ROTTERDAM;54;Rotterdam;23;Rijnmond;29;Rijnmond;29;Groot-Rijnmond;17;Rijnmond groot;29;Rijnmond;Midden
Zuid-Holland;40784;02EA;02EA00;Scholengroep Driestar-Wartburg - Driestar Gouda Bèta, vwo, havo, vmbo, pro;Ronsseplein;1;2803 ZV;GOUDA;0513;GOUDA;Bijzonder;0182691691;www.driestarwartburg.nl;VBO/MAVO/HAVO/VWO;Postbus;148;2800 AC;GOUDA;51;Gouda;21;Rijn-Gouwe;27;Zuid-Holland-Oost;28;Oost-Zuid-Holland;16;Noord-Zuid-Holland;27;Zuid-Holland-Oost;Midden
Zuid-Holland;40784;02EA;02EA02;Scholengroep Driestar-Wartburg - Driestar Lekkerkerk, VWO, Havo, Vmbo;Berlagestraat;2;2941 GC;LEKKERKERK;1931;KRIMPENERWAARD;Bijzonder;0180446999;www.driestarwartburg.nl/driestar-lekkerkerk;VBO/MAVO/HAVO/VWO;Postbus;2571;2940 AB;LEKKERKERK;51;Gouda;21;Rijn-Gouwe;27;Zuid-Holland-Oost;28;Oost-Zuid-Holland;16;Noord-Zuid-Holland;27;Zuid-Holland-Oost;Midden
Zuid-Holland;40784;02EA;02EA03;Scholengroep Driestar-Wartburg - Driestar Leiden, VWO, Havo, Vmbo;Vennemeerstraat;5;2334 DE;LEIDEN;0546;LEIDEN;Bijzonder;0715191333;www.driestarwartburg.nl/driestar-leiden;VBO/MAVO/HAVO/VWO;Postbus;824;2300 AV;LEIDEN;46;Leiden;21;Rijn-Gouwe;26;Zuid-Holland-Noord;25;Agglomeratie Leiden en Bollenstreek;16;Noord-Zuid-Holland;26;Zuid-Holland-Noord;Midden
Zuid-Holland;40784;02EA;02EA05;Scholengroep Driestar - Wartburg - Gouda Gamma, vwo, havo, vmbo, pro;Ronsseplein;4;2803 ZV;GOUDA;0513;GOUDA;Bijzonder;0182691691;www.driestarwartburg.nl/driestar-gouda-provmbo;VBO/PRO;Postbus;148;2800 AC;GOUDA;51;Gouda;21;Rijn-Gouwe;27;Zuid-Holland-Oost;28;Oost-Zuid-Holland;16;Noord-Zuid-Holland;27;Zuid-Holland-Oost;Midden
Zuid-Holland;40784;02EA;02EA06;Scholengroep Driestar-Wartburg - Driestar Gouda Zèta, havo-vwo;Bleulandweg;492;2803 HS;GOUDA;0513;GOUDA;Bijzonder;0182691691;https://www.driestarwartburg.nl/driestar-gouda-havo;HAVO/VWO;Postbus;148;2800 AC;GOUDA;51;Gouda;21;Rijn-Gouwe;27;Zuid-Holland-Oost;28;Oost-Zuid-Holland;16;Noord-Zuid-Holland;27;Zuid-Holland-Oost;Midden
Zuid-Holland;40784;02EA;02EA07;Scholengroep Driestar-Wartburg - Driestar Gouda Alfa, vwo, havo, mavo, vbo;Ronsseplein;3;2803 ZV;GOUDA;0513;GOUDA;Overige;0182691691;https://www.driestarwartburg.nl/driestar-gouda-provmbo/;VBO/MAVO;Postbus;148;2800 AC;GOUDA;51;Gouda;21;Rijn-Gouwe;27;Zuid-Holland-Oost;28;Oost-Zuid-Holland;16;Noord-Zuid-Holland;27;Zuid-Holland-Oost;Midden
Zuid-Holland;40784;02EA;02EA08;Scholengroep Driestar - Wartburg - Driestar Gouda Delta, vwo, havo, vmbo, pro;Ronsseweg;561;2803 ZK;GOUDA;0513;GOUDA;Overige;0182691691;https://www.driestarwartburg.nl/driestar-gouda-provmbo/;VBO/MAVO/HAVO/VWO;Postbus;148;2800 AC;GOUDA;51;Gouda;21;Rijn-Gouwe;27;Zuid-Holland-Oost;28;Oost-Zuid-Holland;16;Noord-Zuid-Holland;27;Zuid-Holland-Oost;Midden
Zuid-Holland;40784;32KT;32KT00;Driestar Gouda voor havo en vwo;Bleulandweg;492;2803 HS;GOUDA;0513;GOUDA;Bijzonder; ; ;HAVO/VWO; ; ; ; ;51;Gouda;21;Rijn-Gouwe;27;Zuid-Holland-Oost;28;Oost-Zuid-Holland;16;Noord-Zuid-Holland;27;Zuid-Holland-Oost;Midden
Zuid-Holland;40928;26MJ;26MJ00;Laurentius Praktijkschool;Kappeyne vd Coppellostr;28;2613 XP;DELFT;0503;DELFT;Bijzonder;0152146523;www.depraktijkschool.nl;PRO;Kappeyne vd Coppellostr;28;2613 XP;DELFT;50;Delft;22;Haaglanden;28;Haaglanden;27;Delft en Westland;16;Noord-Zuid-Holland;28;Haaglanden/Westland;Midden
Zuid-Holland;41071;02VG;02VG00;Unie Noord;Pieter de Hoochstraat;29;3024 CP;ROTTERDAM;0599;ROTTERDAM;Bijzonder;0102443300;www.theaterhavovwo.nl;VBO/MAVO/HAVO/VWO;Postbus;3081;3003 AB;ROTTERDAM;54;Rotterdam;23;Rijnmond;29;Rijnmond;29;Groot-Rijnmond;17;Rijnmond groot;29;Rijnmond;Midden
Zuid-Holland;41071;02VG;02VG01;Unie Noord- locatie Max Kolbe;Baljuwstraat;2;3039 AK;ROTTERDAM;0599;ROTTERDAM;Bijzonder;0104366766; ;VBO/MAVO;Postbus;3081;3003 AB;ROTTERDAM;54;Rotterdam;23;Rijnmond;29;Rijnmond;29;Groot-Rijnmond;17;Rijnmond groot;29;Rijnmond;Midden
Zuid-Holland;41071;02VG;02VG03;Unie Noord-Codarts Lyceum;Kruisplein;26;3012 CC;ROTTERDAM;0599;ROTTERDAM;Bijzonder;0102171100;www.hmd.nl;HAVO/VWO;Kruisplein;26;3012 CC;ROTTERDAM;54;Rotterdam;23;Rijnmond;29;Rijnmond;29;Groot-Rijnmond;17;Rijnmond groot;29;Rijnmond;Midden
Zuid-Holland;41071;02VG;02VG04;Unie Noord- locatie Mavo Centraal;Stationssingel;70;3033 HJ;ROTTERDAM;0599;ROTTERDAM;Bijzonder;0104651583;www.mavocentraal.nl;VBO/MAVO;Stationssingel;70;3033 HJ;ROTTERDAM;54;Rotterdam;23;Rijnmond;29;Rijnmond;29;Groot-Rijnmond;17;Rijnmond groot;29;Rijnmond;Midden
Zuid-Holland;41071;02VG;02VG05;Unie Noord- locatie Experience College;Spaanseweg;101;3028 HW;ROTTERDAM;0599;ROTTERDAM;Bijzonder;0104371600;www.Xcollege.nl;VBO/MAVO;Spaanseweg;101;3028 HW;ROTTERDAM;54;Rotterdam;23;Rijnmond;29;Rijnmond;29;Groot-Rijnmond;17;Rijnmond groot;29;Rijnmond;Midden
Zuid-Holland;41071;02VG;02VG08;Unie Noord- locatie Rotterdam Design College;Beukelsdijk;145;3022 DC;ROTTERDAM;0599;ROTTERDAM;Bijzonder;0104771944;www.rotterdamdesigncollege.nl;VBO/MAVO/HAVO;Beukelsdijk;145;3022 DC;ROTTERDAM;54;Rotterdam;23;Rijnmond;29;Rijnmond;29;Groot-Rijnmond;17;Rijnmond groot;29;Rijnmond;Midden
Zuid-Holland;41071;02VG;02VG10;Unie Noord - locatie RDC-ISK;Robert Fruinstraat;37;3021 XB;ROTTERDAM;0599;ROTTERDAM;Bijzonder;0107527100;www.rotterdamdesigncollege.nl;VBO/MAVO;Beukelsdijk;145;3022 DC;ROTTERDAM;54;Rotterdam;23;Rijnmond;29;Rijnmond;29;Groot-Rijnmond;17;Rijnmond groot;29;Rijnmond;Midden
Zuid-Holland;41071;02VG;02VG11;Unie Noord- locatie Horeca Vakschool Rotterdam;Noordsingel;72;3032 BG;ROTTERDAM;0599;ROTTERDAM;Bijzonder;0104655055;www.hvsr.nl;VBO/MAVO;Noordsingel;72;3032 BG;ROTTERDAM;54;Rotterdam;23;Rijnmond;29;Rijnmond;29;Groot-Rijnmond;17;Rijnmond groot;29;Rijnmond;Midden
Zuid-Holland;41071;02VG;02VG14;Unie Noord- locatie Montessori Mavo Rotterdam;Walenburgerweg;35-B;3039 AC;ROTTERDAM;0599;ROTTERDAM;Bijzonder;0104657438;www.montessorimavoRotterdam.nl;VBO/MAVO;Walenburgerweg;35-B;3039 AC;ROTTERDAM;54;Rotterdam;23;Rijnmond;29;Rijnmond;29;Groot-Rijnmond;17;Rijnmond groot;29;Rijnmond;Midden
Zuid-Holland;41071;02VG;02VG15;Unie Noord- locatie De TooropMavo;Tooroplaan;8;3055 VG;ROTTERDAM;0599;ROTTERDAM;Bijzonder;0104227623;www.detooropmavo.nl;VBO/MAVO;Tooroplaan;8;3055 VG;ROTTERDAM;54;Rotterdam;23;Rijnmond;29;Rijnmond;29;Groot-Rijnmond;17;Rijnmond groot;29;Rijnmond;Midden
Zuid-Holland;41071;02VG;02VG17;Unie Noord-MEX010 - Dé mavo voor Expressie;Mathenesserdijk;455;3026 GH;ROTTERDAM;0599;ROTTERDAM;Bijzonder;0107527101;www.mex010.nl;VBO/MAVO;Mathenesserdijk;455;3026 GH;ROTTERDAM;54;Rotterdam;23;Rijnmond;29;Rijnmond;29;Groot-Rijnmond;17;Rijnmond groot;29;Rijnmond;Midden
Zuid-Holland;41071;02VG;02VG21;Unie Noord- Theaterhavo/vwo;Pieter de Hoochweg;222;3024 BJ;ROTTERDAM;0599;ROTTERDAM;Bijzonder;0102443300;www.theaterhavovwo.nl;HAVO/VWO;Pieter de Hoochweg;222;3024 BJ;ROTTERDAM;54;Rotterdam;23;Rijnmond;29;Rijnmond;29;Groot-Rijnmond;17;Rijnmond groot;29;Rijnmond;Midden
Zuid-Holland;41071;02VG;02VG22;Unie Noord - locatie Lyceum Kralingen;Witte Hertstraat;1;3061 CT;ROTTERDAM;0599;ROTTERDAM;Bijzonder;0104111545;www.lyceumkralingen.nl;VBO/MAVO/HAVO/VWO;Witte Hertstraat;1;3061 CT;ROTTERDAM;54;Rotterdam;23;Rijnmond;29;Rijnmond;29;Groot-Rijnmond;17;Rijnmond groot;29;Rijnmond;Midden
Zuid-Holland;41071;02VG;02VG25;Unie Noord - locatie Vak College Hillegersberg;Argonautenweg;13;3054 RP;ROTTERDAM;0599;ROTTERDAM;Bijzonder;0107527175;www.vakcollegehillegersberg.nl;VBO; ; ; ; ;54;Rotterdam;23;Rijnmond;29;Rijnmond;29;Groot-Rijnmond;17;Rijnmond groot;29;Rijnmond;Midden
Zuid-Holland;41071;05XJ;05XJ00;Het Lyceum Rotterdam voor Vwo en Havo;Beukelsdijk;91;3021 AE;ROTTERDAM;0599;ROTTERDAM;Bijzonder;0104770033;www.hetlyceumrotterdam.nl;HAVO/VWO;Postbus;315;3000 AH;ROTTERDAM;54;Rotterdam;23;Rijnmond;29;Rijnmond;29;Groot-Rijnmond;17;Rijnmond groot;29;Rijnmond;Midden
Zuid-Holland;41071;17KY;17KY00;Roncalli MAVO;Tattistraat;3;3066 CE;ROTTERDAM;0599;ROTTERDAM;Bijzonder;0104205693;www.roncallimavo.nl;MAVO;Tattistraat;3;3066 CE;ROTTERDAM;54;Rotterdam;23;Rijnmond;29;Rijnmond;29;Groot-Rijnmond;17;Rijnmond groot;29;Rijnmond;Midden
Zuid-Holland;41071;17YF;17YF00;Het Zuiderpark College voor Mavo Vbo en Lwoo;Montessoriweg;26;3083 AN;ROTTERDAM;0599;ROTTERDAM;Bijzonder;0104848400;www.zuiderpark.nl;VBO/MAVO;Postbus;5431;3008 AK;ROTTERDAM;54;Rotterdam;23;Rijnmond;29;Rijnmond;29;Groot-Rijnmond;17;Rijnmond groot;29;Rijnmond;Midden
Zuid-Holland;41071;17YF;17YF02;Het Zuiderpark College voor Mavo Vbo en Lwoo, locatie Young Rotterdam vmbo;Maashavenweg;14;3072 AZ;ROTTERDAM;0599;ROTTERDAM;Bijzonder;0104293488;www.youngbusinessschool.nl;VBO/MAVO;Maashavenweg;14;3072 AZ;ROTTERDAM;54;Rotterdam;23;Rijnmond;29;Rijnmond;29;Groot-Rijnmond;17;Rijnmond groot;29;Rijnmond;Midden
Zuid-Holland;41071;17YF;17YF04;Het Zuiderpark College voor Mavo Vbo en Lwoo, locatie Young Waldorf;Maashavenweg;11;3072 AZ;ROTTERDAM;0599;ROTTERDAM;Algemeen bijzonder; ; ;VBO/MAVO; ; ; ; ;54;Rotterdam;23;Rijnmond;29;Rijnmond;29;Groot-Rijnmond;17;Rijnmond groot;29;Rijnmond;Midden
Zuid-Holland;41071;23YU;23YU00;Nova College;Marathonstraat;1;3078 XX;ROTTERDAM;0599;ROTTERDAM;Bijzonder;0104832344;https://www.moverotterdam.nl/;VBO/MAVO;Postbus;9244;3007 AE;ROTTERDAM;54;Rotterdam;23;Rijnmond;29;Rijnmond;29;Groot-Rijnmond;17;Rijnmond groot;29;Rijnmond;Midden
Zuid-Holland;41071;23YU;23YU01;Nova College - locatie NEXT Campus Rotterdam;Beumershoek;3;3085 EA;ROTTERDAM;0599;ROTTERDAM;Bijzonder;0104810870;https://nextcampusrotterdam.nl/;VBO/MAVO;Beumershoek;3;3085 EA;ROTTERDAM;54;Rotterdam;23;Rijnmond;29;Rijnmond;29;Groot-Rijnmond;17;Rijnmond groot;29;Rijnmond;Midden
Zuid-Holland;41071;23YU;23YU02;Nova College - locatie Montfort College;Montessoriweg;14;3083 AN;ROTTERDAM;0599;ROTTERDAM;Bijzonder;0104855277;www.montfortcollege.nl;VBO/MAVO/HAVO/VWO;Montessoriweg;14;3083 AN;ROTTERDAM;54;Rotterdam;23;Rijnmond;29;Rijnmond;29;Groot-Rijnmond;17;Rijnmond groot;29;Rijnmond;Midden
Zuid-Holland;41071;23YU;23YU08;Nova College - Locatie Dalton Rotterdam Palmentuin;Palmentuin;77-79;3078 KJ;ROTTERDAM;0599;ROTTERDAM;Bijzonder;0104824966;www.daltonrotterdam.nl;VBO/MAVO;Postbus;9026;3007 AA;ROTTERDAM;54;Rotterdam;23;Rijnmond;29;Rijnmond;29;Groot-Rijnmond;17;Rijnmond groot;29;Rijnmond;Midden
Zuid-Holland;41071;29VW;29VW00;Het Praktijkcollege Charlois;Talingstraat;170;3082 MH;ROTTERDAM;0599;ROTTERDAM;Bijzonder;0104294946;www.hpc-charlois.nl;PRO;Talingstraat;170;3082 MH;ROTTERDAM;54;Rotterdam;23;Rijnmond;29;Rijnmond;29;Groot-Rijnmond;17;Rijnmond groot;29;Rijnmond;Midden
Zuid-Holland;41071;29VX;29VX00;Het Praktijkcollege Zuidwijk;Schere;47;3085 DT;ROTTERDAM;0599;ROTTERDAM;Bijzonder;0102974580;www.hpc-zuidwijk.nl;PRO;Huismanstraat;30;3082 HK;ROTTERDAM;54;Rotterdam;23;Rijnmond;29;Rijnmond;29;Groot-Rijnmond;17;Rijnmond groot;29;Rijnmond;Midden
Zuid-Holland;41071;29VZ;29VZ00;Het Praktijkcollege Centrum;Schietbaanstraat;26;3014 ZX;ROTTERDAM;0599;ROTTERDAM;Bijzonder;0104362821;www.hpc-centrum.nl;PRO;Schietbaanstraat;26;3014 ZX;ROTTERDAM;54;Rotterdam;23;Rijnmond;29;Rijnmond;29;Groot-Rijnmond;17;Rijnmond groot;29;Rijnmond;Midden
Zuid-Holland;41100;01OE;01OE03;Yuverta;Lange Voort;70;2341 KD;OEGSTGEEST;0579;OEGSTGEEST;Bijzonder;0715173216;https://www.yuverta.nl/vmbooegstgeest;VBO/MAVO;Lange Voort;70;2341 KD;OEGSTGEEST;46;Leiden;21;Rijn-Gouwe;26;Zuid-Holland-Noord;25;Agglomeratie Leiden en Bollenstreek;16;Noord-Zuid-Holland;26;Zuid-Holland-Noord;Midden
Zuid-Holland;41100;01OE;01OE05;Yuverta;Rijksstraatweg;30-B;3286 LS;KLAASWAAL;1963;HOEKSCHE WAARD;Bijzonder;0186572000;yuverta.nl/vmboklaaswaal;VBO;Rijksstraatweg;30-B;3286 LS;KLAASWAAL;55;Oud-Beijerland;23;Rijnmond;30;Zuid-Holland-Zuid;29;Groot-Rijnmond;17;Rijnmond groot;30;Zuid-Holland-Zuid;Midden
Zuid-Holland;41100;01OE;01OE06;Yuverta;Madesteinweg;25;2553 EC;'S-GRAVENHAGE;0518;S GRAVENHAGE;Bijzonder;0704400625;yuverta.nl/vmbodenhaagmadestein;VBO/MAVO;Madesteinweg;25;2553 EC;'S-GRAVENHAGE;49;'s-Gravenhage;22;Haaglanden;28;Haaglanden;26;Agglomeratie 's-Gravenhage;16;Noord-Zuid-Holland;28;Haaglanden/Westland;Midden
Zuid-Holland;41100;01OE;01OE07;Yuverta;Westvlietweg;42;2491 EC;'S-GRAVENHAGE;0518;S GRAVENHAGE;Bijzonder;0703864228;yuverta.nl/vmbodenhaagwestvliet;VBO/MAVO;Westvlietweg;42;2491 EC;'S-GRAVENHAGE;49;'s-Gravenhage;22;Haaglanden;28;Haaglanden;26;Agglomeratie 's-Gravenhage;16;Noord-Zuid-Holland;28;Haaglanden/Westland;Midden
Zuid-Holland;41100;01OE;01OE12;Yuverta;Chico Mendesring;825;3315 WX;DORDRECHT;0505;DORDRECHT;Bijzonder;0786216464;www.yuverta.nl;VBO/MAVO;Chico Mendesring;825;3315 WX;DORDRECHT;53;Dordrecht/Zwijndrecht;23;Rijnmond;30;Zuid-Holland-Zuid;30;Zuidoost-Zuid-Holland;18;Dordrecht-Gorinchem;30;Zuid-Holland-Zuid;Midden
Zuid-Holland;41100;01OE;01OE13;Yuverta;Anna-Hoevestraat;2;3232 VC;BRIELLE;1992;VOORNE AAN ZEE;Bijzonder;0181413088;yuverta.nl/vmbobrielle;VBO;Postbus;128;3230 AC;BRIELLE;56;Brielle;23;Rijnmond;29;Rijnmond;29;Groot-Rijnmond;17;Rijnmond groot;29;Rijnmond;Midden
Zuid-Holland;41100;01OE;01OE27;Yuverta;Zijde;105;2771 EV;BOSKOOP;0484;ALPHEN AAN DEN RIJN;Bijzonder;0172213456;yuverta.nl/vmboboskoop;VBO;Zijde;105;2771 EV;BOSKOOP;47;Alphen aan den Rijn;21;Rijn-Gouwe;27;Zuid-Holland-Oost;28;Oost-Zuid-Holland;16;Noord-Zuid-Holland;27;Zuid-Holland-Oost;Midden
Zuid-Holland;41100;01OE;01OE28;Yuverta;Ronsseweg;555;2803 ZK;GOUDA;0513;GOUDA;Bijzonder;0182543743;yuverta.nl/vmbogouda;VBO;Ronsseweg;555;2803 ZK;GOUDA;51;Gouda;21;Rijn-Gouwe;27;Zuid-Holland-Oost;28;Oost-Zuid-Holland;16;Noord-Zuid-Holland;27;Zuid-Holland-Oost;Midden
Zuid-Holland;41100;01OE;01OE30;Yuverta;Kalkovenweg;62;2401 LK;ALPHEN AAN DEN RIJN;0484;ALPHEN AAN DEN RIJN;Bijzonder;0172431120;yuverta.nl/vmboalphenaandenrijn;VBO;Kalkovenweg;62;2401 LK;ALPHEN AAN DEN RIJN;47;Alphen aan den Rijn;21;Rijn-Gouwe;27;Zuid-Holland-Oost;28;Oost-Zuid-Holland;16;Noord-Zuid-Holland;27;Zuid-Holland-Oost;Midden
Zuid-Holland;41100;01OE;01OE32;Yuverta;B;140;2975 BK;OTTOLAND;1978;MOLENLANDEN;Bijzonder;0184641409;https://www.yuverta.nl/middelbare-school/scholen/chr.-vmbo-ottoland/;VBO;B;140;2975 BK;OTTOLAND;52;Gorinchem;23;Rijnmond;30;Zuid-Holland-Zuid;30;Zuidoost-Zuid-Holland;18;Dordrecht-Gorinchem;30;Zuid-Holland-Zuid;Midden
Zuid-Holland;41100;01OE;01OE33;Yuverta;Sandtlaan;98;2231 CE;RIJNSBURG;0537;KATWIJK;Bijzonder;0714021657;yuverta.nl/vmborijnsburg;VBO;Postbus;82;2230 AB;RIJNSBURG;46;Leiden;21;Rijn-Gouwe;26;Zuid-Holland-Noord;25;Agglomeratie Leiden en Bollenstreek;16;Noord-Zuid-Holland;26;Zuid-Holland-Noord;Midden
Zuid-Holland;41142;27RW;27RW00;de Passie Evangelische School voor Vmbo-tl, Havo, Atheneum, Gymnasium;Ulaanbaatarplein;6;3072 JP;ROTTERDAM;0599;ROTTERDAM;Bijzonder;0883372730;www.passie.net;VBO/MAVO/HAVO/VWO;Ulaanbaatarplein;6;3072 JP;ROTTERDAM;54;Rotterdam;23;Rijnmond;29;Rijnmond;29;Groot-Rijnmond;17;Rijnmond groot;29;Rijnmond;Midden
Zuid-Holland;41163;09VS;09VS00;Het Waterland;Boerhaavelaan;345;2334 EM;LEIDEN;0546;LEIDEN;Bijzonder;0715163636;www.hetwaterland.nl;PRO;Boerhaavelaan;345;2334 EM;LEIDEN;46;Leiden;21;Rijn-Gouwe;26;Zuid-Holland-Noord;25;Agglomeratie Leiden en Bollenstreek;16;Noord-Zuid-Holland;26;Zuid-Holland-Noord;Midden
Zuid-Holland;41298;00HI;00HI00;SGM Dalton College Voorburg voor Lyceum HAVO MAVO VBO LWOO;Loolaan;125;2271 TM;VOORBURG;1916;LEIDSCHENDAM-VOORBURG;Bijzonder;0703007700;www.daltonvoorburg.nl;VBO/MAVO/HAVO/VWO;Loolaan;125;2271 TM;VOORBURG;49;'s-Gravenhage;22;Haaglanden;28;Haaglanden;26;Agglomeratie 's-Gravenhage;16;Noord-Zuid-Holland;28;Haaglanden/Westland;Midden
Zuid-Holland;41298;00HI;00HI03;François Vatel vmbo;Granaathorst;20;2592 TD;'S-GRAVENHAGE;0518;S GRAVENHAGE;Bijzonder;0703440000;www.vatel.nl;VBO/MAVO;Granaathorst;20;2592 TD;'S-GRAVENHAGE;49;'s-Gravenhage;22;Haaglanden;28;Haaglanden;26;Agglomeratie 's-Gravenhage;16;Noord-Zuid-Holland;28;Haaglanden/Westland;Midden
Zuid-Holland;41298;00XK;00XK00;Veurs Lyceum voor Atheneum Havo Mavo Vbo Lwoo;Burg Kolfschotenlaan;5;2262 EZ;LEIDSCHENDAM;1916;LEIDSCHENDAM-VOORBURG;Bijzonder;0704199100;www.veurslyceum.nl;VBO/MAVO/HAVO/VWO;Burg Kolfschotenlaan;5;2262 EZ;LEIDSCHENDAM;49;'s-Gravenhage;22;Haaglanden;28;Haaglanden;26;Agglomeratie 's-Gravenhage;16;Noord-Zuid-Holland;28;Haaglanden/Westland;Midden
Zuid-Holland;41298;00XK;00XK02;Veurs Voorburg vmbo;Delflandlaan;4;2273 CS;VOORBURG;1916;LEIDSCHENDAM-VOORBURG;Bijzonder;0704199200;www.veursvoorburg.nl;VBO/MAVO;Delflandlaan;4;2273 CS;VOORBURG;49;'s-Gravenhage;22;Haaglanden;28;Haaglanden;26;Agglomeratie 's-Gravenhage;16;Noord-Zuid-Holland;28;Haaglanden/Westland;Midden
Zuid-Holland;41298;02MU;02MU00;Sint Maartenscollege Scholengemeenschap voor Vwo Havo en Mavo Voorburg;Aart van der Leeuwkade;14;2274 KX;VOORBURG;1916;LEIDSCHENDAM-VOORBURG;Bijzonder;0703867272;www.st-maartenscollege.nl;MAVO/HAVO/VWO;Aart van der Leeuwkade;14;2274 KX;VOORBURG;49;'s-Gravenhage;22;Haaglanden;28;Haaglanden;26;Agglomeratie 's-Gravenhage;16;Noord-Zuid-Holland;28;Haaglanden/Westland;Midden
Zuid-Holland;41298;02VO;02VO00;Gymnasium Novum;Aart van der Leeuwkade;1;2274 KX;VOORBURG;1916;LEIDSCHENDAM-VOORBURG;Bijzonder;0703004110;www.gymnasiumnovum.nl;VWO;Aart van der Leeuwkade;1;2274 KX;VOORBURG;49;'s-Gravenhage;22;Haaglanden;28;Haaglanden;26;Agglomeratie 's-Gravenhage;16;Noord-Zuid-Holland;28;Haaglanden/Westland;Midden
Zuid-Holland;41298;02VO;02VO02;‘s-Gravendreef College VWO;Henri Faasdreef;218;2492 JP;'S-GRAVENHAGE;0518;S GRAVENHAGE;Bijzonder; ; ;VWO; ; ; ; ;49;'s-Gravenhage;22;Haaglanden;28;Haaglanden;26;Agglomeratie 's-Gravenhage;16;Noord-Zuid-Holland;28;Haaglanden/Westland;Midden
Zuid-Holland;41298;20AB;20AB00;SGM Grotius College Delft voor Lyceum Havo Mavo Vbo Lwoo;Juniusstraat;8;2625 XZ;DELFT;0503;DELFT;Openbaar;0158000002;www.grotiuscollege.nl;VBO/MAVO/HAVO/VWO;Postbus;470;2600 AL;DELFT;50;Delft;22;Haaglanden;28;Haaglanden;27;Delft en Westland;16;Noord-Zuid-Holland;28;Haaglanden/Westland;Midden
Zuid-Holland;41298;20AB;20AB04;Scholencombinatie Delfland (Grotius) voor Lyceum Havo Mavo Vbo Lwoo;Van Bleyswijckstraat;72;2613 RT;DELFT;0503;DELFT;Openbaar;0152000014; ;VBO/MAVO;Postbus;470;2600 AL;DELFT;50;Delft;22;Haaglanden;28;Haaglanden;27;Delft en Westland;16;Noord-Zuid-Holland;28;Haaglanden/Westland;Midden
Zuid-Holland;41298;20AB;20AB05;Pro Grotius voor Lyceum Havo Mavo Vbo Lwoo;Vulcanusweg;258;2624 AX;DELFT;0503;DELFT;Openbaar;0158000001;progrotius.nl;PRO;Postbus;470;2600 AL;DELFT;50;Delft;22;Haaglanden;28;Haaglanden;27;Delft en Westland;16;Noord-Zuid-Holland;28;Haaglanden/Westland;Midden
Zuid-Holland;41298;20AB;20AB08;ISK Delft voor Lyceum Havo Mavo Vbo Lwoo;Juniusstraat;6;2625 XZ;DELFT;0503;DELFT;Openbaar;0158000080;www.iskgrotius.nl;BRUGJAAR;Juniusstraat;6;2625 XZ;DELFT;50;Delft;22;Haaglanden;28;Haaglanden;27;Delft en Westland;16;Noord-Zuid-Holland;28;Haaglanden/Westland;Midden
Zuid-Holland;41298;31EW;31EW00;'s Gravendreef College voor vbo, mavo en havo;Klaas Voskuildreef;135;2492 JJ;'S-GRAVENHAGE;0518;S GRAVENHAGE;Bijzonder;0703017755;www.sgdc.nl;VBO/MAVO/HAVO;Klaas Voskuildreef;135;2492 JJ;'S-GRAVENHAGE;49;'s-Gravenhage;22;Haaglanden;28;Haaglanden;26;Agglomeratie 's-Gravenhage;16;Noord-Zuid-Holland;28;Haaglanden/Westland;Midden
Zuid-Holland;41298;31EW;31EW01;'s Gravendreef College voor vbo, mavo en havo;Fluitpolderplein;9;2262 ED;LEIDSCHENDAM;1916;LEIDSCHENDAM-VOORBURG;Bijzonder;0704199300;www.sgdc.nl/Leidschendam;VBO/MAVO;Fluitpolderplein;9;2262 ED;LEIDSCHENDAM;49;'s-Gravenhage;22;Haaglanden;28;Haaglanden;26;Agglomeratie 's-Gravenhage;16;Noord-Zuid-Holland;28;Haaglanden/Westland;Midden
Zuid-Holland;41298;31EW;31EW02;'s-Gravendreef College voor vbo, mavo, havo;Henri Faasdreef;200;2492 JP;'S-GRAVENHAGE;0518;S GRAVENHAGE;Bijzonder;0703017755;www.sgdc.nl/Leidschenveen;VBO/MAVO/HAVO;Klaas Voskuildreef;135;2492 JJ;'S-GRAVENHAGE;49;'s-Gravenhage;22;Haaglanden;28;Haaglanden;26;Agglomeratie 's-Gravenhage;16;Noord-Zuid-Holland;28;Haaglanden/Westland;Midden
Zuid-Holland;41360;02US;02US00;Scholengemeenschap Haags Montessori Lyceum voor Lyceum Havo Mavo Vbo;Nassau Bredastraat;5;2596 AK;'S-GRAVENHAGE;0518;S GRAVENHAGE;Bijzonder;0703245418;www.hml.nl;MAVO/HAVO/VWO;Nassau Bredastraat;5;2596 AK;'S-GRAVENHAGE;49;'s-Gravenhage;22;Haaglanden;28;Haaglanden;26;Agglomeratie 's-Gravenhage;16;Noord-Zuid-Holland;28;Haaglanden/Westland;Midden
Zuid-Holland;41360;02US;02US04;Scholengemeenschap Haags Montessori Lyceum voor Lyceum Havo Mavo Vbo;Neuhuyskade;40;2596 XL;'S-GRAVENHAGE;0518;S GRAVENHAGE;Bijzonder;0703245418;www.hml.nl;MAVO/HAVO/VWO;Nassau Bredastraat;5;2596 AK;'S-GRAVENHAGE;49;'s-Gravenhage;22;Haaglanden;28;Haaglanden;26;Agglomeratie 's-Gravenhage;16;Noord-Zuid-Holland;28;Haaglanden/Westland;Midden
Zuid-Holland;41360;19ZP;19ZP00;Maris College voor Mavo Vmbo Lwoo;Mgr. Nolenslaan;16;2555 XZ;'S-GRAVENHAGE;0518;S GRAVENHAGE;Openbaar;0703231334;www.mariscollege.nl;VBO/MAVO;Mgr. Nolenslaan;16;2555 XZ;'S-GRAVENHAGE;49;'s-Gravenhage;22;Haaglanden;28;Haaglanden;26;Agglomeratie 's-Gravenhage;16;Noord-Zuid-Holland;28;Haaglanden/Westland;Midden
Zuid-Holland;41360;19ZP;19ZP03;Maris College voor Mavo Vmbo Lwoo - locatie Kijkduin;Landrestraat;150;2551 CA;'S-GRAVENHAGE;0518;S GRAVENHAGE;Openbaar;0703231334;www.mariscollege.nl;VBO/MAVO;Landrestraat;150;2551 CA;'S-GRAVENHAGE;49;'s-Gravenhage;22;Haaglanden;28;Haaglanden;26;Agglomeratie 's-Gravenhage;16;Noord-Zuid-Holland;28;Haaglanden/Westland;Midden
Zuid-Holland;41360;19ZP;19ZP04;Maris College voor Mavo Vmbo Lwoo - locatie Statenkwartier;Antonie Duyckstraat;126;2582 TR;'S-GRAVENHAGE;0518;S GRAVENHAGE;Openbaar;0703551277;www.mariscollege.nl;VBO/MAVO;Antonie Duyckstraat;126;2582 TR;'S-GRAVENHAGE;49;'s-Gravenhage;22;Haaglanden;28;Haaglanden;26;Agglomeratie 's-Gravenhage;16;Noord-Zuid-Holland;28;Haaglanden/Westland;Midden
Zuid-Holland;41360;19ZP;19ZP05;Maris College voor Mavo Vmbo Lwoo - locatie Houtrust;Tjalie Robinsonduin;74;2566 HD;'S-GRAVENHAGE;0518;S GRAVENHAGE;Openbaar;0703231334;www.mariscollege.nl;VBO/MAVO;Postbus;82047;2508 EA;'S-GRAVENHAGE;49;'s-Gravenhage;22;Haaglanden;28;Haaglanden;26;Agglomeratie 's-Gravenhage;16;Noord-Zuid-Holland;28;Haaglanden/Westland;Midden
Zuid-Holland;41360;19ZP;19ZP06;Maris College voor Mavo Vmbo Lwoo;Toscaninistraat;187;2551 LW;'S-GRAVENHAGE;0518;S GRAVENHAGE;Openbaar;0703231334; ;VBO/MAVO;Toscaninistraat;187;2551 LW;'S-GRAVENHAGE;49;'s-Gravenhage;22;Haaglanden;28;Haaglanden;26;Agglomeratie 's-Gravenhage;16;Noord-Zuid-Holland;28;Haaglanden/Westland;Midden
Zuid-Holland;41360;19ZP;19ZP07;Maris College voor Mavo Vmbo Lwoo;Cantateplein;27;2553 VD;'S-GRAVENHAGE;0518;S GRAVENHAGE;Openbaar;0703231334; ;VBO;Cantateplein;27;2553 VD;'S-GRAVENHAGE;49;'s-Gravenhage;22;Haaglanden;28;Haaglanden;26;Agglomeratie 's-Gravenhage;16;Noord-Zuid-Holland;28;Haaglanden/Westland;Midden
Zuid-Holland;41360;20CQ;20CQ00;Atlas Onderwijsgroep voor gymnasium, atheneum, havo, vmbo;Karmozijnstraat;2;2284 GA;RIJSWIJK ZH;0603;RIJSWIJK;Openbaar;0703364944;www.rijswijkslyceum.nl;VBO/MAVO/HAVO/VWO;Karmozijnstraat;2;2284 GA;RIJSWIJK ZH;49;'s-Gravenhage;22;Haaglanden;28;Haaglanden;26;Agglomeratie 's-Gravenhage;16;Noord-Zuid-Holland;28;Haaglanden/Westland;Midden
Zuid-Holland;41360;20CQ;20CQ04;Atlas Onderwijsgroep voor gymnasium, atheneum, havo, vmbo;van Vredenburchweg;425;2284 TA;RIJSWIJK ZH;0603;RIJSWIJK;Openbaar; ; ;VBO/MAVO/HAVO/VWO;Karmozijnstraat;2;2284 GA;RIJSWIJK ZH;49;'s-Gravenhage;22;Haaglanden;28;Haaglanden;26;Agglomeratie 's-Gravenhage;16;Noord-Zuid-Holland;28;Haaglanden/Westland;Midden
Zuid-Holland;41360;20KD;20KD00;School voor Speciaal Voortgezet Onderwijs De Einder;Spionkopstraat;9;2572 NK;'S-GRAVENHAGE;0518;S GRAVENHAGE;Openbaar;0704451616;www.de-einder.nl;PRO;Spionkopstraat;9;2572 NK;'S-GRAVENHAGE;49;'s-Gravenhage;22;Haaglanden;28;Haaglanden;26;Agglomeratie 's-Gravenhage;16;Noord-Zuid-Holland;28;Haaglanden/Westland;Midden
Zuid-Holland;41360;20KD;20KD01;School voor Speciaal Voortgezet Onderwijs De Einder;Spionkopstraat;13;2572 NK;'S-GRAVENHAGE;0518;S GRAVENHAGE;Openbaar;0704451616;www.de-einder.nl;PRO;Spionkopstraat;9;2572 NK;'S-GRAVENHAGE;49;'s-Gravenhage;22;Haaglanden;28;Haaglanden;26;Agglomeratie 's-Gravenhage;16;Noord-Zuid-Holland;28;Haaglanden/Westland;Midden
Zuid-Holland;41360;20LU;20LU00;Gymnasium Haganum;Laan van Meerdervoort;57;2517 AG;'S-GRAVENHAGE;0518;S GRAVENHAGE;Openbaar;0703469243;www.haganum.nl;VWO;Laan van Meerdervoort;57;2517 AG;'S-GRAVENHAGE;49;'s-Gravenhage;22;Haaglanden;28;Haaglanden;26;Agglomeratie 's-Gravenhage;16;Noord-Zuid-Holland;28;Haaglanden/Westland;Midden
Zuid-Holland;41360;20MA;20MA00;Scholengemeenschap het Segbroekcollege Vwo Havo Mavo;Klaverstraat;7;2565 BT;'S-GRAVENHAGE;0518;S GRAVENHAGE;Openbaar;0703634940;www.segbroek.nl;MAVO/HAVO/VWO;Klaverstraat;7;2565 BT;'S-GRAVENHAGE;49;'s-Gravenhage;22;Haaglanden;28;Haaglanden;26;Agglomeratie 's-Gravenhage;16;Noord-Zuid-Holland;28;Haaglanden/Westland;Midden
Zuid-Holland;41360;20MA;20MA01;Scholengemeenschap het Segbroekcollege Vwo Havo Mavo;Goudsbloemlaan;131;2565 CR;'S-GRAVENHAGE;0518;S GRAVENHAGE;Openbaar;0703633439; ;MAVO/HAVO/VWO;Klaverstraat;7;2565 BT;'S-GRAVENHAGE;49;'s-Gravenhage;22;Haaglanden;28;Haaglanden;26;Agglomeratie 's-Gravenhage;16;Noord-Zuid-Holland;28;Haaglanden/Westland;Midden
Zuid-Holland;41360;20MD;20MD00;Maerlant Lyceum met Afdeling Havo;Johannes Bildersstraat;11;2596 ED;'S-GRAVENHAGE;0518;S GRAVENHAGE;Openbaar;0703244529;www.maerlant-lyceum.nl;HAVO/VWO;Johannes Bildersstraat;11;2596 ED;'S-GRAVENHAGE;49;'s-Gravenhage;22;Haaglanden;28;Haaglanden;26;Agglomeratie 's-Gravenhage;16;Noord-Zuid-Holland;28;Haaglanden/Westland;Midden
Zuid-Holland;41360;20MF;20MF00;Dalton Den Haag gymnasium atheneum havo;Aronskelkweg;1;2555 GA;'S-GRAVENHAGE;0518;S GRAVENHAGE;Openbaar;0703689890;www.daltondenhaag.nl;HAVO/VWO;Aronskelkweg;1;2555 GA;'S-GRAVENHAGE;49;'s-Gravenhage;22;Haaglanden;28;Haaglanden;26;Agglomeratie 's-Gravenhage;16;Noord-Zuid-Holland;28;Haaglanden/Westland;Midden
Zuid-Holland;41360;20MJ;20MJ00;Johan de Witt Scholengroep voor Vwo Havo Mavo Vmbo Pro Lwoo nieuwkomers;Zusterstraat;120;2512 TP;'S-GRAVENHAGE;0518;S GRAVENHAGE;Openbaar;0703120750;www.johandewittscholengroep.nl;VBO/MAVO/HAVO/VWO;Zusterstraat;120;2512 TP;'S-GRAVENHAGE;49;'s-Gravenhage;22;Haaglanden;28;Haaglanden;26;Agglomeratie 's-Gravenhage;16;Noord-Zuid-Holland;28;Haaglanden/Westland;Midden
Zuid-Holland;41360;20MJ;20MJ02;Johan de Witt Scholengr voor Vwo Havo Mavo Vmbo Pro Lwoo loc Maris Belgisch Park;Nieuwe Duinweg;10;2587 AC;'S-GRAVENHAGE;0518;S GRAVENHAGE;Openbaar;0703227078;www.mariscollege.nl;VBO/MAVO/HAVO/VWO;Nieuwe Duinweg;12;2587 AC;'S-GRAVENHAGE;49;'s-Gravenhage;22;Haaglanden;28;Haaglanden;26;Agglomeratie 's-Gravenhage;16;Noord-Zuid-Holland;28;Haaglanden/Westland;Midden
Zuid-Holland;41360;20MJ;20MJ04;Johan de Witt Scholengroep voor VwoHavo Mavo Vmbo Pro Lwoo Nieuwkomers;Capadosestraat;25;2523 AB;'S-GRAVENHAGE;0518;S GRAVENHAGE;Openbaar;0703312301;www.johandewittscholengroep.nl;VBO/MAVO/PRO;Zusterstraat;120;2512 TP;'S-GRAVENHAGE;49;'s-Gravenhage;22;Haaglanden;28;Haaglanden;26;Agglomeratie 's-Gravenhage;16;Noord-Zuid-Holland;28;Haaglanden/Westland;Midden
Zuid-Holland;41360;20MJ;20MJ05;Johan de Witt Scholengroep voor Vwo Havo Mavo Vmbo Pro Lwoo Nieuwkomers;Hooftskade;127-129;2526 KB;'S-GRAVENHAGE;0518;S GRAVENHAGE;Openbaar;0703312301;www.johandewittscholengroep.nl;VBO;Zusterstraat;120;2512 TP;'S-GRAVENHAGE;49;'s-Gravenhage;22;Haaglanden;28;Haaglanden;26;Agglomeratie 's-Gravenhage;16;Noord-Zuid-Holland;28;Haaglanden/Westland;Midden
Zuid-Holland;41360;20MJ;20MJ12;Johan de Witt Scholengroep voor Vwo Havo Mavo Vmbo Pro Lwoo nieuwkomers;Glasblazerslaan;25;2512 XW;'S-GRAVENHAGE;0518;S GRAVENHAGE;Openbaar; ; ;VBO/MAVO/HAVO/VWO;Zusterstraat;120;2512 TP;'S-GRAVENHAGE;49;'s-Gravenhage;22;Haaglanden;28;Haaglanden;26;Agglomeratie 's-Gravenhage;16;Noord-Zuid-Holland;28;Haaglanden/Westland;Midden
Zuid-Holland;41360;20MJ;20MJ13;Johan de Witt Scholengroep voor Vwo Havo Mavo Vmbo Pro Lwoo nieuwkomers;Antonie Duyckstraat;126;2582 TR;'S-GRAVENHAGE;0518;S GRAVENHAGE;Openbaar; ; ;VBO;Zusterstraat;120;2512 TP;'S-GRAVENHAGE;49;'s-Gravenhage;22;Haaglanden;28;Haaglanden;26;Agglomeratie 's-Gravenhage;16;Noord-Zuid-Holland;28;Haaglanden/Westland;Midden
Zuid-Holland;41360;20MJ;20MJ14;Johan de Witt Scholengroep voor Vwo Havo Mavo Vmbo Pro Lwoo nieuwkomers;Vermeerstraat;56;2525 VM;'S-GRAVENHAGE;0518;S GRAVENHAGE;Openbaar; ; ;VBO/MAVO/HAVO/VWO;Zusterstraat;120;2512 TP;'S-GRAVENHAGE;49;'s-Gravenhage;22;Haaglanden;28;Haaglanden;26;Agglomeratie 's-Gravenhage;16;Noord-Zuid-Holland;28;Haaglanden/Westland;Midden
Zuid-Holland;41360;20MJ;20MJ15;Mackaystraat Den Haag;Mackaystraat;6;2571 AR;'S-GRAVENHAGE;0518;S GRAVENHAGE;Openbaar; ; ;VBO/MAVO/HAVO/VWO; ; ; ; ;49;'s-Gravenhage;22;Haaglanden;28;Haaglanden;26;Agglomeratie 's-Gravenhage;16;Noord-Zuid-Holland;28;Haaglanden/Westland;Midden
Zuid-Holland;41360;32JT;32JT00;Lyceum Ypenburg;Laan van Kans;3;2496 VB;'S-GRAVENHAGE;0518;S GRAVENHAGE;Openbaar;0704132050;www.lyceumypenburg.nl;MAVO/HAVO/VWO; ; ; ; ;49;'s-Gravenhage;22;Haaglanden;28;Haaglanden;26;Agglomeratie 's-Gravenhage;16;Noord-Zuid-Holland;28;Haaglanden/Westland;Midden
Zuid-Holland;41360;32JT;32JT01;Lyceum Ypenburg locatie Windjammersingel;Windjammersingel;80;2496 ZC;'S-GRAVENHAGE;0518;S GRAVENHAGE;Openbaar; ; ;MAVO/HAVO/VWO; ; ; ; ;49;'s-Gravenhage;22;Haaglanden;28;Haaglanden;26;Agglomeratie 's-Gravenhage;16;Noord-Zuid-Holland;28;Haaglanden/Westland;Midden
Zuid-Holland;41386;19ZU;19ZU00;Gemeentelijk Gymnasium Camphusianum;Vroedschapstraat;11;4204 AJ;GORINCHEM;0512;GORINCHEM;Openbaar;0183622388;www.camphusianum.nl;VWO;Vroedschapstraat;11;4204 AJ;GORINCHEM;52;Gorinchem;23;Rijnmond;30;Zuid-Holland-Zuid;30;Zuidoost-Zuid-Holland;18;Dordrecht-Gorinchem;30;Zuid-Holland-Zuid;Midden
Zuid-Holland;41386;24TP;24TP00;Merewade College Openbare Scholengemeenschap voor Ath Havo Mavo Vbo Lwoo;Wijdschildlaan;4;4207 EA;GORINCHEM;0512;GORINCHEM;Openbaar;0183656868;www.merewade.nl;VBO/MAVO/HAVO/VWO;Wijdschildlaan;4;4207 EA;GORINCHEM;52;Gorinchem;23;Rijnmond;30;Zuid-Holland-Zuid;30;Zuidoost-Zuid-Holland;18;Dordrecht-Gorinchem;30;Zuid-Holland-Zuid;Midden
Zuid-Holland;41386;24TP;24TP02;Merewade College Openbare Scholengemeenschap voor Ath Havo Mavo Vbo Lwoo;W. de Vries Robbeweg;27;4206 AK;GORINCHEM;0512;GORINCHEM;Openbaar;0183622728; ;VBO;Wijdschildlaan;4;4207 EA;GORINCHEM;52;Gorinchem;23;Rijnmond;30;Zuid-Holland-Zuid;30;Zuidoost-Zuid-Holland;18;Dordrecht-Gorinchem;30;Zuid-Holland-Zuid;Midden
Zuid-Holland;41386;24TP;24TP03;Merewade College Openbare Scholengemeenschap voor Ath Havo Mavo Vbo Lwoo;Merwedekanaal;8;4206 BC;GORINCHEM;0512;GORINCHEM;Openbaar;0183626460;www.vita-college.nl;PRO;Wijdschildlaan;4;4207 EA;GORINCHEM;52;Gorinchem;23;Rijnmond;30;Zuid-Holland-Zuid;30;Zuidoost-Zuid-Holland;18;Dordrecht-Gorinchem;30;Zuid-Holland-Zuid;Midden
Zuid-Holland;41386;24TP;24TP05;Merewade College Openbare Scholengemeenschap voor Ath Havo Mavo Vbo Lwoo;W. de Vries Robbeweg;27;4206 AK;GORINCHEM;0512;GORINCHEM;Openbaar; ; ;VBO; ; ; ; ;52;Gorinchem;23;Rijnmond;30;Zuid-Holland-Zuid;30;Zuidoost-Zuid-Holland;18;Dordrecht-Gorinchem;30;Zuid-Holland-Zuid;Midden
Zuid-Holland;41389;23KU;23KU00;Northgo College Openbare Scholengemeenschap voor Vmbo Havo Vwo;Duinwetering;107;2203 HM;NOORDWIJK ZH;0575;NOORDWIJK;Openbaar;0713681840;www.northgo-college.nl;MAVO/HAVO/VWO;Postbus;429;2200 AK;NOORDWIJK ZH;46;Leiden;21;Rijn-Gouwe;26;Zuid-Holland-Noord;25;Agglomeratie Leiden en Bollenstreek;16;Noord-Zuid-Holland;26;Zuid-Holland-Noord;Midden
Zuid-Holland;41396;26MP;26MP00;De Noordhoek;Hoefslag;8;4205 NK;GORINCHEM;0512;GORINCHEM;Bijzonder;0183625350;www.denoordhoek.com;PRO;Hoefslag;8;4205 NK;GORINCHEM;52;Gorinchem;23;Rijnmond;30;Zuid-Holland-Zuid;30;Zuidoost-Zuid-Holland;18;Dordrecht-Gorinchem;30;Zuid-Holland-Zuid;Midden
Zuid-Holland;41397;24PY;24PY00;Stedelijk Dalton Lyceum voor Lyceum Havo Mavo Vbo Lwoo;Overkampweg;125;3318 AN;DORDRECHT;0505;DORDRECHT;Openbaar;0786526565;www.dalton-dordrecht.nl;HAVO/VWO;Postbus;8007;3301 CA;DORDRECHT;53;Dordrecht/Zwijndrecht;23;Rijnmond;30;Zuid-Holland-Zuid;30;Zuidoost-Zuid-Holland;18;Dordrecht-Gorinchem;30;Zuid-Holland-Zuid;Midden
Zuid-Holland;41397;24PY;24PY02;Stedelijk Dalton Lyceum voor Lyceum Havo Mavo Vbo Lwoo;Leerparkpromenade;300;3312 KW;DORDRECHT;0505;DORDRECHT;Openbaar;0788905300;www.dalton-dordrecht.nl;VBO;Postbus;8007;3301 CA;DORDRECHT;53;Dordrecht/Zwijndrecht;23;Rijnmond;30;Zuid-Holland-Zuid;30;Zuidoost-Zuid-Holland;18;Dordrecht-Gorinchem;30;Zuid-Holland-Zuid;Midden
Zuid-Holland;41397;24PY;24PY05;Stedelijk Dalton Lyceum voor Lyceum Havo Mavo Vbo Lwoo;Kapteynweg;3;3318 EC;DORDRECHT;0505;DORDRECHT;Openbaar;0786530888;www.dalton-dordrecht.nl;VBO/MAVO/HAVO;Postbus;8007;3301 CA;DORDRECHT;53;Dordrecht/Zwijndrecht;23;Rijnmond;30;Zuid-Holland-Zuid;30;Zuidoost-Zuid-Holland;18;Dordrecht-Gorinchem;30;Zuid-Holland-Zuid;Midden
Zuid-Holland;41397;24PY;24PY08;Stedelijk Dalton Lyceum voor Lyceum Havo Mavo Vbo Lwoo;Eulerlaan;51;3328 KS;DORDRECHT;0505;DORDRECHT;Openbaar; ; ;BRUGJAAR;Postbus;8007;3301 CA;DORDRECHT;53;Dordrecht/Zwijndrecht;23;Rijnmond;30;Zuid-Holland-Zuid;30;Zuidoost-Zuid-Holland;18;Dordrecht-Gorinchem;30;Zuid-Holland-Zuid;Midden
Zuid-Holland;41397;24PY;24PY09;Stedelijk Dalton Lyceum voor Lyceum Havo Mavo Vbo Lwoo;Schoorweg;6;3356 BX;PAPENDRECHT;0590;PAPENDRECHT;Overige; ; ;HAVO/VWO; ; ; ; ;53;Dordrecht/Zwijndrecht;23;Rijnmond;30;Zuid-Holland-Zuid;30;Zuidoost-Zuid-Holland;18;Dordrecht-Gorinchem;30;Zuid-Holland-Zuid;Midden
Zuid-Holland;41417;06WY;06WY00;Griendencollege voor VMBO;Prof Kamerlingh Onnesln;109;3362 VE;SLIEDRECHT;0610;SLIEDRECHT;Bijzonder;0184750200;www.griendencollege.nl;VBO/MAVO;Postbus;85;3360 AB;SLIEDRECHT;53;Dordrecht/Zwijndrecht;23;Rijnmond;30;Zuid-Holland-Zuid;30;Zuidoost-Zuid-Holland;18;Dordrecht-Gorinchem;30;Zuid-Holland-Zuid;Midden
Zuid-Holland;41417;26HD;26HD00;Algemeen Bijzondere School voor Praktijkonderwijs De Sprong;Elzenhof;124;3363 HE;SLIEDRECHT;0610;SLIEDRECHT;Bijzonder;0184430150;www.sprong.spon.nu;PRO;Elzenhof;124;3363 HE;SLIEDRECHT;53;Dordrecht/Zwijndrecht;23;Rijnmond;30;Zuid-Holland-Zuid;30;Zuidoost-Zuid-Holland;18;Dordrecht-Gorinchem;30;Zuid-Holland-Zuid;Midden
Zuid-Holland;41417;26HD;26HD01;Algemeen Bijzondere School voor Praktijkonderwijs De Sprong;Laurensvliet;2-R;3331 HW;ZWIJNDRECHT;0642;ZWIJNDRECHT;Bijzonder; ; ;PRO;Elzenhof;124;3363 HE;SLIEDRECHT;53;Dordrecht/Zwijndrecht;23;Rijnmond;30;Zuid-Holland-Zuid;30;Zuidoost-Zuid-Holland;18;Dordrecht-Gorinchem;30;Zuid-Holland-Zuid;Midden
Zuid-Holland;41444;15XV;15XV00;Regionale Scholengemeenschap Hoeksche Waard VWO Havo Mavo Vbo LWOO;Hoefsmid;1;3263 CC;OUD-BEIJERLAND;1963;HOEKSCHE WAARD;Openbaar;0186617522;www.hoekschlyceum.nl;VBO/MAVO/HAVO/VWO;Hoefsmid;1;3263 CC;OUD-BEIJERLAND;55;Oud-Beijerland;23;Rijnmond;30;Zuid-Holland-Zuid;29;Groot-Rijnmond;17;Rijnmond groot;30;Zuid-Holland-Zuid;Midden
Zuid-Holland;41444;15XV;15XV01;Regionale Scholengemeenschap Hoeksche Waard VWO Havo Mavo Vbo LWOO;Polderlaan;5;3261 ZA;OUD-BEIJERLAND;1963;HOEKSCHE WAARD;Openbaar;0186612130;www.actiefcollege.nl;VBO;Polderlaan;5;3261 ZA;OUD-BEIJERLAND;55;Oud-Beijerland;23;Rijnmond;30;Zuid-Holland-Zuid;29;Groot-Rijnmond;17;Rijnmond groot;30;Zuid-Holland-Zuid;Midden
Zuid-Holland;41513;20KZ;20KZ00;Joh De Wittgymnasium;Oranjepark;11;3311 LP;DORDRECHT;0505;DORDRECHT;Openbaar;0786482626;www.jdw.nl;VWO;Oranjepark;11;3311 LP;DORDRECHT;53;Dordrecht/Zwijndrecht;23;Rijnmond;30;Zuid-Holland-Zuid;30;Zuidoost-Zuid-Holland;18;Dordrecht-Gorinchem;30;Zuid-Holland-Zuid;Midden
Zuid-Holland;41525;13WH;13WH00;De Goudse Scholengemeenschap voor VMBO-TL, HAVO en VWO Leo Vroman;Willem de Zwijgersingel;5;2805 BP;GOUDA;0513;GOUDA;Openbaar;0182599994;www.gsgleovroman.nl;MAVO/HAVO/VWO;Willem de Zwijgersingel;5;2805 BP;GOUDA;51;Gouda;21;Rijn-Gouwe;27;Zuid-Holland-Oost;28;Oost-Zuid-Holland;16;Noord-Zuid-Holland;27;Zuid-Holland-Oost;Midden
Zuid-Holland;41525;20AI;20AI00;Coornhert Gymnasium;Jan van Renesseplein;1;2805 GT;GOUDA;0513;GOUDA;Openbaar;0182599517;www.coornhert-gymnasium.nl;VWO;Jan van Renesseplein;1;2805 GT;GOUDA;51;Gouda;21;Rijn-Gouwe;27;Zuid-Holland-Oost;28;Oost-Zuid-Holland;16;Noord-Zuid-Holland;27;Zuid-Holland-Oost;Midden
Zuid-Holland;41525;26LT;26LT00;Het Segment Regionale School voor Praktijkonderwijs;van Bergen IJzendoornprk;43;2801 AB;GOUDA;0513;GOUDA;Openbaar;0182513620;www.segmentgouda.nl;PRO;van Bergen IJzendoornprk;43;2801 AB;GOUDA;51;Gouda;21;Rijn-Gouwe;27;Zuid-Holland-Oost;28;Oost-Zuid-Holland;16;Noord-Zuid-Holland;27;Zuid-Holland-Oost;Midden
Zuid-Holland;41537;00BD;00BD00;Coenecoop College voor Atheneum Havo Mavo Voorbereidend Beroeps Onderwijs;Oude Dreef;2;2741 ST;WADDINXVEEN;0627;WADDINXVEEN;Openbaar;0182616055;www.coenecoopcollege.nl;VBO/MAVO/HAVO/VWO;Postbus;161;2740 AD;WADDINXVEEN;51;Gouda;21;Rijn-Gouwe;27;Zuid-Holland-Oost;28;Oost-Zuid-Holland;16;Noord-Zuid-Holland;27;Zuid-Holland-Oost;Midden
Zuid-Holland;41537;00BD;00BD02;Coenecoop College voor Atheneum Havo Mavo Voorbereidend Beroeps Onderwijs;Torenpad;102;2771 EV;BOSKOOP;0484;ALPHEN AAN DEN RIJN;Openbaar;0182616055; ;BRUGJAAR;Postbus;161;2740 AD;WADDINXVEEN;47;Alphen aan den Rijn;21;Rijn-Gouwe;27;Zuid-Holland-Oost;28;Oost-Zuid-Holland;16;Noord-Zuid-Holland;27;Zuid-Holland-Oost;Midden
Zuid-Holland;41537;10AN;10AN00;Scala College voor Atheneum Havo Vmbo-Loot;Kees Mustersstraat;6;2406 LK;ALPHEN AAN DEN RIJN;0484;ALPHEN AAN DEN RIJN;Openbaar;0172423737;www.scalacollege.nl;BRUGJAAR;Postbus;458;2400 AL;ALPHEN AAN DEN RIJN;47;Alphen aan den Rijn;21;Rijn-Gouwe;27;Zuid-Holland-Oost;28;Oost-Zuid-Holland;16;Noord-Zuid-Holland;27;Zuid-Holland-Oost;Midden
Zuid-Holland;41537;10AN;10AN03;Scala College voor Atheneum Havo Vmbo-Loot;Henry Dunantweg;3;2402 NM;ALPHEN AAN DEN RIJN;0484;ALPHEN AAN DEN RIJN;Openbaar; ; ;VBO/MAVO/HAVO;Postbus;458;2400 AL;ALPHEN AAN DEN RIJN;47;Alphen aan den Rijn;21;Rijn-Gouwe;27;Zuid-Holland-Oost;28;Oost-Zuid-Holland;16;Noord-Zuid-Holland;27;Zuid-Holland-Oost;Midden
Zuid-Holland;41537;10AN;10AN04;Scala College voor Atheneum Havo Vmbo-Loot;Dr. A.D. Sacharovlaan;1;2405 WB;ALPHEN AAN DEN RIJN;0484;ALPHEN AAN DEN RIJN;Openbaar; ; ;VWO;Postbus;458;2400 AL;ALPHEN AAN DEN RIJN;47;Alphen aan den Rijn;21;Rijn-Gouwe;27;Zuid-Holland-Oost;28;Oost-Zuid-Holland;16;Noord-Zuid-Holland;27;Zuid-Holland-Oost;Midden
Zuid-Holland;41545;20BH;20BH00;EYE college voor vwo, havo, mavo vbo en pro;Pelikaanweg;1;2903 ER;CAPELLE AAN DEN IJSSEL;0502;CAPELLE AAN DEN IJSSEL;Openbaar;0851050200;www.eyecollege.nl;VBO/MAVO;Postbus;683;2900 AR;CAPELLE AAN DEN IJSSEL;54;Rotterdam;23;Rijnmond;29;Rijnmond;29;Groot-Rijnmond;17;Rijnmond groot;29;Rijnmond;Midden
Zuid-Holland;41545;20BH;20BH02;EYE College;Pelikaanweg;1;2903 ER;CAPELLE AAN DEN IJSSEL;0502;CAPELLE AAN DEN IJSSEL;Overige;0851050200;www.eyecollege.nl;PRO;Postbus;683;2900 AR;CAPELLE AAN DEN IJSSEL;54;Rotterdam;23;Rijnmond;29;Rijnmond;29;Groot-Rijnmond;17;Rijnmond groot;29;Rijnmond;Midden
Zuid-Holland;41545;20BH;20BH03;EYE College(VWO,HAVO,MAVO,VMBO,PRO);Pelikaanweg;1;2903 ER;CAPELLE AAN DEN IJSSEL;0502;CAPELLE AAN DEN IJSSEL;Openbaar;0851050200;www.eyecollege.nl;BRUGJAAR;Postbus;683;2900 AR;CAPELLE AAN DEN IJSSEL;54;Rotterdam;23;Rijnmond;29;Rijnmond;29;Groot-Rijnmond;17;Rijnmond groot;29;Rijnmond;Midden
Zuid-Holland;41568;16EI;16EI00;Lyceum Schravenlant voor Atheneum en Havo;Hugo de Grootstraat;4;3119 HA;SCHIEDAM;0606;SCHIEDAM;Openbaar;0104093300;www.lyceumschravenlant.nl;HAVO/VWO;Hugo de Grootstraat;4;3119 HA;SCHIEDAM;54;Rotterdam;23;Rijnmond;29;Rijnmond;29;Groot-Rijnmond;17;Rijnmond groot;29;Rijnmond;Midden
Zuid-Holland;41568;18VX;18VX00;ProNovaCollege voor Praktijkonderwijs;Burg Honnerlage Greteln;494;3118 BB;SCHIEDAM;0606;SCHIEDAM;Openbaar;0104715052;www.pronovacollege.nl;PRO;Burg Honnerlage Greteln;494;3118 BB;SCHIEDAM;54;Rotterdam;23;Rijnmond;29;Rijnmond;29;Groot-Rijnmond;17;Rijnmond groot;29;Rijnmond;Midden
Zuid-Holland;41568;19KM;19KM00;Mavo Schravenlant XL voor mavo en vmbo;Van Hogendorpstraat;105;3118 LG;SCHIEDAM;0606;SCHIEDAM;Openbaar;0104710077;www.mavoschravenlant.nl;VBO/MAVO;Van Hogendorpstraat;105;3118 LG;SCHIEDAM;54;Rotterdam;23;Rijnmond;29;Rijnmond;29;Groot-Rijnmond;17;Rijnmond groot;29;Rijnmond;Midden
Zuid-Holland;41568;19KM;19KM01;Mavo Schravenlant XL voor mavo en vmbo;Van der Leeuwlaan;3;3118 LP;SCHIEDAM;0606;SCHIEDAM;Openbaar;0104710077;www.mavoschravenlant.nl;VBO/MAVO;Van Hogendorpstraat;105;3118 LG;SCHIEDAM;54;Rotterdam;23;Rijnmond;29;Rijnmond;29;Groot-Rijnmond;17;Rijnmond groot;29;Rijnmond;Midden
Zuid-Holland;41568;20CJ;20CJ00;Het College Vos;Koninginnelaan;771;3136 EZ;VLAARDINGEN;0622;VLAARDINGEN;Openbaar;0108503500;www.hetlyceumvos.nl;VBO/MAVO/HAVO/VWO;Postbus;6040;3130 DA;VLAARDINGEN;54;Rotterdam;23;Rijnmond;29;Rijnmond;29;Groot-Rijnmond;17;Rijnmond groot;29;Rijnmond;Midden
Zuid-Holland;41568;20CJ;20CJ04;Vlaardingse Openbare Scholengemeenschap voor LYC HAVO MAVO VBO LWOO;Claudius Civilislaan;41;3132 JA;VLAARDINGEN;0622;VLAARDINGEN;Openbaar;0108503500;www.hetcollegevos.nl;VBO;Postbus;6040;3130 DA;VLAARDINGEN;54;Rotterdam;23;Rijnmond;29;Rijnmond;29;Groot-Rijnmond;17;Rijnmond groot;29;Rijnmond;Midden
Zuid-Holland;41568;20CJ;20CJ10;Het College Vos;Bachplein;578;3122 JM;SCHIEDAM;0606;SCHIEDAM;Openbaar;0108503590;www.hetcollegevos.nl;VBO;Postbus;6040;3130 DA;VLAARDINGEN;54;Rotterdam;23;Rijnmond;29;Rijnmond;29;Groot-Rijnmond;17;Rijnmond groot;29;Rijnmond;Midden
Zuid-Holland;41568;20CJ;20CJ11;Het College Vos;Korhoenlaan;4;3136 ST;VLAARDINGEN;0622;VLAARDINGEN;Openbaar;0108503570;www.hetcollegevos.nl;VBO/MAVO;Postbus;6040;3130 DA;VLAARDINGEN;54;Rotterdam;23;Rijnmond;29;Rijnmond;29;Groot-Rijnmond;17;Rijnmond groot;29;Rijnmond;Midden
Zuid-Holland;41568;20DC;20DC00;Stedelijk Gymnasium Schiedam;Valeriusstraat;29-31;3122 AM;SCHIEDAM;0606;SCHIEDAM;Openbaar;0102470468;www.stgs.nl;VWO;Valeriusstraat;31;3122 AM;SCHIEDAM;54;Rotterdam;23;Rijnmond;29;Rijnmond;29;Groot-Rijnmond;17;Rijnmond groot;29;Rijnmond;Midden
Zuid-Holland;41594;11ZH;11ZH00;Scholengemeenschap Maerlant College voor Lyceum Havo Mavo Vbo Lwoo;Hossenbosdijk;14-16;3232 PX;BRIELLE;1992;VOORNE AAN ZEE;Openbaar;0181412210;www.maerlant.eu;VBO/MAVO/HAVO/VWO;Postbus;104;3230 AC;BRIELLE;56;Brielle;23;Rijnmond;29;Rijnmond;29;Groot-Rijnmond;17;Rijnmond groot;29;Rijnmond;Midden
Zuid-Holland;41594;12RB;12RB00;SG Helinium voor Atheneum Havo Mavo Vbo Lwoo;Fazantenlaan;1;3222 AM;HELLEVOETSLUIS;1992;VOORNE AAN ZEE;Openbaar;0181316488;www.helinium.nl;VBO/MAVO/HAVO/VWO;Postbus;121;3220 AC;HELLEVOETSLUIS;56;Brielle;23;Rijnmond;29;Rijnmond;29;Groot-Rijnmond;17;Rijnmond groot;29;Rijnmond;Midden
Zuid-Holland;41594;12RB;12RB05;SG Helinium voor Atheneum Havo Mavo Vbo Lwoo;Fazantenlaan;1-C;3222 AM;HELLEVOETSLUIS;1992;VOORNE AAN ZEE;Overige; ; ;BRUGJAAR;Fazantenlaan;1-C;3222 AM;HELLEVOETSLUIS;56;Brielle;23;Rijnmond;29;Rijnmond;29;Groot-Rijnmond;17;Rijnmond groot;29;Rijnmond;Midden
Zuid-Holland;41594;18VA;18VA00;Praktijk College Spijkenisse;E. van Dintelstraat;11;3201 KX;SPIJKENISSE;1930;NISSEWAARD;Openbaar;0181613187;www.praktijk-college.nl;PRO;Postbus;839;3200 AT;SPIJKENISSE;54;Rotterdam;23;Rijnmond;29;Rijnmond;29;Groot-Rijnmond;17;Rijnmond groot;29;Rijnmond;Midden
Zuid-Holland;41594;18VA;18VA01;Praktijk College Spijkenisse;Koninginneweg;126;3262 JD;OUD-BEIJERLAND;1963;HOEKSCHE WAARD;Openbaar; ; ;PRO;Postbus;839;3200 AT;SPIJKENISSE;55;Oud-Beijerland;23;Rijnmond;30;Zuid-Holland-Zuid;29;Groot-Rijnmond;17;Rijnmond groot;30;Zuid-Holland-Zuid;Midden
Zuid-Holland;41594;18VA;18VA02;Praktijk College Brielle;Hossenbosdijk;14-16;3232 PX;BRIELLE;1992;VOORNE AAN ZEE;Openbaar;0181613633;www.praktijk-college.nl;PRO;Postbus;839;3200 AT;SPIJKENISSE;56;Brielle;23;Rijnmond;29;Rijnmond;29;Groot-Rijnmond;17;Rijnmond groot;29;Rijnmond;Midden
Zuid-Holland;41594;19DH;19DH00;Openbare Scholengemeenschap De Ring van Putten voor Ath Havo Mavo;Groenewoudlaan;25;3201 LP;SPIJKENISSE;1930;NISSEWAARD;Openbaar;0181457144;www.deringvanputten.nl;MAVO/HAVO/VWO;Postbus;175;3200 AD;SPIJKENISSE;54;Rotterdam;23;Rijnmond;29;Rijnmond;29;Groot-Rijnmond;17;Rijnmond groot;29;Rijnmond;Midden
Zuid-Holland;41594;23AP;23AP00;Mycollege voor VMBO;C. Villeriuslaan;2;3201 KV;SPIJKENISSE;1930;NISSEWAARD;Openbaar;0181622033;www.my-college.nl;VBO/MAVO;C. Villeriuslaan;2;3201 KV;SPIJKENISSE;54;Rotterdam;23;Rijnmond;29;Rijnmond;29;Groot-Rijnmond;17;Rijnmond groot;29;Rijnmond;Midden
Zuid-Holland;41594;23AP;23AP01;Mycollege voor VMBO;Curieweg;25;3208 KJ;SPIJKENISSE;1930;NISSEWAARD;Overige; ; ;VBO;Curieweg;25;3208 KJ;SPIJKENISSE;54;Rotterdam;23;Rijnmond;29;Rijnmond;29;Groot-Rijnmond;17;Rijnmond groot;29;Rijnmond;Midden
Zuid-Holland;41775;02LB;02LB00;SNZ voor gymnasium, atheneum, havo, mavo vmbo, pro en lwoo;Slaghekstraat;221;3074 LJ;ROTTERDAM;0599;ROTTERDAM;Openbaar;0104850666;www.rvcdehef.nl;VBO/MAVO;Postbus;9472;3007 AL;ROTTERDAM;54;Rotterdam;23;Rijnmond;29;Rijnmond;29;Groot-Rijnmond;17;Rijnmond groot;29;Rijnmond;Midden
Zuid-Holland;41775;02LB;02LB01;Olympia college;Olympiaweg;395;3078 HT;ROTTERDAM;0599;ROTTERDAM;Openbaar;0104835311;www.olympiacollege.nl;VBO/MAVO/PRO;Postbus;9472;3007 AL;ROTTERDAM;54;Rotterdam;23;Rijnmond;29;Rijnmond;29;Groot-Rijnmond;17;Rijnmond groot;29;Rijnmond;Midden
Zuid-Holland;41775;02LB;02LB08;OSG Hugo de Groot;Nachtegaalplein;55;3082 NK;ROTTERDAM;0599;ROTTERDAM;Openbaar;0102831166;www.osghugodegroot.nl;VBO/MAVO/HAVO/VWO;Postbus;9472;3007 AL;ROTTERDAM;54;Rotterdam;23;Rijnmond;29;Rijnmond;29;Groot-Rijnmond;17;Rijnmond groot;29;Rijnmond;Midden
Zuid-Holland;41775;15EO;15EO00;Openbare Scholengemeenschap Libanon Lyceum voor VWO HAVO MAVO;Ramlehweg;6;3061 JX;ROTTERDAM;0599;ROTTERDAM;Openbaar;0104522500;www.libanonlyceum.nl;MAVO/HAVO/VWO;Postbus;4301;3006 AH;ROTTERDAM;54;Rotterdam;23;Rijnmond;29;Rijnmond;29;Groot-Rijnmond;17;Rijnmond groot;29;Rijnmond;Midden
Zuid-Holland;41775;15EO;15EO01;Openbare Scholengemeenschap Libanon Lyceum voor VWO HAVO MAVOHavo Mavo;Mecklenburglaan;49;3061 BD;ROTTERDAM;0599;ROTTERDAM;Openbaar;0104522500;www.libanonlyceum.nl;BRUGJAAR;Postbus;4301;3006 AH;ROTTERDAM;54;Rotterdam;23;Rijnmond;29;Rijnmond;29;Groot-Rijnmond;17;Rijnmond groot;29;Rijnmond;Midden
Zuid-Holland;41775;15HX;15HX00;Thorbecke Talentschool Rotterdam mavo havo vwo;Prinsenlaan;82;3066 KA;ROTTERDAM;0599;ROTTERDAM;Openbaar;0102890450;www.tvo-rotterdam.nl;VBO/MAVO/HAVO/VWO;Postbus;8833;3009 AV;ROTTERDAM;54;Rotterdam;23;Rijnmond;29;Rijnmond;29;Groot-Rijnmond;17;Rijnmond groot;29;Rijnmond;Midden
Zuid-Holland;41775;15HX;15HX02;Thorbecke Talentschool Rotterdam vmbo;Rodaristraat;25;3066 LA;ROTTERDAM;0599;ROTTERDAM;Openbaar;0102890400; ;VBO;Postbus;8833;3009 AV;ROTTERDAM;54;Rotterdam;23;Rijnmond;29;Rijnmond;29;Groot-Rijnmond;17;Rijnmond groot;29;Rijnmond;Midden
Zuid-Holland;41775;15HX;15HX03;Thorbecke Talentschool Nieuwerkerk voor Atheneum Havo Mavo Vbo Lwoo;Kamerlingh Onnesstraat;4;2912 BE;NIEUWERKERK AD IJSSEL;1892;ZUIDPLAS;Openbaar;0180312988; ;VBO/MAVO;Postbus;8833;3009 AV;ROTTERDAM;54;Rotterdam;21;Rijn-Gouwe;27;Zuid-Holland-Oost;29;Groot-Rijnmond;17;Rijnmond groot;27;Zuid-Holland-Oost;Midden
Zuid-Holland;41775;15HX;15HX07;Thorbecke Voortgezet Onderwijs voor Atheneum Havo Mavo Vbo Lwoo;Merkelbachstraat;6-8;3067 AL;ROTTERDAM;0599;ROTTERDAM;Openbaar; ; ;MAVO;Postbus;8833;3009 AV;ROTTERDAM;54;Rotterdam;23;Rijnmond;29;Rijnmond;29;Groot-Rijnmond;17;Rijnmond groot;29;Rijnmond;Midden
Zuid-Holland;41775;15KR;15KR00;Wolfert van Borselen scholengroep;Bentincklaan;280;3039 KK;ROTTERDAM;0599;ROTTERDAM;Openbaar;0108907700;www.wolfert.nl;VBO/MAVO/HAVO/VWO;Bentincklaan;280;3039 KK;ROTTERDAM;54;Rotterdam;23;Rijnmond;29;Rijnmond;29;Groot-Rijnmond;17;Rijnmond groot;29;Rijnmond;Midden
Zuid-Holland;41775;15KR;15KR05;Wolfert van Borselen Scholengroep;Argonautenweg;55;3054 RP;ROTTERDAM;0599;ROTTERDAM;Openbaar;0108907700;www.wolfert.nl;VBO/MAVO/HAVO/VWO;Bentincklaan;280;3039 KK;ROTTERDAM;54;Rotterdam;23;Rijnmond;29;Rijnmond;29;Groot-Rijnmond;17;Rijnmond groot;29;Rijnmond;Midden
Zuid-Holland;41775;15KR;15KR06;Wolfert van Borselen Scholengroep;De Zijde;5;2662 EB;BERGSCHENHOEK;1621;LANSINGERLAND;Openbaar;0108907700;www.wolfert.nl;HAVO/VWO;Bentincklaan;280;3039 KK;ROTTERDAM;54;Rotterdam;23;Rijnmond;29;Rijnmond;29;Groot-Rijnmond;17;Rijnmond groot;29;Rijnmond;Midden
Zuid-Holland;41775;15KR;15KR09;Wolfert van Borselen Scholengroep;Walenburgerweg;128;3033 AK;ROTTERDAM;0599;ROTTERDAM;Openbaar;0108907700;www.wolfert.nl;BRUGJAAR;Bentincklaan;280;3039 KK;ROTTERDAM;54;Rotterdam;23;Rijnmond;29;Rijnmond;29;Groot-Rijnmond;17;Rijnmond groot;29;Rijnmond;Midden
Zuid-Holland;41775;15KR;15KR10;Wolfert van Borselen Scholengroep;Walenburgerweg;130;3033 AK;ROTTERDAM;0599;ROTTERDAM;Openbaar;0108907700;www.wolfert.nl;VBO/MAVO;Bentincklaan;280;3039 KK;ROTTERDAM;54;Rotterdam;23;Rijnmond;29;Rijnmond;29;Groot-Rijnmond;17;Rijnmond groot;29;Rijnmond;Midden
Zuid-Holland;41775;15KR;15KR11;Wolfert van Borselen Scholengroep;Bentincklaan;294;3039 KK;ROTTERDAM;0599;ROTTERDAM;Openbaar;0108907700;www.wolfert.nl;HAVO/VWO;Bentincklaan;280;3039 KK;ROTTERDAM;54;Rotterdam;23;Rijnmond;29;Rijnmond;29;Groot-Rijnmond;17;Rijnmond groot;29;Rijnmond;Midden
Zuid-Holland;41775;15KR;15KR12;Wolfert van Borselen Scholengroep;Boterdorpseweg;19;2661 AB;BERGSCHENHOEK;1621;LANSINGERLAND;Openbaar;0103401470; ;VBO/MAVO;Bentincklaan;280;3039 KK;ROTTERDAM;54;Rotterdam;23;Rijnmond;29;Rijnmond;29;Groot-Rijnmond;17;Rijnmond groot;29;Rijnmond;Midden
Zuid-Holland;41775;15KR;15KR14;Wolfert van Borselen scholengroep;Schimmelpenninckstraat;23;3039 KS;ROTTERDAM;0599;ROTTERDAM;Openbaar;0108907744;www.wolfert.nl/riss;HAVO/VWO;Bentincklaan;280;3039 KK;ROTTERDAM;54;Rotterdam;23;Rijnmond;29;Rijnmond;29;Groot-Rijnmond;17;Rijnmond groot;29;Rijnmond;Midden
Zuid-Holland;41775;15SC;15SC00;Erasmianum Gemeente Gymnasium;Wytemaweg;25;3015 CN;ROTTERDAM;0599;ROTTERDAM;Openbaar;0104360045;www.erasmiaans.nl;VWO;Wytemaweg;25;3015 CN;ROTTERDAM;54;Rotterdam;23;Rijnmond;29;Rijnmond;29;Groot-Rijnmond;17;Rijnmond groot;29;Rijnmond;Midden
Zuid-Holland;41775;17CR;17CR00;Einstein Lyceum Openbare Scholengemeenschap voor MAVO HAVO Atheneum en Gymnasium;Campusplein;18;3192 CD;HOOGVLIET ROTTERDAM;0599;ROTTERDAM;Openbaar;0104835311;www.einsteinlyceum.nl;MAVO/HAVO/VWO;Campusplein;18;3192 CD;HOOGVLIET ROTTERDAM;54;Rotterdam;23;Rijnmond;29;Rijnmond;29;Groot-Rijnmond;17;Rijnmond groot;29;Rijnmond;Midden
Zuid-Holland;41867;02IC;02IC00;Regionale Scholengemeenschap Goeree-Overflakkee voor Vmbo;Langeweg;111;3245 KG;SOMMELSDIJK;1924;GOEREE-OVERFLAKKEE;Openbaar;0187485444;www.rgomiddelharnis.nl;VBO;Postbus;43;3240 AA;MIDDELHARNIS;57;Middelharnis;23;Rijnmond;29;Rijnmond;29;Groot-Rijnmond;17;Rijnmond groot;29;Rijnmond;Midden
Zuid-Holland;41867;02IC;02IC01;Regionale Scholengemeenschap Goeree-Overflakkee voor Vmbo;Langeweg;111;3245 KG;SOMMELSDIJK;1924;GOEREE-OVERFLAKKEE;Openbaar;0187485444;www.rgomiddelharnis.nl;VBO;Postbus;43;3240 AA;MIDDELHARNIS;57;Middelharnis;23;Rijnmond;29;Rijnmond;29;Groot-Rijnmond;17;Rijnmond groot;29;Rijnmond;Midden
Zuid-Holland;41867;15QW;15QW00;Regionale Scholengemeenschap Goeree-Overflakkee voor Vwo Havo Mavo;Koningin Julianaweg;54;3241 XC;MIDDELHARNIS;1924;GOEREE-OVERFLAKKEE;Openbaar;0187482777;www.rgomiddelharnis.nl;VBO/MAVO/HAVO/VWO;Postbus;57;3240 AB;MIDDELHARNIS;57;Middelharnis;23;Rijnmond;29;Rijnmond;29;Groot-Rijnmond;17;Rijnmond groot;29;Rijnmond;Midden
Zuid-Holland;42505;20DP;20DP00;Stedelijk Gymnasium;Fruinlaan;15;2313 EP;LEIDEN;0546;LEIDEN;Openbaar;0715121365;www.gymnasiumleiden.nl;VWO;Fruinlaan;15;2313 EP;LEIDEN;46;Leiden;21;Rijn-Gouwe;26;Zuid-Holland-Noord;25;Agglomeratie Leiden en Bollenstreek;16;Noord-Zuid-Holland;26;Zuid-Holland-Noord;Midden
Zuid-Holland;42505;30GD;30GD00;Stedelijk Gymnasium Socrates;Nieuwe Marnixstraat;90;2316 ES;LEIDEN;0546;LEIDEN;Openbaar;0715121365; ;VWO;Fruinlaan;15;2313 EP;LEIDEN;46;Leiden;21;Rijn-Gouwe;26;Zuid-Holland-Noord;25;Agglomeratie Leiden en Bollenstreek;16;Noord-Zuid-Holland;26;Zuid-Holland-Noord;Midden
Zuid-Holland;42506;20CL;20CL00;Leonardo College voor Atheneum Havo Mavo;Telderskade;48;2321 TE;LEIDEN;0546;LEIDEN;Openbaar;0715768202;https://leonardo.davinci-leiden.nl;MAVO/HAVO/VWO;Postbus;9032;2300 PA;LEIDEN;46;Leiden;21;Rijn-Gouwe;26;Zuid-Holland-Noord;25;Agglomeratie Leiden en Bollenstreek;16;Noord-Zuid-Holland;26;Zuid-Holland-Noord;Midden
Zuid-Holland;42506;20DF;20DF00;Da Vinci College Openbare Scholengemeenschap voor ATH HAVO MAVO VBO LWOO;Kagerstraat;7;2334 CP;LEIDEN;0546;LEIDEN;Openbaar;0715795979;www.davinci-leiden.nl;VBO/MAVO/HAVO/VWO;Postbus;9032;2300 PA;LEIDEN;46;Leiden;21;Rijn-Gouwe;26;Zuid-Holland-Noord;25;Agglomeratie Leiden en Bollenstreek;16;Noord-Zuid-Holland;26;Zuid-Holland-Noord;Midden
Zuid-Holland;42506;20DF;20DF01;Da Vinci College Openbare Scholengemeenschap voor ATH HAVO MAVO VBO LWOO;Betaplein;24;2321 KS;LEIDEN;0546;LEIDEN;Openbaar;0715769205;www.davinci-leiden.nl;VBO/MAVO;Postbus;9032;2300 PA;LEIDEN;46;Leiden;21;Rijn-Gouwe;26;Zuid-Holland-Noord;25;Agglomeratie Leiden en Bollenstreek;16;Noord-Zuid-Holland;26;Zuid-Holland-Noord;Midden
Zuid-Holland;42506;20DF;20DF09;Da Vinci College Openbare Scholengemeenschap voor ATH HAVO MAVO VBO LWOO;Noachstraat;2;2324 LT;LEIDEN;0546;LEIDEN;Openbaar;0715795973; ;VBO/MAVO;Postbus;9032;2300 PA;LEIDEN;46;Leiden;21;Rijn-Gouwe;26;Zuid-Holland-Noord;25;Agglomeratie Leiden en Bollenstreek;16;Noord-Zuid-Holland;26;Zuid-Holland-Noord;Midden
Zuid-Holland;42507;08CU;08CU00;Emmauscollege Rooms Katholieke Scholengemeenschap voor Vwo en Havo;Alexandriestraat;40;3067 MR;ROTTERDAM;0599;ROTTERDAM;Bijzonder;0104212144;www.emmauscollege.nl;HAVO/VWO;Postbus;84137;3009 CC;ROTTERDAM;54;Rotterdam;23;Rijnmond;29;Rijnmond;29;Groot-Rijnmond;17;Rijnmond groot;29;Rijnmond;Midden
Zuid-Holland;42555;14WL;14WL00;Krimpenerwaard College voor Lyceum Havo Mavo;Groene Wetering;1;2922 CX;KRIMPEN AAN DEN IJSSEL;0542;KRIMPEN AAN DEN IJSSEL;Bijzonder;0180450110;www.kwcollege.nl;MAVO/HAVO/VWO;Groene Wetering;1;2922 CX;KRIMPEN AAN DEN IJSSEL;54;Rotterdam;23;Rijnmond;29;Rijnmond;29;Groot-Rijnmond;17;Rijnmond groot;29;Rijnmond;Midden
Zuid-Holland;42556;00WH;00WH00;Gomarusschool s.g.voor VMBO Havo Atheneum;Hoefslag;11;4205 NK;GORINCHEM;0512;GORINCHEM;Bijzonder;0183610361;www.gomarus.nl;VBO/MAVO/HAVO/VWO;Postbus;425;4200 AK;GORINCHEM;52;Gorinchem;23;Rijnmond;30;Zuid-Holland-Zuid;30;Zuidoost-Zuid-Holland;18;Dordrecht-Gorinchem;30;Zuid-Holland-Zuid;Midden
Zuid-Holland;42608;05TA;05TA00;Christelijke Scholengemeenschap voor Atheneum Havo Mavo Willem De Zwijger;Kamerlingh Onnesdreef;4;2871 JN;SCHOONHOVEN;1931;KRIMPENERWAARD;Bijzonder;0182390539;www.csgwillemdezwijger.nl;MAVO/HAVO/VWO;Postbus;119;2870 AC;SCHOONHOVEN;51;Gouda;21;Rijn-Gouwe;27;Zuid-Holland-Oost;28;Oost-Zuid-Holland;16;Noord-Zuid-Holland;27;Zuid-Holland-Oost;Midden
Zuid-Holland;42681;03RB;03RB00;Christelijke Scholengemeenschap voor Vwo Havo Mavo Vmbo Pro Lwoo Prins Maurits;Koningin Julianaweg;57;3241 XB;MIDDELHARNIS;1924;GOEREE-OVERFLAKKEE;Bijzonder;0187482745;www.csgpm.nl;VBO/MAVO/HAVO/VWO/PRO;Postbus;181;3240 AD;MIDDELHARNIS;57;Middelharnis;23;Rijnmond;29;Rijnmond;29;Groot-Rijnmond;17;Rijnmond groot;29;Rijnmond;Midden
Zuid-Holland;42681;03RB;03RB05;CSG Prins Maurits vestiging PRO/Connect;Koningin Julianaweg;55;3241 XB;MIDDELHARNIS;1924;GOEREE-OVERFLAKKEE;Overige; ; ;VBO/PRO; ; ; ; ;57;Middelharnis;23;Rijnmond;29;Rijnmond;29;Groot-Rijnmond;17;Rijnmond groot;29;Rijnmond;Midden
Zuid-Holland;42696;30WH;30WH00;Avicenna College voor vwo, havo, mavo en vbo;Montessoriweg;55;3083 AN;ROTTERDAM;0599;ROTTERDAM;Bijzonder;0107900555;www.avicenna-college.com;VBO/MAVO/HAVO/VWO;Postbus;53290;3008 HG;ROTTERDAM;54;Rotterdam;23;Rijnmond;29;Rijnmond;29;Groot-Rijnmond;17;Rijnmond groot;29;Rijnmond;Midden
Zuid-Holland;42696;30WH;30WH02;Avicenna College;Fichtestraat;3;3076 RA;ROTTERDAM;0599;ROTTERDAM;Bijzonder;0107900555; ;HAVO/VWO;Montessoriweg;55;3083 AN;ROTTERDAM;54;Rotterdam;23;Rijnmond;29;Rijnmond;29;Groot-Rijnmond;17;Rijnmond groot;29;Rijnmond;Midden
Zuid-Holland;42696;30WH;30WH03;Avicenna College voor vwo, havo, mavo en vbo;Blokmakersstraat;46;3025 NH;ROTTERDAM;0599;ROTTERDAM;Bijzonder; ; ;VBO/MAVO/HAVO/VWO; ; ; ; ;54;Rotterdam;23;Rijnmond;29;Rijnmond;29;Groot-Rijnmond;17;Rijnmond groot;29;Rijnmond;Midden
Zuid-Holland;42696;32DE;32DE00;Avicenna College Den Haag voor mavo, havo en vwo;Zuidlarenstraat;6;2545 VX;'S-GRAVENHAGE;0518;S GRAVENHAGE;Bijzonder; ; ;MAVO/HAVO/VWO; ; ; ; ;49;'s-Gravenhage;22;Haaglanden;28;Haaglanden;26;Agglomeratie 's-Gravenhage;16;Noord-Zuid-Holland;28;Haaglanden/Westland;Midden
Zuid-Holland;42709;18TR;18TR00;Onderwijsgr. Zuid-Hollandse Waarden gymnasium, atheneum, havo, mavo, vmbo, lwoo;Prinses Margrietstraat;163;2983 ED;RIDDERKERK;0597;RIDDERKERK;Openbaar;0180486999;www.ozhw.nl;VBO/MAVO/HAVO/VWO;Postbus;288;2980 AG;RIDDERKERK;54;Rotterdam;23;Rijnmond;29;Rijnmond;29;Groot-Rijnmond;17;Rijnmond groot;29;Rijnmond;Midden
Zuid-Holland;42709;18TR;18TR01;Onderwijsgroep Zuid-Hollandse Waarden locatie Gemini Lekkerkerk;Nicolaas Beetsstraat;401;2941 TN;LEKKERKERK;1931;KRIMPENERWAARD;Openbaar;0180668266;www.geminicollegelekkerkerk.nl;VBO/MAVO;Postbus;2555;2940 AB;LEKKERKERK;51;Gouda;21;Rijn-Gouwe;27;Zuid-Holland-Oost;28;Oost-Zuid-Holland;16;Noord-Zuid-Holland;27;Zuid-Holland-Oost;Midden
Zuid-Holland;42709;18TR;18TR02;Onderwijsgroep Zuid-Hollandse Waarden locatie Walburg Zwijndrecht;Norderstedtplein;6;3332 GK;ZWIJNDRECHT;0642;ZWIJNDRECHT;Openbaar;0786205656;www.walburgcollege.nl;VBO/MAVO/HAVO/VWO;Postbus;385;3330 AJ;ZWIJNDRECHT;53;Dordrecht/Zwijndrecht;23;Rijnmond;30;Zuid-Holland-Zuid;30;Zuidoost-Zuid-Holland;18;Dordrecht-Gorinchem;30;Zuid-Holland-Zuid;Midden
Zuid-Holland;42709;18TR;18TR03;Onderwijsgroep Zuid-Hollandse Waarden locatie LOC@ Walburg;Laurensvliet;2-R;3331 HW;ZWIJNDRECHT;0642;ZWIJNDRECHT;Openbaar;0786256100;www.farantecollege.nl;VBO/MAVO;Postbus;3;3330 AA;ZWIJNDRECHT;53;Dordrecht/Zwijndrecht;23;Rijnmond;30;Zuid-Holland-Zuid;30;Zuidoost-Zuid-Holland;18;Dordrecht-Gorinchem;30;Zuid-Holland-Zuid;Midden
Zuid-Holland;42709;18TR;18TR07;Onderwijsgroep Zuid-Hollandse Waarden locatie Dalton Barendrecht;Zichtwei;1;2992 ZA;BARENDRECHT;0489;BARENDRECHT;Openbaar;0180642180;www.daltonbarendrecht.nl;VBO/MAVO/HAVO/VWO;Postbus;408;2990 AK;BARENDRECHT;54;Rotterdam;23;Rijnmond;29;Rijnmond;29;Groot-Rijnmond;17;Rijnmond groot;29;Rijnmond;Midden
Zuid-Holland;42709;18TR;18TR10;Onderwijsgroep Zuid-Hollandse Waarden locatie Maxima;Margriete van Comenestr;4;2982 PH;RIDDERKERK;0597;RIDDERKERK;Openbaar;0180530100;https://maximacollege.nl/;PRO;Margriete van Comenestr;4;2982 PH;RIDDERKERK;54;Rotterdam;23;Rijnmond;29;Rijnmond;29;Groot-Rijnmond;17;Rijnmond groot;29;Rijnmond;Midden
Zuid-Holland;42709;18TR;18TR11;Onderwijsgroep Zuid-Hollandse Waarden locatie  Focus;Dierensteinweg;4;2991 XJ;BARENDRECHT;0489;BARENDRECHT;Openbaar;0180613900;https://focusopjetoekomst.nl/;VBO;Postbus;89;2990 AB;BARENDRECHT;54;Rotterdam;23;Rijnmond;29;Rijnmond;29;Groot-Rijnmond;17;Rijnmond groot;29;Rijnmond;Midden
Zuid-Holland;42709;18TR;18TR12;Onderwijsgroep Zuid-Hollandse Waarden locatie OZHW Groen;Dierensteinweg;2;2991 XJ;BARENDRECHT;0489;BARENDRECHT;Openbaar;0180642040;https://focusopjetoekomst.nl/;VBO;Dierensteinweg;2;2991 XJ;BARENDRECHT;54;Rotterdam;23;Rijnmond;29;Rijnmond;29;Groot-Rijnmond;17;Rijnmond groot;29;Rijnmond;Midden
Zuid-Holland;42709;18TR;18TR13;Onderwijsgr. Zuid-Hollandse Waarden gymnasium, atheneum, havo, mavo, vmbo, lwoo;Sportlaan;16;2982 SN;RIDDERKERK;0597;RIDDERKERK;Openbaar; ; ;VBO/MAVO/HAVO/VWO;Sportlaan;16;2982 SN;RIDDERKERK;54;Rotterdam;23;Rijnmond;29;Rijnmond;29;Groot-Rijnmond;17;Rijnmond groot;29;Rijnmond;Midden
Zuid-Holland;42709;20AE;20AE00;Willem De Zwijger College voor Gym, Ath, Havo, en Vmbo;van der Palmstraat;2;3351 HA;PAPENDRECHT;0590;PAPENDRECHT;Openbaar;0786417970;www.wdezwijger.nl;VBO/MAVO/HAVO/VWO;Postbus;1105;3350 CC;PAPENDRECHT;53;Dordrecht/Zwijndrecht;23;Rijnmond;30;Zuid-Holland-Zuid;30;Zuidoost-Zuid-Holland;18;Dordrecht-Gorinchem;30;Zuid-Holland-Zuid;Midden
Zuid-Holland;42813;00TU;00TU00;GSR Gymnasium Atheneum HAVO VMBO;Valenciadreef;15;3067 WL;ROTTERDAM;0599;ROTTERDAM;Bijzonder;0102862930;www.gsr.nl/;VBO/MAVO/HAVO/VWO;Valenciadreef;15;3067 WL;ROTTERDAM;54;Rotterdam;23;Rijnmond;29;Rijnmond;29;Groot-Rijnmond;17;Rijnmond groot;29;Rijnmond;Midden
Zuid-Holland;42813;00TU;00TU01;Gereformeerde Scholengemeenschap Randstad Gymnasium Atheneum HAVO VMBO;Trompetstraat;5;2287 TK;RIJSWIJK ZH;0603;RIJSWIJK;Bijzonder;0102862939; ;VBO/MAVO/HAVO;Valenciadreef;15;3067 WL;ROTTERDAM;49;'s-Gravenhage;22;Haaglanden;28;Haaglanden;26;Agglomeratie 's-Gravenhage;16;Noord-Zuid-Holland;28;Haaglanden/Westland;Midden
Zuid-Holland;46879;02GP;02GP00;Het Rijnlands Lyceum Scholengemeenschap voor Havo VWO;Backershagenlaan;5;2243 AB;WASSENAAR;0629;WASSENAAR;Bijzonder;0705110400;www.rijnlandslyceumwassenaar.nl;HAVO/VWO;Postbus;9;2240 AA;WASSENAAR;49;'s-Gravenhage;22;Haaglanden;28;Haaglanden;26;Agglomeratie 's-Gravenhage;16;Noord-Zuid-Holland;28;Haaglanden/Westland;Midden
Zuid-Holland;46879;02GP;02GP04;Het Rijnlands Lyceum vestiging School voorJong Talent;Spuiplein;150;2511 DG;'S-GRAVENHAGE;0518;S GRAVENHAGE;Bijzonder;0703151515; ;HAVO/VWO;Turfhaven;7;2511 DK;'S-GRAVENHAGE;49;'s-Gravenhage;22;Haaglanden;28;Haaglanden;26;Agglomeratie 's-Gravenhage;16;Noord-Zuid-Holland;28;Haaglanden/Westland;Midden
Zuid-Holland;46879;02GP;02GP05;Het Rijnlands Lyceum vestiging The International School of The Haque;Wijndaelerduin;11;2554 BX;'S-GRAVENHAGE;0518;S GRAVENHAGE;Bijzonder;0703281450;www.ishthehague.nl;HAVO/VWO;Postbus;52047;2505 CA;'S-GRAVENHAGE;49;'s-Gravenhage;22;Haaglanden;28;Haaglanden;26;Agglomeratie 's-Gravenhage;16;Noord-Zuid-Holland;28;Haaglanden/Westland;Midden
Zuid-Holland;46879;02GP;02GP06;Het Rijnlands Lyceum Scholengemeenschap voor Mavo Havo Lyceum;Oostduinlaan;50;2596 JP;'S-GRAVENHAGE;0518;S GRAVENHAGE;Bijzonder;0707001600;www.europeanschoolthehague.nl;HAVO/VWO;Oostduinlaan;50;2596 JP;'S-GRAVENHAGE;49;'s-Gravenhage;22;Haaglanden;28;Haaglanden;26;Agglomeratie 's-Gravenhage;16;Noord-Zuid-Holland;28;Haaglanden/Westland;Midden
Zuid-Holland;46879;14TD;14TD00;Het Rijnlands Sassenheim Scholengemeenschap voor Atheneum Havo Mavo;Van Alkemadelaan;2;2171 DH;SASSENHEIM;1525;TEYLINGEN;Bijzonder;0252243070;www.rijnlands.nl;MAVO/HAVO/VWO;Van Alkemadelaan;2;2171 DH;SASSENHEIM;46;Leiden;21;Rijn-Gouwe;26;Zuid-Holland-Noord;25;Agglomeratie Leiden en Bollenstreek;16;Noord-Zuid-Holland;26;Zuid-Holland-Noord;Midden
Zuid-Holland;46879;16RH;16RH00;Rijnlands Lyceum Oegstgeest Vwo Havo;Apollolaan;1;2341 BA;OEGSTGEEST;0579;OEGSTGEEST;Bijzonder;0715193500;www.rijnlandslyceum.nl;HAVO/VWO;Postbus;61;2340 AB;OEGSTGEEST;46;Leiden;21;Rijn-Gouwe;26;Zuid-Holland-Noord;25;Agglomeratie Leiden en Bollenstreek;16;Noord-Zuid-Holland;26;Zuid-Holland-Noord;Midden
Zuid-Holland;47711;02GS;02GS00;Scholengemeenschap Montessori Lyceum Rotterdam voor Gymnasium Atheneum en Havo;Schimmelpenninckstraat;17;3039 KS;ROTTERDAM;0599;ROTTERDAM;Bijzonder;0104654022;www.rml.nl;HAVO/VWO;Schimmelpenninckstraat;17;3039 KS;ROTTERDAM;54;Rotterdam;23;Rijnmond;29;Rijnmond;29;Groot-Rijnmond;17;Rijnmond groot;29;Rijnmond;Midden
Zuid-Holland;48648;00VR;00VR00;St.- Jozefmavo;Willem de Zwijgerlaan;240;3136 AX;VLAARDINGEN;0622;VLAARDINGEN;Bijzonder;0104744166;www.sjm.nl;MAVO;Postbus;6004;3130 DA;VLAARDINGEN;54;Rotterdam;23;Rijnmond;29;Rijnmond;29;Groot-Rijnmond;17;Rijnmond groot;29;Rijnmond;Midden
Zuid-Holland;50096;32DC;32DC00;Aida College voor mavo, havo en vwo;Veluweplein;1;2571 GA;'S-GRAVENHAGE;0518;S GRAVENHAGE;Overige;0707200200;www.aidascholen.nl;MAVO/HAVO/VWO;Lohengrinstraat;25;2555 WL;'S-GRAVENHAGE;49;'s-Gravenhage;22;Haaglanden;28;Haaglanden;26;Agglomeratie 's-Gravenhage;16;Noord-Zuid-Holland;28;Haaglanden/Westland;Midden
Zuid-Holland;53990;00UZ;00UZ00;Fioretti College voor Gymnasium Atheneum Havo Mavo Vbo Lwoo;Sportlaan;3;2161 VA;LISSE;0553;LISSE;Bijzonder;0252461700;www.fioretti.nl;VBO/MAVO/HAVO/VWO;Postbus;200;2215 ZL;VOORHOUT;43;Haarlem;21;Rijn-Gouwe;26;Zuid-Holland-Noord;25;Agglomeratie Leiden en Bollenstreek;15;Zuid-Noord-Holland;26;Zuid-Holland-Noord;Midden
Zuid-Holland;53990;00UZ;00UZ04;Fioretti College voor Gymnasium Atheneum Havo Mavo Vbo Lwoo;Van den Endelaan;5-A;2182 ES;HILLEGOM;0534;HILLEGOM;Bijzonder;0252461900; ;VBO/MAVO;Postbus;200;2215 ZL;VOORHOUT;43;Haarlem;21;Rijn-Gouwe;26;Zuid-Holland-Noord;25;Agglomeratie Leiden en Bollenstreek;15;Zuid-Noord-Holland;26;Zuid-Holland-Noord;Midden
Zuid-Holland;53990;02KB;02KB00;Teylingen College voor Gymnasium Atheneum Havo Mavo Vbo Lwoo;Leidsevaart;4;2215 RE;VOORHOUT;1525;TEYLINGEN;Bijzonder;0252461700;www.teylingen-college.nl;VBO/MAVO;Postbus;200;2215 ZL;VOORHOUT;46;Leiden;21;Rijn-Gouwe;26;Zuid-Holland-Noord;25;Agglomeratie Leiden en Bollenstreek;16;Noord-Zuid-Holland;26;Zuid-Holland-Noord;Midden
Zuid-Holland;53990;02KB;02KB01;Teylingen College voor Atheneum Havo Mavo Vbo Lwoo;Langelaan;1;2211 XT;NOORDWIJKERHOUT;0575;NOORDWIJK;Bijzonder;0252373216; ;VBO/MAVO/HAVO/VWO;Postbus;200;2215 ZL;VOORHOUT;46;Leiden;21;Rijn-Gouwe;26;Zuid-Holland-Noord;25;Agglomeratie Leiden en Bollenstreek;16;Noord-Zuid-Holland;26;Zuid-Holland-Noord;Midden
Zuid-Holland;53990;02KB;02KB02;Teylingen College voor Atheneum Havo Mavo Vbo Lwoo;Wijttenbachweg;23;2341 VX;OEGSTGEEST;0579;OEGSTGEEST;Bijzonder;0715171131; ;VBO/MAVO;Postbus;200;2215 ZL;VOORHOUT;46;Leiden;21;Rijn-Gouwe;26;Zuid-Holland-Noord;25;Agglomeratie Leiden en Bollenstreek;16;Noord-Zuid-Holland;26;Zuid-Holland-Noord;Midden
Zuid-Holland;53990;02KB;02KB06;Teylingen College voor Gymnasium Atheneum Havo Mavo Vbo Lwoo;Heereweg;455;2161 DC;LISSE;0553;LISSE;Bijzonder;0252830370;isk-db.nl;BRUGJAAR;Postbus;200;2215 ZL;VOORHOUT;43;Haarlem;21;Rijn-Gouwe;26;Zuid-Holland-Noord;25;Agglomeratie Leiden en Bollenstreek;15;Zuid-Noord-Holland;26;Zuid-Holland-Noord;Midden
Zuid-Holland;53990;02KB;02KB08;Teylingen College voor Gymnasium Atheneum Havo Mavo Vbo Lwoo;Asterstraat;49;2223 VG;KATWIJK ZH;0537;KATWIJK;Overige; ; ;VBO/MAVO; ; ; ; ;46;Leiden;21;Rijn-Gouwe;26;Zuid-Holland-Noord;25;Agglomeratie Leiden en Bollenstreek;16;Noord-Zuid-Holland;26;Zuid-Holland-Noord;Midden
Zuid-Holland;53990;31XT;31XT00;Duinzigt Havo;Wijttenbachweg;23;2341 VX;OEGSTGEEST;0579;OEGSTGEEST;Bijzonder;0715171131;www.teylingen-college.nl/dui;HAVO;Postbus;200;2215 ZL;VOORHOUT;46;Leiden;21;Rijn-Gouwe;26;Zuid-Holland-Noord;25;Agglomeratie Leiden en Bollenstreek;16;Noord-Zuid-Holland;26;Zuid-Holland-Noord;Midden
Zuid-Holland;57266;02VD;02VD00;Visser 't Hooft Lyceum Lyceum Havo Mavo Vbo Lwoo;Kagerstraat;1;2334 CP;LEIDEN;0546;LEIDEN;Bijzonder;0715171661;www.vhl.nl;VBO/MAVO/HAVO/VWO;Marienpoelstraat;4;2334 CZ;LEIDEN;46;Leiden;21;Rijn-Gouwe;26;Zuid-Holland-Noord;25;Agglomeratie Leiden en Bollenstreek;16;Noord-Zuid-Holland;26;Zuid-Holland-Noord;Midden
Zuid-Holland;57266;02VD;02VD02;Visser t Hooft Lyceum Lyceum Havo Mavo Vbo Lwoo;Van Swietenstraat;2;2334 EA;LEIDEN;0546;LEIDEN;Bijzonder;0715171755;www.bcleystede.nl;VBO/MAVO;Marienpoelstraat;4;2334 CZ;LEIDEN;46;Leiden;21;Rijn-Gouwe;26;Zuid-Holland-Noord;25;Agglomeratie Leiden en Bollenstreek;16;Noord-Zuid-Holland;26;Zuid-Holland-Noord;Midden
Zuid-Holland;57266;02VD;02VD04;Visser 't Hooft Lyceum Lyceum Havo Mavo Vbo Lwoo, Leiderdorp;Muzenlaan;155;2353 KD;LEIDERDORP;0547;LEIDERDORP;Bijzonder;0715890488;www.vhl.nl;VBO/MAVO/HAVO;Marienpoelstraat;4;2334 CZ;LEIDEN;46;Leiden;21;Rijn-Gouwe;26;Zuid-Holland-Noord;25;Agglomeratie Leiden en Bollenstreek;16;Noord-Zuid-Holland;26;Zuid-Holland-Noord;Midden
Zuid-Holland;57266;02VD;02VD05;Visser 't Hooft Lyceum Lyceum Havo Mavo Vbo Lwoo, Rijnsburg;Noordeinde;24;2231 LK;RIJNSBURG;0537;KATWIJK;Bijzonder;0714021712;www.vhl.nl;VBO/MAVO;Marienpoelstraat;4;2334 CZ;LEIDEN;46;Leiden;21;Rijn-Gouwe;26;Zuid-Holland-Noord;25;Agglomeratie Leiden en Bollenstreek;16;Noord-Zuid-Holland;26;Zuid-Holland-Noord;Midden
Zuid-Holland;57266;02VD;02VD09;Visser 't Hooft Lyceum Lyceum Havo Mavo Vbo Lwoo, Rijnsburg Sandtlaan;Sandtlaan;98;2231 CE;RIJNSBURG;0537;KATWIJK;Bijzonder;0714021712;www.vhl.nl;VBO/MAVO;Marienpoelstraat;4;2334 CZ;LEIDEN;46;Leiden;21;Rijn-Gouwe;26;Zuid-Holland-Noord;25;Agglomeratie Leiden en Bollenstreek;16;Noord-Zuid-Holland;26;Zuid-Holland-Noord;Midden
Zuid-Holland;57266;21GW;21GW00;Bonaventuracollege SGM voor Gym. Ath. Havo Vmbo;Burggravenlaan;2;2313 HV;LEIDEN;0546;LEIDEN;Bijzonder;0715660166;www.bonaventuracollege.nl;VBO/MAVO/HAVO/VWO;Marienpoelstraat;4;2334 CZ;LEIDEN;46;Leiden;21;Rijn-Gouwe;26;Zuid-Holland-Noord;25;Agglomeratie Leiden en Bollenstreek;16;Noord-Zuid-Holland;26;Zuid-Holland-Noord;Midden
Zuid-Holland;57266;21GW;21GW01;Bonaventuracollege SGM voor Gym. Ath. Havo. Vmbo;Schoolbaan;1;2371 VJ;ROELOFARENDSVEEN;1884;KAAG EN BRAASSEM;Bijzonder;0713316000;www.bonaventuracollege.nl;VBO/MAVO;Marienpoelstraat;4;2334 CZ;LEIDEN;46;Leiden;21;Rijn-Gouwe;26;Zuid-Holland-Noord;25;Agglomeratie Leiden en Bollenstreek;16;Noord-Zuid-Holland;26;Zuid-Holland-Noord;Midden
Zuid-Holland;57266;21GW;21GW02;Bonaventuracollege SGM voor Gym. Ath. Havo. Vmbo;Marienpoelstraat;6;2334 CZ;LEIDEN;0546;LEIDEN;Bijzonder;0715173631;www.bonaventuracollege.nl;HAVO/VWO;Marienpoelstraat;4;2334 CZ;LEIDEN;46;Leiden;21;Rijn-Gouwe;26;Zuid-Holland-Noord;25;Agglomeratie Leiden en Bollenstreek;16;Noord-Zuid-Holland;26;Zuid-Holland-Noord;Midden
Zuid-Holland;57266;21GW;21GW03;Bonaventuracollege SGM voor Gym. Ath. Havo. Vmbo;Van Swietenstraat;2;2334 EA;LEIDEN;0546;LEIDEN;Bijzonder;0715171755;www.bcleystede.nl;VBO/MAVO;Marienpoelstraat;4;2334 CZ;LEIDEN;46;Leiden;21;Rijn-Gouwe;26;Zuid-Holland-Noord;25;Agglomeratie Leiden en Bollenstreek;16;Noord-Zuid-Holland;26;Zuid-Holland-Noord;Midden
Zuid-Holland;57266;21GW;21GW08;Bonaventuracollege SMG voor gym. Ath. havo vmbo;Da Costastraat;104;2321 AR;LEIDEN;0546;LEIDEN;Overige;0712036045;www.agoraleiden.nl;VBO/MAVO/HAVO/VWO;Marienpoelstraat;4;2334 CZ;LEIDEN;46;Leiden;21;Rijn-Gouwe;26;Zuid-Holland-Noord;25;Agglomeratie Leiden en Bollenstreek;16;Noord-Zuid-Holland;26;Zuid-Holland-Noord;Midden
Zuid-Holland;59282;00YH;00YH00;Stichting Willem van Oranje Onderwijsgroep;Oude Hoven;8;4205 AK;GORINCHEM;0512;GORINCHEM;Bijzonder; ;www.cvo-av.nl;VBO/MAVO/HAVO/VWO;Postbus;667;4200 AR;GORINCHEM;52;Gorinchem;23;Rijnmond;30;Zuid-Holland-Zuid;30;Zuidoost-Zuid-Holland;18;Dordrecht-Gorinchem;30;Zuid-Holland-Zuid;Midden
Zuid-Holland;59282;00YH;00YH02;Protestants Christelijke Scholengemeenschap Oude Hoven voor Lyceum Havo Mavo Vbo;Bellefleur;2;3371 NA;HARDINXVELD-GIESSENDAM;0523;HARDINXVELD-GIESSENDAM;Bijzonder; ;www.cvo-av.nl;VBO/MAVO;Postbus;667;4200 AR;GORINCHEM;52;Gorinchem;23;Rijnmond;30;Zuid-Holland-Zuid;30;Zuidoost-Zuid-Holland;18;Dordrecht-Gorinchem;30;Zuid-Holland-Zuid;Midden
Zuid-Holland;59282;00YH;00YH03;Protestants Christelijke Scholengemeenschap Oude Hoven voor Lyceum Havo Mavo Vbo;Hoefslag;4;4205 NK;GORINCHEM;0512;GORINCHEM;Bijzonder; ;https://oudehoven.cvo-av.nl/;VBO/MAVO/HAVO/VWO;Postbus;667;4200 AR;GORINCHEM;52;Gorinchem;23;Rijnmond;30;Zuid-Holland-Zuid;30;Zuidoost-Zuid-Holland;18;Dordrecht-Gorinchem;30;Zuid-Holland-Zuid;Midden
Zuid-Holland;59282;00YH;00YH05;Protestants Christelijke Scholengemeenschap Oude Hoven voor Lyceum Havo Mavo Vbo;Grote Haarsekade;123;4205 VL;GORINCHEM;0512;GORINCHEM;Bijzonder; ;www.cvo-av.nl;VBO;Postbus;667;4200 AR;GORINCHEM;52;Gorinchem;23;Rijnmond;30;Zuid-Holland-Zuid;30;Zuidoost-Zuid-Holland;18;Dordrecht-Gorinchem;30;Zuid-Holland-Zuid;Midden
Zuid-Holland;59282;00YH;00YH06;Protestants Christelijke Scholengemeenschap Oude Hoven voor Lyceum Havo Mavo Vbo;Koningin Wilhelminalaan;2;4205 ET;GORINCHEM;0512;GORINCHEM;Bijzonder; ;www.cvo-av.nl;VBO;Postbus;667;4200 AR;GORINCHEM;52;Gorinchem;23;Rijnmond;30;Zuid-Holland-Zuid;30;Zuidoost-Zuid-Holland;18;Dordrecht-Gorinchem;30;Zuid-Holland-Zuid;Midden
Zuid-Holland;67237;23JA;23JA00;Grafisch Lyceum Rotterdam voor MBO en VMBO;Heer Bokelweg;255;3032 AD;ROTTERDAM;0599;ROTTERDAM;Bijzonder;0108802500;www.glr.nl;VBO/MAVO;Postbus;1680;3000 BR;ROTTERDAM;54;Rotterdam;23;Rijnmond;29;Rijnmond;29;Groot-Rijnmond;17;Rijnmond groot;29;Rijnmond;Midden
Zuid-Holland;67237;23JA;23JA01;Grafisch Lyceum Rotterdam voor Mbo Bbo Mavo Vbo;Lloydstraat;35;3024 EA;ROTTERDAM;0599;ROTTERDAM;Bijzonder;0108802525; ;VBO/MAVO;Postbus;1680;3000 BR;ROTTERDAM;54;Rotterdam;23;Rijnmond;29;Rijnmond;29;Groot-Rijnmond;17;Rijnmond groot;29;Rijnmond;Midden
Zuid-Holland;70176;07MZ;07MZ00;Protestants Christelijke School voor Praktijkonderwijs De Poort;2e Sweelinckstraat;160;2517 HB;'S-GRAVENHAGE;0518;S GRAVENHAGE;Bijzonder;0703588970;www.prodepoort.nl;PRO;2e Sweelinckstraat;160;2517 HB;'S-GRAVENHAGE;49;'s-Gravenhage;22;Haaglanden;28;Haaglanden;26;Agglomeratie 's-Gravenhage;16;Noord-Zuid-Holland;28;Haaglanden/Westland;Midden
Zuid-Holland;77741;14WE;14WE00;S. Adelbert College voor VMBO-T - Havo - VWO - Gymnasium;Deijlerweg;163;2241 AE;WASSENAAR;0629;WASSENAAR;Bijzonder;0705119224;www.adelbert.nl;MAVO/HAVO/VWO;Deijlerweg;163;2241 AE;WASSENAAR;49;'s-Gravenhage;22;Haaglanden;28;Haaglanden;26;Agglomeratie 's-Gravenhage;16;Noord-Zuid-Holland;28;Haaglanden/Westland;Midden
Zuid-Holland;79496;02UT;02UT00;Vrijzinnig Christelijk Lyceum Scholengemeenschap voor Vwo en Havo;Van Stolkweg;35;2585 JN;'S-GRAVENHAGE;0518;S GRAVENHAGE;Bijzonder;0703066630;www.vcl-school.nl;HAVO/VWO;Van Stolkweg;35;2585 JN;'S-GRAVENHAGE;49;'s-Gravenhage;22;Haaglanden;28;Haaglanden;26;Agglomeratie 's-Gravenhage;16;Noord-Zuid-Holland;28;Haaglanden/Westland;Midden
Zuid-Holland;80082;01MB;01MB00;Rooms Katholiek Alfrink College Scholengemeenschap v. Gymnasium Atheneum en Havo;Werflaan;45;2725 DE;ZOETERMEER;0637;ZOETERMEER;Bijzonder;0793306666;www.alfrink.nl/;HAVO/VWO;Werflaan;45;2725 DE;ZOETERMEER;49;'s-Gravenhage;22;Haaglanden;28;Haaglanden;26;Agglomeratie 's-Gravenhage;16;Noord-Zuid-Holland;28;Haaglanden/Westland;Midden
Zuid-Holland;83228;01GX;01GX00;Christelijk Lyceum Delft Scholengemeenschap voor Lyceum Havo Mavo Vbo;Molenhuispad;1;2614 GE;DELFT;0503;DELFT;Bijzonder;0152684330;www.chrlyceumdelft.nl;HAVO/VWO;Postbus;2924;2601 CX;DELFT;50;Delft;22;Haaglanden;28;Haaglanden;27;Delft en Westland;16;Noord-Zuid-Holland;28;Haaglanden/Westland;Midden
Zuid-Holland;83228;01GX;01GX02;Christelijk Lyceum Delft Scholengemeenschap voor Lyceum Havo Mavo Vbo;Obrechtstraat;48;2625 XN;DELFT;0503;DELFT;Bijzonder;0152154882; ;VBO/MAVO;Postbus;2924;2601 CX;DELFT;50;Delft;22;Haaglanden;28;Haaglanden;27;Delft en Westland;16;Noord-Zuid-Holland;28;Haaglanden/Westland;Midden
Zuid-Holland;83228;01GX;01GX03;Christelijk Lyceum Delft Scholengemeenschap voor Lyceum Havo Mavo Vbo;Van Bleyswijckstraat;72;2613 RT;DELFT;0503;DELFT;Bijzonder;0152000014;http://sc-delfland.nl/;VBO;Postbus;470;2600 AL;DELFT;50;Delft;22;Haaglanden;28;Haaglanden;27;Delft en Westland;16;Noord-Zuid-Holland;28;Haaglanden/Westland;Midden
Zuid-Holland;95785;16TV;16TV00;Vrije School Zuid-Holland voor Atheneum Havo Mavo;Waalsdorperweg;12;2597 JB;'S-GRAVENHAGE;0518;S GRAVENHAGE;Bijzonder;0703244300;www.vsdenhaag.nl;MAVO/HAVO/VWO;Waalsdorperweg;12;2597 JB;'S-GRAVENHAGE;49;'s-Gravenhage;22;Haaglanden;28;Haaglanden;26;Agglomeratie 's-Gravenhage;16;Noord-Zuid-Holland;28;Haaglanden/Westland;Midden
Zuid-Holland;95785;16TV;16TV01;Vrije School Zuid-Holland voor Atheneum Havo Mavo;Tamboerstraat;9;3034 PT;ROTTERDAM;0599;ROTTERDAM;Bijzonder;0104134158; ;MAVO/HAVO/VWO;Tamboerstraat;9;3034 PT;ROTTERDAM;54;Rotterdam;23;Rijnmond;29;Rijnmond;29;Groot-Rijnmond;17;Rijnmond groot;29;Rijnmond;Midden
Zuid-Holland;95785;16TV;16TV02;Vrije School Zuid-Holland voor Atheneum Havo Mavo;Sumatrastraat;120;2315 BD;LEIDEN;0546;LEIDEN;Bijzonder;0715227333;www.marecollege.nl;MAVO/HAVO/VWO;Sumatrastraat;120;2315 BD;LEIDEN;46;Leiden;21;Rijn-Gouwe;26;Zuid-Holland-Noord;25;Agglomeratie Leiden en Bollenstreek;16;Noord-Zuid-Holland;26;Zuid-Holland-Noord;Midden
Zuid-Holland;95785;16TV;16TV04;Vrije School Zuid-Holland voor Atheneum Havo Mavo;Oudedijk;75;3062 AD;ROTTERDAM;0599;ROTTERDAM;Bijzonder; ; ;MAVO/HAVO/VWO;Oudedijk;75;3062 AD;ROTTERDAM;54;Rotterdam;23;Rijnmond;29;Rijnmond;29;Groot-Rijnmond;17;Rijnmond groot;29;Rijnmond;Midden
Zuid-Holland;95785;32AJ;32AJ00;Stichting voor Voortgezet Vrijeschool Onderwijs Delft Mercurius;Molenstraat;22;2611 KA;DELFT;0503;DELFT;Bijzonder;0152410025;www.mercuriuscollege.nl;MAVO/HAVO/VWO;Molenstraat;22;2611 KA;DELFT;50;Delft;22;Haaglanden;28;Haaglanden;27;Delft en Westland;16;Noord-Zuid-Holland;28;Haaglanden/Westland;Midden
Zuid-Holland;95785;32AJ;32AJ01;Mercurius College locatie Derde Werelddreef;Derde Werelddreef;29;2622 HB;DELFT;0503;DELFT;Overige; ; ;MAVO/HAVO/VWO; ; ; ; ;50;Delft;22;Haaglanden;28;Haaglanden;27;Delft en Westland;16;Noord-Zuid-Holland;28;Haaglanden/Westland;Midden
