"BEVOEGD GEZAG NUMMER";"INSTELLINGSCODE";"VESTIGINGSCODE";"INSTELLINGSNAAM VESTIGING";"PLAATSNAAM";"GEMEENTENUMMER";"GEMEENTENAAM";"PROVINCIE";"AANTAL LEERLINGEN";"AANTAL VO LEERLINGEN UITBESTEED AAN VAVO"
"10028";"19HY";"19HY00";"Burg Walda SGM";"NES AMELAND";"0060";"Ameland";"Friesland";145;"0"
"10053";"18BR";"18BR00";"Praktijkonderwijs Assen e/o";"ASSEN";"0106";"Assen";"Drenthe";234;"0"
"10867";"19ET";"19ET00";"GSG t Schylger Jouw voor vmbo";"MIDSLAND";"0093";"Terschelling";"Friesland";103;"0"
"12975";"01XN";"01XN00";"Almere College";"KAMPEN";"0166";"Kampen";"Overijssel";584;"6"
"12975";"01XN";"01XN01";"Almere College";"DRONTEN";"0303";"Dronten";"Flevoland";691;"7"
"12975";"01XN";"01XN02";"Almere College";"KAMPEN";"0166";"Kampen";"Overijssel";176;"0"
"12975";"01XN";"01XN07";"Almere College";"DRONTEN";"0303";"Dronten";"Flevoland";121;"0"
"12975";"01XN";"01XN08";"Almere College";"DRONTEN";"0303";"Dronten";"Flevoland";139;"0"
"12975";"01XN";"01XN09";"Almere College";"DRONTEN";"0303";"Dronten";"Flevoland";344;"<5"
"12975";"01XN";"01XN10";"Almere College";"KAMPEN";"0166";"Kampen";"Overijssel";129;"0"
"13273";"02EB";"02EB00";"Chr SGM Vincent van Gogh";"ASSEN";"0106";"Assen";"Drenthe";1179;"18"
"13273";"02EB";"02EB04";"Chr SGM Vincent van Gogh";"ASSEN";"0106";"Assen";"Drenthe";675;"<5"
"13273";"20LO";"20LO00";"Opb SGM Dr Nassau Coll";"ASSEN";"0106";"Assen";"Drenthe";1201;"25"
"13273";"20LO";"20LO01";"Opb SGM Dr Nassau Coll";"NORG";"1699";"Noordenveld";"Drenthe";205;"0"
"13273";"20LO";"20LO02";"Opb SGM Dr Nassau Coll";"BEILEN";"1731";"Midden-Drenthe";"Drenthe";525;"0"
"13273";"20LO";"20LO03";"Opb SGM Dr Nassau Coll";"GIETEN";"1680";"Aa en Hunze";"Drenthe";385;"<5"
"13273";"20LO";"20LO04";"Opb SGM Dr Nassau College";"ASSEN";"0106";"Assen";"Drenthe";828;"<5"
"13273";"20LO";"20LO08";"Opb SGM Dr Nassau Coll";"ASSEN";"0106";"Assen";"Drenthe";348;"16"
"13278";"13EE";"13EE00";"Regionale Sgm Enkhuizen";"ENKHUIZEN";"0388";"Enkhuizen";"Noord-Holland";1341;"9"
"13360";"17AN";"17AN00";"Minkema College";"WOERDEN";"0632";"Woerden";"Utrecht";1873;"15"
"13360";"17AN";"17AN01";"Minkema College";"WOERDEN";"0632";"Woerden";"Utrecht";708;"<5"
"13365";"19FF";"19FF00";"SGM De Waerdenborch";"HOLTEN";"1742";"Rijssen-Holten";"Overijssel";1207;"0"
"13365";"19FF";"19FF04";"SGM De Waerdenborch";"GOOR";"1735";"Hof van Twente";"Overijssel";330;"0"
"13554";"03RR";"03RR00";"Candea College";"DUIVEN";"0226";"Duiven";"Gelderland";811;"5"
"13554";"03RR";"03RR04";"Candea College VMBO en Mavo";"DUIVEN";"0226";"Duiven";"Gelderland";728;"<5"
"13554";"05FF";"05FF00";"Olympuscollege";"ARNHEM";"0202";"Arnhem";"Gelderland";1232;"15"
"13554";"05FF";"05FF01";"Olympuscollege";"ARNHEM";"0202";"Arnhem";"Gelderland";111;"0"
"13554";"08PS";"08PS00";"Symbion";"DIDAM";"1955";"Montferland";"Gelderland";195;"0"
"13554";"12NW";"12NW00";"Produs";"ARNHEM";"0202";"Arnhem";"Gelderland";165;"0"
"13554";"16SK";"16SK00";"Liemers College";"ZEVENAAR";"0299";"Zevenaar";"Gelderland";953;"<5"
"13554";"16SK";"16SK01";"Liemers College";"DIDAM";"1955";"Montferland";"Gelderland";497;"<5"
"13554";"16SK";"16SK05";"Liemers College";"ZEVENAAR";"0299";"Zevenaar";"Gelderland";389;"0"
"13554";"16SK";"16SK07";"Liemers College";"ZEVENAAR";"0299";"Zevenaar";"Gelderland";512;"0"
"13554";"20RM";"20RM00";"Stedelijk Gymnasium Arnhem";"ARNHEM";"0202";"Arnhem";"Gelderland";617;"<5"
"13554";"20TZ";"20TZ00";"Lorentz Lyceum";"ARNHEM";"0202";"Arnhem";"Gelderland";1047;"24"
"13554";"20TZ";"20TZ04";"Het Westeraam";"ELST GLD";"1734";"Overbetuwe";"Gelderland";615;"0"
"13554";"20TZ";"20TZ07";"Maarten van Rossem";"ARNHEM";"0202";"Arnhem";"Gelderland";409;"0"
"13554";"20TZ";"20TZ11";"Lyceum Elst";"ELST GLD";"1734";"Overbetuwe";"Gelderland";973;"<5"
"13554";"20TZ";"20TZ12";"Rivers Int School Arnhem";"ARNHEM";"0202";"Arnhem";"Gelderland";193;"0"
"13554";"20TZ";"20TZ13";"ISK Groningensingel";"ARNHEM";"0202";"Arnhem";"Gelderland";143;"0"
"13554";"20TZ";"20TZ14";"Lyceum Elst Nijverheidsweg";"ELST GLD";"1734";"Overbetuwe";"Gelderland";172;"<5"
"13554";"25GL";"25GL00";"SGM Arnhem Noord";"ARNHEM";"0202";"Arnhem";"Gelderland";1044;"20"
"13554";"25GL";"25GL04";"SGM Arnhem Noord";"ARNHEM";"0202";"Arnhem";"Gelderland";515;"276"
"13554";"25GL";"25GL06";"SGM Arnhem Noord";"ARNHEM";"0202";"Arnhem";"Gelderland";715;"8"
"13554";"25GL";"25GL10";"SGM Arnhem Noord";"ARNHEM";"0202";"Arnhem";"Gelderland";55;"0"
"13555";"16YC";"16YC00";"Scheldemond College";"VLISSINGEN";"0718";"Vlissingen";"Zeeland";1167;"13"
"13555";"20CP";"20CP00";"NEHALENNIA SSG";"MIDDELBURG";"0687";"Middelburg";"Zeeland";614;"<5"
"13555";"20CP";"20CP04";"NEHALENNIA SSG";"MIDDELBURG";"0687";"Middelburg";"Zeeland";1048;"9"
"13556";"02DW";"02DW00";"Gymnasium Bernrode";"HEESWIJK-DINTHER";"1721";"Bernheze";"Noord-Brabant";565;"<5"
"13556";"20AJ";"20AJ00";"Stedelijk Gymnasium";"'S-HERTOGENBOSCH";"0796";"'s-Hertogenbosch";"Noord-Brabant";779;"6"
"13556";"20DG";"20DG00";"Gymnasium Felisenum";"VELSEN-ZUID";"0453";"Velsen";"Noord-Holland";632;"<5"
"13556";"20QY";"20QY00";"Stedelijk Gymnasium";"HAARLEM";"0392";"Haarlem";"Noord-Holland";848;"<5"
"13556";"21AB";"21AB00";"Barlaeus Gymnasium";"AMSTERDAM";"0363";"Amsterdam";"Noord-Holland";803;"<5"
"13556";"21AF";"21AF00";"Vossius Gymnasium";"AMSTERDAM";"0363";"Amsterdam";"Noord-Holland";845;"0"
"13563";"16PI";"16PI00";"OPB SGM Winkler Prins";"VEENDAM";"0047";"Veendam";"Groningen";1020;"7"
"13563";"16PI";"16PI02";"Opb SGM Winkler Prins";"VEENDAM";"0047";"Veendam";"Groningen";109;"0"
"13563";"16PI";"16PI03";"OPB SGM Winkler Prins";"VEENDAM";"0047";"Veendam";"Groningen";186;"0"
"13563";"16PI";"16PI04";"OPB SGM Winkler Prins";"VEENDAM";"0047";"Veendam";"Groningen";343;"0"
"13563";"16PI";"16PI05";"OPB SGM Winkler Prins";"VEENDAM";"0047";"Veendam";"Groningen";233;"0"
"13586";"01WM";"01WM00";"Burg Harmsma SGM";"GORREDIJK";"0086";"Opsterland";"Friesland";438;"<5"
"13586";"04YE";"04YE00";"Opb SGM Singelland";"DRACHTEN";"0090";"Smallingerland";"Friesland";695;"<5"
"13586";"04YE";"04YE01";"Opb SGM Singelland";"BURGUM";"0737";"Tytsjerksteradiel";"Friesland";287;"<5"
"13586";"04YE";"04YE02";"Opb SGM Singelland";"SURHUISTERVEEN";"0059";"Achtkarspelen";"Friesland";451;"0"
"13586";"04YE";"04YE03";"Opb SGM Singelland";"DRACHTEN";"0090";"Smallingerland";"Friesland";1105;"29"
"13586";"04YE";"04YE08";"Opb SGM Singelland";"DRACHTEN";"0090";"Smallingerland";"Friesland";346;"0"
"13586";"04YE";"04YE09";"Opb SGM Singelland";"DRACHTEN";"0090";"Smallingerland";"Friesland";211;"0"
"13586";"04YE";"04YE11";"Opb SGM Singelland";"BURGUM";"0737";"Tytsjerksteradiel";"Friesland";86;"<5"
"13603";"14DC";"14DC00";"RSG Simon Vestdijk";"HARLINGEN";"0072";"Harlingen";"Friesland";838;"12"
"13603";"14DC";"14DC02";"RSG Simon Vestdijk";"FRANEKER";"1949";"Waadhoeke";"Friesland";146;"0"
"13603";"14DC";"14DC06";"VMBO ""De Jutter"" Vlieland";"VLIELAND";"0096";"Vlieland";"Friesland";16;"0"
"13603";"20DL";"20DL00";"Opb SGM Piter Jelles";"LEEUWARDEN";"0080";"Leeuwarden";"Friesland";807;"<5"
"13603";"20DL";"20DL01";"Locatie, !mpulse Kollum";"KOLLUM";"1970";"Noardeast-Fryslân";"Friesland";276;"<5"
"13603";"20DL";"20DL02";"Locatie, Stedelijk Gymnasium";"LEEUWARDEN";"0080";"Leeuwarden";"Friesland";472;"0"
"13603";"20DL";"20DL03";"Locatie, YnSicht";"LEEUWARDEN";"0080";"Leeuwarden";"Friesland";492;"0"
"13603";"20DL";"20DL04";"Locatie, De Dyk";"LEEUWARDEN";"0080";"Leeuwarden";"Friesland";448;"<5"
"13603";"20DL";"20DL06";"Locatie,Montessori High School";"LEEUWARDEN";"0080";"Leeuwarden";"Friesland";490;"<5"
"13603";"20DL";"20DL10";"Locatie, !mpulse Leeuwarden";"LEEUWARDEN";"0080";"Leeuwarden";"Friesland";452;"<5"
"13603";"20DL";"20DL12";"Locatie, Dalton Dokkum";"DOKKUM";"1970";"Noardeast-Fryslân";"Friesland";397;"<5"
"13603";"20DL";"20DL13";"Locatie, De Brege";"LEEUWARDEN";"0080";"Leeuwarden";"Friesland";233;"0"
"13603";"20DL";"20DL16";"Locatie, ISK";"LEEUWARDEN";"0080";"Leeuwarden";"Friesland";209;"0"
"13603";"20DL";"20DL21";"Opb SGM Piter Jelles";"LEEUWARDEN";"0080";"Leeuwarden";"Friesland";129;"0"
"13603";"20DL";"20DL22";"locatie !mpulse Kollum 2";"KOLLUM";"1970";"Noardeast-Fryslân";"Friesland";101;"0"
"13652";"01XF";"01XF00";"Willem Blaeu";"ALKMAAR";"0361";"Alkmaar";"Noord-Holland";692;"15"
"13652";"01XF";"01XF01";"Willem Blaeu - Van der Meij";"ALKMAAR";"0361";"Alkmaar";"Noord-Holland";215;"0"
"13652";"08UV";"08UV00";"Focus";"HEERHUGOWAARD";"1980";"Dijk en Waard";"Noord-Holland";195;"0"
"13652";"16ST";"16ST00";"BSG";"BERGEN NH";"0373";"Bergen (NH.)";"Noord-Holland";818;"8"
"13652";"17DD";"17DD00";"rsg Wiringherlant";"WIERINGERWERF";"1911";"Hollands Kroon";"Noord-Holland";968;"<5"
"13652";"19YT";"19YT00";"De Viaan";"ALKMAAR";"0361";"Alkmaar";"Noord-Holland";221;"0"
"13652";"19ZQ";"19ZQ00";"Sted. Dalton College Alkmaar";"ALKMAAR";"0361";"Alkmaar";"Noord-Holland";805;"6"
"13652";"19ZQ";"19ZQ02";"SDC Alkmaar - Van der Meij";"ALKMAAR";"0361";"Alkmaar";"Noord-Holland";87;"0"
"13652";"19ZX";"19ZX00";"Huygens";"HEERHUGOWAARD";"1980";"Dijk en Waard";"Noord-Holland";1124;"12"
"13652";"19ZX";"19ZX01";"Huygens College";"HEERHUGOWAARD";"1980";"Dijk en Waard";"Noord-Holland";114;"0"
"13652";"19ZX";"19ZX02";"Huygens";"HEERHUGOWAARD";"1980";"Dijk en Waard";"Noord-Holland";126;"0"
"13652";"19ZX";"19ZX04";"Windmolen";"HEERHUGOWAARD";"1980";"Dijk en Waard";"Noord-Holland";274;"<5"
"13652";"20AA";"20AA00";"Murmellius";"ALKMAAR";"0361";"Alkmaar";"Noord-Holland";672;"0"
"13693";"16YV";"16YV00";"Pantarijn SGM";"WAGENINGEN";"0289";"Wageningen";"Gelderland";1268;"24"
"13693";"16YV";"16YV01";"Pantarijn SGM";"WAGENINGEN";"0289";"Wageningen";"Gelderland";514;"0"
"13693";"16YV";"16YV02";"Pantarijn SGM";"RHENEN";"0340";"Rhenen";"Utrecht";274;"<5"
"13693";"16YV";"16YV04";"Pantarijn SGM";"KESTEREN";"1740";"Neder-Betuwe";"Gelderland";262;"0"
"13693";"16YV";"16YV10";"Pantarijn SGM";"WAGENINGEN";"0289";"Wageningen";"Gelderland";151;"0"
"13709";"19EW";"19EW00";"ORS Lek en Linge";"CULEMBORG";"0216";"Culemborg";"Gelderland";953;"<5"
"13709";"19EW";"19EW01";"O.R.S. Lek en Linge";"CULEMBORG";"0216";"Culemborg";"Gelderland";543;"<5"
"13709";"19EW";"19EW03";"O.R.S. Lek en Linge";"CULEMBORG";"0216";"Culemborg";"Gelderland";576;"8"
"13709";"19EW";"19EW04";"O.R.S. Lek en Linge";"CULEMBORG";"0216";"Culemborg";"Gelderland";391;"0"
"13709";"19EW";"19EW05";"de Lingeborgh";"GELDERMALSEN";"1960";"West Betuwe";"Gelderland";904;"<5"
"13737";"06DT";"06DT00";"De Meander";"HOOGEVEEN";"0118";"Hoogeveen";"Drenthe";112;"0"
"13737";"19IW";"19IW00";"RSG Wolfsbos";"HOOGEVEEN";"0118";"Hoogeveen";"Drenthe";434;"13"
"13737";"19IW";"19IW02";"RSG Wolfsbos";"HOOGEVEEN";"0118";"Hoogeveen";"Drenthe";325;"0"
"13737";"19IW";"19IW04";"RSG Wolfsbos";"HOOGEVEEN";"0118";"Hoogeveen";"Drenthe";481;"0"
"13737";"19IW";"19IW05";"RSG Wolfsbos";"HOOGEVEEN";"0118";"Hoogeveen";"Drenthe";233;"0"
"13739";"17CK";"17CK00";"RSG Slingerbos/Levant";"HARDERWIJK";"0243";"Harderwijk";"Gelderland";1179;"34"
"13739";"17CK";"17CK01";"Reg Sgm 't Slingerbos";"ZEEWOLDE";"0050";"Zeewolde";"Flevoland";288;"0"
"13749";"20DD";"20DD00";"Gem Gymnasium";"HILVERSUM";"0402";"Hilversum";"Noord-Holland";604;"<5"
"13749";"20DD";"20DD02";"Gem Gymnasium";"HILVERSUM";"0402";"Hilversum";"Noord-Holland";167;"0"
"20041";"32GE";"32GE00";"Waldorf Almere";"ALMERE";"0034";"Almere";"Flevoland";20;"0"
"20074";"32JH";"32JH00";"Novum Saeculum Tilburg";"TILBURG";"0855";"Tilburg";"Noord-Brabant";41;"0"
"20151";"04IK";"04IK00";"Accent Praktijkonderwijs Centr";"ROTTERDAM";"0599";"Rotterdam";"Zuid-Holland";172;"0"
"20151";"07HF";"07HF00";"Accent PRO Delfshaven";"ROTTERDAM";"0599";"Rotterdam";"Zuid-Holland";179;"0"
"20151";"14QT";"14QT00";"Marnix Gymnasium";"ROTTERDAM";"0599";"Rotterdam";"Zuid-Holland";543;"<5"
"20151";"16PK";"16PK00";"Portus Scholengroep";"ROTTERDAM";"0599";"Rotterdam";"Zuid-Holland";536;"13"
"20151";"16PK";"16PK07";"Portus SG locatie Juliana";"ROTTERDAM";"0599";"Rotterdam";"Zuid-Holland";556;"0"
"20151";"18CH";"18CH00";"Melanchthon";"ROTTERDAM";"0599";"Rotterdam";"Zuid-Holland";1186;"22"
"20151";"18CH";"18CH02";"Melanchthon Wilgenplaslaan";"ROTTERDAM";"0599";"Rotterdam";"Zuid-Holland";362;"0"
"20151";"18CH";"18CH03";"Melanchthon Mavo Schiebroek";"ROTTERDAM";"0599";"Rotterdam";"Zuid-Holland";347;"0"
"20151";"18CH";"18CH09";"Melanchthon Kralingen";"ROTTERDAM";"0599";"Rotterdam";"Zuid-Holland";430;"<5"
"20151";"19GY";"19GY00";"Comenius Chr. Scholengroep";"CAPELLE AAN DEN IJSSEL";"0502";"Capelle aan den IJssel";"Zuid-Holland";2041;"19"
"20151";"19GY";"19GY04";"Comenius Chr. Scholengroep";"KRIMPEN AAN DEN IJSSEL";"0542";"Krimpen aan den IJssel";"Zuid-Holland";381;"<5"
"20151";"19GY";"19GY05";"Comenius Chr. Scholengroep";"ROTTERDAM";"0599";"Rotterdam";"Zuid-Holland";244;"<5"
"20151";"19GY";"19GY06";"Comenius Chr. Scholengroep";"NIEUWERKERK AD IJSSEL";"1892";"Zuidplas";"Zuid-Holland";509;"0"
"20151";"19GY";"19GY08";"Comenius Chr. Scholengroep";"ROTTERDAM";"0599";"Rotterdam";"Zuid-Holland";433;"<5"
"20151";"20AM";"20AM00";"Portus SG Farelcollege";"RIDDERKERK";"0597";"Ridderkerk";"Zuid-Holland";1045;"10"
"20151";"20AM";"20AM04";"Portus SG Farel loc Maxima";"RIDDERKERK";"0597";"Ridderkerk";"Zuid-Holland";86;"0"
"20151";"20FR";"20FR00";"Scholengroep Penta";"SPIJKENISSE";"1930";"Nissewaard";"Zuid-Holland";897;"<5"
"20151";"20FR";"20FR02";"Penta Scala Rietvelden";"SPIJKENISSE";"1930";"Nissewaard";"Zuid-Holland";609;"28"
"20151";"20FR";"20FR04";"Penta Hoogvliet";"HOOGVLIET ROTTERDAM";"0599";"Rotterdam";"Zuid-Holland";470;"<5"
"20151";"20FR";"20FR07";"Penta Rozenburg";"ROZENBURG ZH";"0599";"Rotterdam";"Zuid-Holland";212;"<5"
"20151";"20FR";"20FR08";"Penta Bahûrim";"BRIELLE";"1992";"Voorne aan Zee";"Zuid-Holland";335;"<5"
"20151";"20FR";"20FR12";"Penta Charles de Foucauld";"SPIJKENISSE";"1930";"Nissewaard";"Zuid-Holland";265;"0"
"20151";"20FR";"20FR13";"Pentagora";"SPIJKENISSE";"1930";"Nissewaard";"Zuid-Holland";44;"0"
"20151";"26HR";"26HR00";"Accent PRO Capelle";"CAPELLE AAN DEN IJSSEL";"0502";"Capelle aan den IJssel";"Zuid-Holland";260;"0"
"20151";"28DF";"28DF00";"Accent PrO Hoogvliet";"HOOGVLIET ROTTERDAM";"0599";"Rotterdam";"Zuid-Holland";189;"0"
"20151";"31CG";"31CG00";"Melanchthon";"BLEISWIJK";"1621";"Lansingerland";"Zuid-Holland";814;"<5"
"20151";"31CG";"31CG01";"Melanchthon Business School";"BLEISWIJK";"1621";"Lansingerland";"Zuid-Holland";590;"0"
"20151";"31CG";"31CG03";"Melanchthon Berkroden";"BERKEL EN RODENRIJS";"1621";"Lansingerland";"Zuid-Holland";730;"0"
"20151";"31CH";"31CH00";"Scholengroep Penta";"HELLEVOETSLUIS";"1992";"Voorne aan Zee";"Zuid-Holland";1325;"<5"
"20151";"31CH";"31CH01";"Penta De Oude Maas";"SPIJKENISSE";"1930";"Nissewaard";"Zuid-Holland";905;"<5"
"20151";"31EX";"31EX00";"Portus SG Groene Hart";"BARENDRECHT";"0489";"Barendrecht";"Zuid-Holland";1531;"26"
"20151";"31EX";"31EX01";"CSG Calvijn Focus Barendrecht";"BARENDRECHT";"0489";"Barendrecht";"Zuid-Holland";404;"0"
"20151";"31RY";"31RY00";"Zuider Gymnasium";"ROTTERDAM";"0599";"Rotterdam";"Zuid-Holland";828;"<5"
"20151";"32GL";"32GL00";"Melanchthon";"BERGSCHENHOEK";"1621";"Lansingerland";"Zuid-Holland";1266;"9"
"20187";"03FO";"03FO00";"CVO 't Gooi";"HILVERSUM";"0402";"Hilversum";"Noord-Holland";1598;"6"
"20187";"03FO";"03FO01";"Hilfertsheem College";"HILVERSUM";"0402";"Hilversum";"Noord-Holland";464;"0"
"20187";"03FO";"03FO04";"Lucent College";"HILVERSUM";"0402";"Hilversum";"Noord-Holland";228;"0"
"20281";"02DZ";"02DZ00";"Stanislascollege Westplantsoen";"DELFT";"0503";"Delft";"Zuid-Holland";1937;"9"
"20281";"02DZ";"02DZ02";"Stanislas vmbo/mavo Delft";"DELFT";"0503";"Delft";"Zuid-Holland";516;"0"
"20281";"02DZ";"02DZ04";"Stanislas Dalton Delft";"DELFT";"0503";"Delft";"Zuid-Holland";844;"7"
"20281";"02DZ";"02DZ10";"ISD Secondary";"DELFT";"0503";"Delft";"Zuid-Holland";326;"0"
"20281";"02GJ";"02GJ00";"Chr College De Populier";"'S-GRAVENHAGE";"0518";"'s-Gravenhage";"Zuid-Holland";975;"15"
"20281";"02GJ";"02GJ01";"Chr College De Populier";"'S-GRAVENHAGE";"0518";"'s-Gravenhage";"Zuid-Holland";347;"5"
"20281";"04NF";"04NF00";"Hofstede College";"'S-GRAVENHAGE";"0518";"'s-Gravenhage";"Zuid-Holland";245;"0"
"20281";"14TA";"14TA00";"Christelijk Lyceum Zandvliet";"'S-GRAVENHAGE";"0518";"'s-Gravenhage";"Zuid-Holland";900;"<5"
"20281";"17HR";"17HR00";"YES College";"'S-GRAVENHAGE";"0518";"'s-Gravenhage";"Zuid-Holland";545;"<5"
"20281";"17HR";"17HR02";"Hofstad Lyceum";"'S-GRAVENHAGE";"0518";"'s-Gravenhage";"Zuid-Holland";891;"11"
"20281";"17HR";"17HR05";"Heldring Business School";"'S-GRAVENHAGE";"0518";"'s-Gravenhage";"Zuid-Holland";358;"0"
"20281";"20MM";"20MM00";"Zuid-West College";"'S-GRAVENHAGE";"0518";"'s-Gravenhage";"Zuid-Holland";616;"0"
"20281";"20MM";"20MM01";"Wateringse Veld College";"'S-GRAVENHAGE";"0518";"'s-Gravenhage";"Zuid-Holland";600;"12"
"20281";"20MM";"20MM06";"Roemer Visscher College";"'S-GRAVENHAGE";"0518";"'s-Gravenhage";"Zuid-Holland";472;"0"
"20281";"20MM";"20MM09";"Hofstede College";"'S-GRAVENHAGE";"0518";"'s-Gravenhage";"Zuid-Holland";16;"0"
"20281";"21GU";"21GU00";"Edith Stein College";"'S-GRAVENHAGE";"0518";"'s-Gravenhage";"Zuid-Holland";1011;"10"
"20281";"21GU";"21GU04";"Corbulo College";"VOORBURG";"1916";"Leidschendam-Voorburg";"Zuid-Holland";359;"0"
"20281";"21GU";"21GU06";"Diamant College";"'S-GRAVENHAGE";"0518";"'s-Gravenhage";"Zuid-Holland";393;"<5"
"20281";"21GU";"21GU07";"Montaigne Lyceum";"'S-GRAVENHAGE";"0518";"'s-Gravenhage";"Zuid-Holland";1155;"<5"
"20281";"21GU";"21GU08";"College St. Paul";"'S-GRAVENHAGE";"0518";"'s-Gravenhage";"Zuid-Holland";247;"0"
"20281";"21GU";"21GU09";"Esloo College";"'S-GRAVENHAGE";"0518";"'s-Gravenhage";"Zuid-Holland";196;"0"
"20281";"21GU";"21GU11";"Odevaer College";"'S-GRAVENHAGE";"0518";"'s-Gravenhage";"Zuid-Holland";276;"0"
"20281";"21GU";"21GU12";"John Dewey College";"'S-GRAVENHAGE";"0518";"'s-Gravenhage";"Zuid-Holland";172;"0"
"20281";"21HC";"21HC00";"ISW";"NAALDWIJK";"1783";"Westland";"Zuid-Holland";1850;"14"
"20281";"21HC";"21HC01";"ISW Westland Vakcollege";"NAALDWIJK";"1783";"Westland";"Zuid-Holland";400;"0"
"20281";"21HC";"21HC03";"ISW Gasthuislaan";"'S-GRAVENZANDE";"1783";"Westland";"Zuid-Holland";1033;"8"
"20281";"21HC";"21HC04";"ISW Irenestraat";"POELDIJK";"1783";"Westland";"Zuid-Holland";447;"<5"
"20281";"21HC";"21HC08";"ISW Westland Praktijkcollege";"NAALDWIJK";"1783";"Westland";"Zuid-Holland";304;"0"
"20281";"21HC";"21HC12";"ISW Sweelincklaan";"'S-GRAVENZANDE";"1783";"Westland";"Zuid-Holland";664;"0"
"20281";"21KM";"21KM00";"Praktijkcollege Zoetermeer";"ZOETERMEER";"0637";"Zoetermeer";"Zuid-Holland";289;"0"
"20281";"25GA";"25GA00";"Picasso Lyceum";"ZOETERMEER";"0637";"Zoetermeer";"Zuid-Holland";554;"7"
"20281";"25GA";"25GA01";"MOTION Beweeg College";"ZOETERMEER";"0637";"Zoetermeer";"Zuid-Holland";494;"0"
"20281";"31HN";"31HN00";"Stanislascollege Pijnacker";"PIJNACKER";"1926";"Pijnacker-Nootdorp";"Zuid-Holland";1297;"5"
"20281";"31HN";"31HN01";"Stanislas Beweeg-vmbo/mavo";"RIJSWIJK ZH";"0603";"Rijswijk";"Zuid-Holland";494;"<5"
"20281";"31HN";"31HN02";"Stanislas Pro";"RIJSWIJK ZH";"0603";"Rijswijk";"Zuid-Holland";221;"0"
"21464";"16PN";"16PN00";"Joodse SGM Maimonides";"AMSTERDAM";"0363";"Amsterdam";"Noord-Holland";205;"0"
"23155";"00JR";"00JR00";"SGM Spieringshoek";"SCHIEDAM";"0606";"Schiedam";"Zuid-Holland";992;"<5"
"24597";"02UG";"02UG00";"Laurens Lyceum";"ROTTERDAM";"0599";"Rotterdam";"Zuid-Holland";915;"9"
"24597";"32DZ";"32DZ00";"WOW VO";"ROTTERDAM";"0599";"Rotterdam";"Zuid-Holland";56;"0"
"26093";"00KV";"00KV00";"KSE 00KV";"ETTEN-LEUR";"0777";"Etten-Leur";"Noord-Brabant";2117;"14"
"26157";"16PS";"16PS00";"Montessori SGM Amsterdam";"AMSTERDAM";"0363";"Amsterdam";"Noord-Holland";777;"<5"
"26157";"16PS";"16PS04";"Locatie, IVKO";"AMSTERDAM";"0363";"Amsterdam";"Noord-Holland";534;"5"
"26157";"16PS";"16PS07";"Montessori SGM Amsterdam";"AMSTERDAM";"0363";"Amsterdam";"Noord-Holland";1107;"<5"
"26157";"16PS";"16PS08";"Montessori Lyceum Oostpoort";"AMSTERDAM";"0363";"Amsterdam";"Noord-Holland";1006;"<5"
"26157";"16PS";"16PS16";"Loc, Metis Montessori Lyceum";"AMSTERDAM";"0363";"Amsterdam";"Noord-Holland";265;"<5"
"26157";"16PS";"16PS17";"MLA-VOS";"AMSTERDAM";"0363";"Amsterdam";"Noord-Holland";645;"0"
"26157";"16PS";"16PS18";"MLA-VEL";"AMSTERDAM";"0363";"Amsterdam";"Noord-Holland";545;"0"
"26157";"16PS";"16PS19";"Oostpoort Nieuwkomers";"AMSTERDAM";"0363";"Amsterdam";"Noord-Holland";196;"0"
"26157";"16PS";"16PS20";"Montessori Lyceum Oostpoort";"AMSTERDAM";"0363";"Amsterdam";"Noord-Holland";256;"0"
"26157";"28DH";"28DH00";"Montessori Lyceum Terra Nova";"AMSTERDAM";"0363";"Amsterdam";"Noord-Holland";430;"<5"
"26898";"02AP";"02AP00";"Het Amsterdams Lyceum";"AMSTERDAM";"0363";"Amsterdam";"Noord-Holland";1080;"<5"
"28212";"16NK";"16NK00";"Vrije school Zutphen-Groningen";"ZUTPHEN";"0301";"Zutphen";"Gelderland";1054;"18"
"28212";"16NK";"16NK01";"Vrije school Zutphen-Groningen";"GRONINGEN";"0014";"Groningen";"Groningen";811;"21"
"29187";"03KN";"03KN00";"RK SGM Pius X";"BLADEL";"1728";"Bladel";"Noord-Brabant";2032;"<5"
"29278";"00MK";"00MK00";"Kath SGM De Breul";"ZEIST";"0355";"Zeist";"Utrecht";1399;"<5"
"29850";"03KZ";"03KZ00";"PrO Hardenberg";"HARDENBERG";"0160";"Hardenberg";"Overijssel";132;"0"
"30582";"02CI";"02CI00";"Insula College";"DORDRECHT";"0505";"Dordrecht";"Zuid-Holland";1022;"23"
"30582";"02CI";"02CI01";"Insula College";"DORDRECHT";"0505";"Dordrecht";"Zuid-Holland";367;"0"
"30582";"02CI";"02CI02";"Insula College";"DORDRECHT";"0505";"Dordrecht";"Zuid-Holland";822;"<5"
"30582";"27VF";"27VF00";"Hans Petri School";"DORDRECHT";"0505";"Dordrecht";"Zuid-Holland";264;"0"
"30718";"00JT";"00JT00";"GSG Guido";"AMERSFOORT";"0307";"Amersfoort";"Utrecht";431;"10"
"30718";"00JT";"00JT02";"GSG Guido";"AMERSFOORT";"0307";"Amersfoort";"Utrecht";534;"0"
"30718";"00JT";"00JT03";"GSG Guido Guido De Bres";"ARNHEM";"0202";"Arnhem";"Gelderland";199;"0"
"30718";"00JT";"00JT06";"GSG Guido";"AMERSFOORT";"0307";"Amersfoort";"Utrecht";555;"0"
"30742";"26JY";"26JY00";"De Pijler";"DEN HELDER";"0400";"Den Helder";"Noord-Holland";141;"0"
"30783";"16QA";"16QA00";"Chr SGM De Lage Waard";"PAPENDRECHT";"0590";"Papendrecht";"Zuid-Holland";1237;"23"
"30783";"16QA";"16QA01";"Chr SGM De Lage Waard";"PAPENDRECHT";"0590";"Papendrecht";"Zuid-Holland";904;"0"
"30882";"18PR";"18PR00";"De Steiger school voor PRO";"LELYSTAD";"0995";"Lelystad";"Flevoland";229;"0"
"31028";"14RR";"14RR00";"DevelsteinCollege";"ZWIJNDRECHT";"0642";"Zwijndrecht";"Zuid-Holland";1562;"28"
"31087";"09VG";"09VG00";"Reeshof College";"TILBURG";"0855";"Tilburg";"Noord-Brabant";321;"0"
"31087";"20GD";"20GD00";"Campus 013";"TILBURG";"0855";"Tilburg";"Noord-Brabant";923;"<5"
"31087";"20GD";"20GD01";"Yonder ISK";"TILBURG";"0855";"Tilburg";"Noord-Brabant";371;"0"
"31107";"02HI";"02HI00";"Curio vmbo";"HALSTEREN";"0748";"Bergen op Zoom";"Noord-Brabant";615;"0"
"31107";"02HI";"02HI06";"Curio pomona";"BERGEN OP ZOOM";"0748";"Bergen op Zoom";"Noord-Brabant";160;"0"
"31107";"02HI";"02HI08";"Curio isk Bergen op Zoom";"BERGEN OP ZOOM";"0748";"Bergen op Zoom";"Noord-Brabant";340;"0"
"31107";"15NY";"15NY00";"Curio praktijkschool Breda";"BREDA";"0758";"Breda";"Noord-Brabant";349;"0"
"31107";"19XV";"19XV00";"Curio VO";"BREDA";"0758";"Breda";"Noord-Brabant";620;"<5"
"31107";"19XV";"19XV02";"Curio de rotonde";"BREDA";"0758";"Breda";"Noord-Brabant";373;"0"
"31107";"21CY";"21CY03";"Curio Prinsentuin Oudenbosch";"OUDENBOSCH";"1655";"Halderberge";"Noord-Brabant";653;"0"
"31107";"21CY";"21CY05";"Curio Prinsentuin Andel";"ANDEL";"1959";"Altena";"Noord-Brabant";567;"0"
"31107";"25LX";"25LX33";"Curio scala";"TETERINGEN";"0758";"Breda";"Noord-Brabant";589;"0"
"31107";"25LX";"25LX41";"Curio effent";"OOSTERHOUT NB";"0826";"Oosterhout";"Noord-Brabant";608;"0"
"31107";"25LX";"25LX48";"Curio isk Breda";"BREDA";"0758";"Breda";"Noord-Brabant";756;"0"
"31127";"05EA";"05EA14";"STC";"ROTTERDAM";"0599";"Rotterdam";"Zuid-Holland";273;"0"
"31127";"05EA";"05EA16";"STC";"ROTTERDAM";"0599";"Rotterdam";"Zuid-Holland";194;"0"
"31137";"14YD";"14YD03";"Lentiz";"NAALDWIJK";"1783";"Westland";"Zuid-Holland";854;"0"
"31137";"14YD";"14YD06";"Lentiz";"MAASLAND";"1842";"Midden-Delfland";"Zuid-Holland";650;"0"
"31137";"14YD";"14YD09";"Lentiz Dalton College";"NAALDWIJK";"1783";"Westland";"Zuid-Holland";467;"<5"
"31137";"14YD";"14YD16";"Lentiz";"NAALDWIJK";"1783";"Westland";"Zuid-Holland";165;"0"
"31137";"17WQ";"17WQ00";"Lentiz";"VLAARDINGEN";"0622";"Vlaardingen";"Zuid-Holland";1272;"7"
"31137";"17WQ";"17WQ08";"Lentiz VMBO LIFE College";"SCHIEDAM";"0606";"Schiedam";"Zuid-Holland";548;"0"
"31137";"31MD";"31MD00";"Lentiz Revius Lyceum";"MAASSLUIS";"0556";"Maassluis";"Zuid-Holland";718;"14"
"31137";"31MD";"31MD02";"Lentiz Geuzencollege";"VLAARDINGEN";"0622";"Vlaardingen";"Zuid-Holland";661;"0"
"31137";"31MD";"31MD03";"Lentiz Revius Mavo";"MAASSLUIS";"0556";"Maassluis";"Zuid-Holland";287;"<5"
"31157";"23VL";"23VL00";"SGM Pieter Zandt";"KAMPEN";"0166";"Kampen";"Overijssel";1760;"10"
"31157";"23VL";"23VL01";"SGM Pieter Zandt";"STAPHORST";"0180";"Staphorst";"Overijssel";358;"0"
"31157";"23VL";"23VL02";"SGM Pieter Zandt";"URK";"0184";"Urk";"Flevoland";545;"0"
"31157";"23VL";"23VL03";"SGM Pieter Zandt";"IJSSELMUIDEN";"0166";"Kampen";"Overijssel";231;"0"
"31226";"02TC";"02TC00";"Christiaan Huygens Coll";"EINDHOVEN";"0772";"Eindhoven";"Noord-Brabant";1201;"10"
"31226";"02TC";"02TC03";"locatie Olympia";"EINDHOVEN";"0772";"Eindhoven";"Noord-Brabant";494;"0"
"31226";"02TC";"02TC04";"loc. Frits Philips lyceum-mavo";"EINDHOVEN";"0772";"Eindhoven";"Noord-Brabant";1554;"<5"
"31231";"00ZV";"00ZV00";"Lauwers College";"BUITENPOST";"0059";"Achtkarspelen";"Friesland";959;"9"
"31231";"00ZV";"00ZV02";"Lauwers College";"KOLLUM";"1970";"Noardeast-Fryslân";"Friesland";245;"0"
"31231";"00ZV";"00ZV05";"Lauwers College";"GRIJPSKERK";"1969";"Westerkwartier";"Groningen";272;"<5"
"31231";"00ZX";"00ZX00";"Dockingacollege";"DOKKUM";"1970";"Noardeast-Fryslân";"Friesland";294;"<5"
"31231";"00ZX";"00ZX02";"Dockingacollege";"DOKKUM";"1970";"Noardeast-Fryslân";"Friesland";330;"<5"
"31231";"00ZX";"00ZX03";"Dockingacollege";"DOKKUM";"1970";"Noardeast-Fryslân";"Friesland";478;"0"
"31231";"00ZX";"00ZX08";"Dockingacollege";"DOKKUM";"1970";"Noardeast-Fryslân";"Friesland";350;"0"
"31231";"00ZX";"00ZX10";"Inspecteur Boelensschool";"SCHIERMONNIKOOG";"0088";"Schiermonnikoog";"Friesland";18;"0"
"31231";"25CM";"25CM00";"Chr SGM Liudger";"DRACHTEN";"0090";"Smallingerland";"Friesland";795;"0"
"31231";"25CM";"25CM04";"Chr SGM Liudger";"DRACHTEN";"0090";"Smallingerland";"Friesland";938;"36"
"31231";"25CM";"25CM07";"Chr SGM Liudger";"BURGUM";"0737";"Tytsjerksteradiel";"Friesland";548;"<5"
"31231";"25CM";"25CM08";"Chr SGM Liudger";"WASKEMEER";"0085";"Ooststellingwerf";"Friesland";278;"0"
"31231";"25CM";"25CM10";"Chr SGM Liudger";"DRACHTEN";"0090";"Smallingerland";"Friesland";141;"0"
"31231";"25CM";"25CM12";"Chr SGM Liudger";"BURGUM";"0737";"Tytsjerksteradiel";"Friesland";114;"<5"
"31240";"02CR";"02CR00";"Willem Lodewijkgymnasium";"GRONINGEN";"0014";"Groningen";"Groningen";724;"<5"
"33372";"16QH";"16QH00";"De Nassau";"BREDA";"0758";"Breda";"Noord-Brabant";428;"<5"
"33372";"16QH";"16QH01";"De Nassau";"BREDA";"0758";"Breda";"Noord-Brabant";1327;"8"
"33944";"02DQ";"02DQ00";"Chr Gymnasium Sorghvliet";"'S-GRAVENHAGE";"0518";"'s-Gravenhage";"Zuid-Holland";816;"0"
"35647";"00PF";"00PF00";"Carmelcollege Emmen";"EMMEN";"0114";"Emmen";"Drenthe";1216;"6"
"35647";"01FY";"01FY00";"Augustinianum SGM";"EINDHOVEN";"0772";"Eindhoven";"Noord-Brabant";1127;"18"
"35647";"01UH";"01UH00";"Maartenscollege";"HAREN GN";"0014";"Groningen";"Groningen";796;"31"
"35647";"01VJ";"01VJ00";"Etty Hillesum Lyceum";"DEVENTER";"0150";"Deventer";"Overijssel";660;"6"
"35647";"01VJ";"01VJ01";"Etty Hillesum Lyceum";"DEVENTER";"0150";"Deventer";"Overijssel";843;"0"
"35647";"01VJ";"01VJ03";"Etty Hillesum Lyceum";"DEVENTER";"0150";"Deventer";"Overijssel";1263;"5"
"35647";"01VJ";"01VJ04";"Etty Hillesum Lyceum";"DEVENTER";"0150";"Deventer";"Overijssel";1212;"26"
"35647";"01VJ";"01VJ05";"Etty Hillesum Lyceum";"DEVENTER";"0150";"Deventer";"Overijssel";440;"0"
"35647";"01VJ";"01VJ06";"Etty Hillesum Lyceum";"DEVENTER";"0150";"Deventer";"Overijssel";222;"0"
"35647";"01VJ";"01VJ14";"Etty Hillesum Lyc Zwaluwenburg";"DEVENTER";"0150";"Deventer";"Overijssel";101;"0"
"35647";"01VJ";"01VJ15";"PVO";"DEVENTER";"0150";"Deventer";"Overijssel";145;"0"
"35647";"02EK";"02EK00";"Pius X College";"ALMELO";"0141";"Almelo";"Overijssel";459;"<5"
"35647";"02EK";"02EK01";"Pius X College";"ALMELO";"0141";"Almelo";"Overijssel";204;"0"
"35647";"02EK";"02EK02";"Pius X College";"RIJSSEN";"1742";"Rijssen-Holten";"Overijssel";370;"0"
"35647";"02LG";"02LG00";"Carmelcollege Gouda";"GOUDA";"0513";"Gouda";"Zuid-Holland";555;"<5"
"35647";"02LG";"02LG06";"Loc. Antoniuscollege Gouda";"GOUDA";"0513";"Gouda";"Zuid-Holland";1086;"<5"
"35647";"02LG";"02LG08";"Loc. ISK Gouda";"GOUDA";"0513";"Gouda";"Zuid-Holland";73;"0"
"35647";"02LG";"02LG09";"Carmel ISK Gouda 2";"GOUDA";"0513";"Gouda";"Zuid-Holland";155;"0"
"35647";"02QN";"02QN00";"RK SGM Marianum";"GROENLO";"1586";"Oost Gelre";"Gelderland";960;"8"
"35647";"02QN";"02QN02";"RK SGM Marianum";"LICHTENVOORDE";"1586";"Oost Gelre";"Gelderland";441;"0"
"35647";"04OY";"04OY00";"Carmel College Salland";"RAALTE";"0177";"Raalte";"Overijssel";772;"<5"
"35647";"04OY";"04OY02";"Carmel College Salland";"RAALTE";"0177";"Raalte";"Overijssel";1270;"7"
"35647";"04OY";"04OY06";"Carmel College Salland";"RAALTE";"0177";"Raalte";"Overijssel";103;"0"
"35647";"04OY";"04OY08";"Taalschool";"RAALTE";"0177";"Raalte";"Overijssel";38;"0"
"35647";"05AV";"05AV00";"Twents Carmel College";"OLDENZAAL";"0173";"Oldenzaal";"Overijssel";911;"<5"
"35647";"05AV";"05AV01";"Twents Carmel College";"OLDENZAAL";"0173";"Oldenzaal";"Overijssel";882;"0"
"35647";"05AV";"05AV02";"Twents Carmel College";"OLDENZAAL";"0173";"Oldenzaal";"Overijssel";1250;"<5"
"35647";"05AV";"05AV03";"Twents Carmel College";"LOSSER";"0168";"Losser";"Overijssel";478;"0"
"35647";"05AV";"05AV04";"Twents Carmel College";"DENEKAMP";"1774";"Dinkelland";"Overijssel";246;"0"
"35647";"05AV";"05AV05";"Twents Carmel College";"OLDENZAAL";"0173";"Oldenzaal";"Overijssel";184;"0"
"35647";"16VI";"16VI00";"RK SGM Canisius";"ALMELO";"0141";"Almelo";"Overijssel";764;"<5"
"35647";"16VI";"16VI01";"RK SGM Canisius";"TUBBERGEN";"0183";"Tubbergen";"Overijssel";671;"0"
"35647";"17VN";"17VN00";"Bonhoeffer College";"ENSCHEDE";"0153";"Enschede";"Overijssel";216;"0"
"35647";"17VN";"17VN01";"Bonhoeffer College";"ENSCHEDE";"0153";"Enschede";"Overijssel";351;"<5"
"35647";"17VN";"17VN05";"Bonhoeffer College";"ENSCHEDE";"0153";"Enschede";"Overijssel";1453;"5"
"35647";"17VN";"17VN06";"Bonhoeffer College";"ENSCHEDE";"0153";"Enschede";"Overijssel";1189;"<5"
"35647";"17VN";"17VN09";"Bonhoeffer College";"ENSCHEDE";"0153";"Enschede";"Overijssel";360;"0"
"35647";"19HG";"19HG00";"Sg. Carmel Hengelo";"HENGELO OV";"0164";"Hengelo";"Overijssel";1290;"<5"
"35647";"19HG";"19HG02";"Loc. Het Twickel College Borne";"BORNE";"0147";"Borne";"Overijssel";257;"0"
"35647";"19HG";"19HG04";"Loc. Het Twickel Coll. Delden";"DELDEN";"1735";"Hof van Twente";"Overijssel";177;"0"
"35647";"19HG";"19HG06";"Locatie Avila College";"HENGELO OV";"0164";"Hengelo";"Overijssel";470;"<5"
"35647";"19HG";"19HG10";"Locatie C.T. Stork College";"HENGELO OV";"0164";"Hengelo";"Overijssel";567;"0"
"35647";"19HG";"19HG11";"Loc. Lyceum de Grundel";"HENGELO OV";"0164";"Hengelo";"Overijssel";658;"<5"
"35647";"19XH";"19XH00";"Het Hooghuis";"OSS";"0828";"Oss";"Noord-Brabant";1468;"11"
"35647";"19XH";"19XH01";"Het Hooghuis locatie Stadion";"OSS";"0828";"Oss";"Noord-Brabant";624;"0"
"35647";"19XH";"19XH04";"Het Hooghuis locatie Zuid/West";"OSS";"0828";"Oss";"Noord-Brabant";788;"0"
"35647";"19XH";"19XH05";"Het Hooghuis locatie Zuid/West";"OSS";"0828";"Oss";"Noord-Brabant";330;"0"
"35647";"19XH";"19XH08";"Het Hooghuis loc. De Singel";"OSS";"0828";"Oss";"Noord-Brabant";240;"0"
"35647";"19XH";"19XH09";"Het Hooghuis locatie Mondriaan";"OSS";"0828";"Oss";"Noord-Brabant";1217;"<5"
"35647";"30UV";"30UV00";"Carmel Lyceum Hurdegaryp";"HURDEGARYP";"0737";"Tytsjerksteradiel";"Friesland";223;"<5"
"35647";"31CZ";"31CZ00";"Carmel College West Betuwe";"GELDERMALSEN";"1960";"West Betuwe";"Gelderland";358;"<5"
"36921";"02FB";"02FB00";"CCNV";"HARDERWIJK";"0243";"Harderwijk";"Gelderland";1557;"29"
"37052";"00PJ";"00PJ00";"Erasmuscollege";"ZOETERMEER";"0637";"Zoetermeer";"Zuid-Holland";1638;"7"
"40003";"14WJ";"14WJ00";"Het Vlietland College";"LEIDEN";"0546";"Leiden";"Zuid-Holland";782;"8"
"40075";"04FR";"04FR00";"De Diken";"SNEEK";"1900";"Súdwest-Fryslân";"Friesland";261;"0"
"40075";"25CR";"25CR00";"csg Bogerman";"SNEEK";"1900";"Súdwest-Fryslân";"Friesland";1314;"23"
"40075";"25CR";"25CR03";"Bogerman SGM";"SNEEK";"1900";"Súdwest-Fryslân";"Friesland";648;"<5"
"40075";"25CR";"25CR07";"csg Bogerman Koudum";"KOUDUM";"1900";"Súdwest-Fryslân";"Friesland";190;"0"
"40075";"25CR";"25CR10";"csg Bogerman Balk";"BALK";"1940";"De Fryske Marren";"Friesland";275;"0"
"40075";"25GB";"25GB00";"Marne College";"BOLSWARD";"1900";"Súdwest-Fryslân";"Friesland";776;"10"
"40075";"25GB";"25GB02";"Marne College";"BOLSWARD";"1900";"Súdwest-Fryslân";"Friesland";178;"0"
"40094";"00RO";"00RO00";"Amadeus Lyceum";"VLEUTEN";"0344";"Utrecht";"Utrecht";1696;"5"
"40094";"01EK";"01EK00";"Kranenburg";"UTRECHT";"0344";"Utrecht";"Utrecht";212;"0"
"40094";"01KF";"01KF00";"St Gregorius College";"UTRECHT";"0344";"Utrecht";"Utrecht";513;"<5"
"40094";"01KF";"01KF04";"Descart";"UTRECHT";"0344";"Utrecht";"Utrecht";1268;"0"
"40094";"01KF";"01KF05";"Limus College";"VLEUTEN";"0344";"Utrecht";"Utrecht";234;"0"
"40094";"01KF";"01KF06";"Globe College TopHavo";"UTRECHT";"0344";"Utrecht";"Utrecht";33;"0"
"40094";"02UE";"02UE00";"SGM St Bonifatius Coll";"UTRECHT";"0344";"Utrecht";"Utrecht";1667;"27"
"40094";"03OY";"03OY00";"Niftarlake College";"MAARSSEN";"1904";"Stichtse Vecht";"Utrecht";1444;"13"
"40094";"07BM";"07BM00";"De Baanbreker";"IJSSELSTEIN UT";"0353";"IJsselstein";"Utrecht";178;"0"
"40094";"14OY";"14OY00";"Gerrit Rietveld College";"UTRECHT";"0344";"Utrecht";"Utrecht";1167;"22"
"40094";"16PA";"16PA00";"Chr Gymnasium";"UTRECHT";"0344";"Utrecht";"Utrecht";1033;"<5"
"40094";"17GM";"17GM00";"Oosterlicht College";"NIEUWEGEIN";"0356";"Nieuwegein";"Utrecht";1252;"5"
"40094";"17GM";"17GM02";"Lekpoort College";"VIANEN UT";"1961";"Vijfheerenlanden";"Utrecht";682;"<5"
"40094";"18AN";"18AN00";"Globe College";"UTRECHT";"0344";"Utrecht";"Utrecht";715;"<5"
"40094";"23VD";"23VD00";"Broeckland College";"BREUKELEN UT";"1904";"Stichtse Vecht";"Utrecht";456;"<5"
"40132";"02VR";"02VR00";"Christelijk Lyceum Zeist";"ZEIST";"0355";"Zeist";"Utrecht";1357;"7"
"40132";"02VR";"02VR02";"loc, Christelijk lyceum zeist";"ZEIST";"0355";"Zeist";"Utrecht";428;"<5"
"40132";"02VR";"02VR04";"loc, Revius Lyceum Doorn";"DOORN";"1581";"Utrechtse Heuvelrug";"Utrecht";1426;"9"
"40132";"02VR";"02VR05";"loc, Rev lyc wk bij duurstede";"WIJK BIJ DUURSTEDE";"0352";"Wijk bij Duurstede";"Utrecht";680;"<5"
"40132";"02VR";"02VR08";"Christelijk Lyceum Zeist";"ZEIST";"0355";"Zeist";"Utrecht";20;"0"
"40132";"26HY";"26HY00";"Seyster College";"ZEIST";"0355";"Zeist";"Utrecht";58;"0"
"40132";"26HY";"26HY02";"Seyster College";"ZEIST";"0355";"Zeist";"Utrecht";108;"0"
"40143";"01IW";"01IW00";"Dongemond College";"RAAMSDONKSVEER";"0779";"Geertruidenberg";"Noord-Brabant";1337;"8"
"40143";"01IW";"01IW03";"Dongemond College";"MADE";"1719";"Drimmelen";"Noord-Brabant";454;"0"
"40180";"00ML";"00ML00";"Meerscholen - Het Nieuwe Eemla";"AMERSFOORT";"0307";"Amersfoort";"Utrecht";1214;"6"
"40180";"00ML";"00ML02";"Meerscholen - Muurhuizen";"AMERSFOORT";"0307";"Amersfoort";"Utrecht";493;"<5"
"40180";"00ML";"00ML05";"'t Hooghe Landt";"AMERSFOORT";"0307";"Amersfoort";"Utrecht";795;"9"
"40180";"00ML";"00ML09";"Meerscholen - Het Element";"AMERSFOORT";"0307";"Amersfoort";"Utrecht";680;"0"
"40180";"00ML";"00ML12";"'t Hooghe Landt";"AMERSFOORT";"0307";"Amersfoort";"Utrecht";579;"11"
"40180";"02DC";"02DC00";"Corlaer College";"NIJKERK GLD";"0267";"Nijkerk";"Gelderland";942;"0"
"40180";"02DC";"02DC03";"Corlaer College";"NIJKERK GLD";"0267";"Nijkerk";"Gelderland";1003;"15"
"40180";"14RC";"14RC00";"Meerscholen";"AMERSFOORT";"0307";"Amersfoort";"Utrecht";872;"9"
"40180";"14RC";"14RC02";"Taalcentrum Amersfoort";"AMERSFOORT";"0307";"Amersfoort";"Utrecht";486;"0"
"40180";"14RC";"14RC03";"Oostwende College";"BUNSCHOTEN-SPAKENBURG";"0313";"Bunschoten";"Utrecht";366;"<5"
"40180";"14RC";"14RC04";"Corderius College";"AMERSFOORT";"0307";"Amersfoort";"Utrecht";1676;"16"
"40180";"26HU";"26HU00";"Accent Nijkerk";"NIJKERK GLD";"0267";"Nijkerk";"Gelderland";210;"0"
"40180";"28CA";"28CA00";"PRO33";"AMERSFOORT";"0307";"Amersfoort";"Utrecht";110;"0"
"40209";"04IX";"04IX00";"Kalsbeek College";"WOERDEN";"0632";"Woerden";"Utrecht";1743;"14"
"40209";"04IX";"04IX01";"Kalsbeek College";"WOERDEN";"0632";"Woerden";"Utrecht";975;"<5"
"40232";"25KX";"25KX00";"Lorentz Casimir Lyceum";"EINDHOVEN";"0772";"Eindhoven";"Noord-Brabant";1195;"5"
"40278";"13VV";"13VV00";"Praktijkschool De Zwaaikom";"OOSTERHOUT NB";"0826";"Oosterhout";"Noord-Brabant";167;"0"
"40304";"03XS";"03XS00";"CSW Van de Perre";"MIDDELBURG";"0687";"Middelburg";"Zeeland";1454;"7"
"40304";"03XS";"03XS02";"CSW Toorop Talent College";"MIDDELBURG";"0687";"Middelburg";"Zeeland";261;"0"
"40304";"03XS";"03XS03";"CSW Bestevaer";"VLISSINGEN";"0718";"Vlissingen";"Zeeland";299;"0"
"40304";"03XS";"03XS08";"ISK Walcheren";"MIDDELBURG";"0687";"Middelburg";"Zeeland";443;"0"
"40310";"05FB";"05FB00";"Het Assink lyceum";"HAAKSBERGEN";"0158";"Haaksbergen";"Overijssel";1007;"8"
"40310";"05FB";"05FB01";"Het Assink lyceum";"EIBERGEN";"1859";"Berkelland";"Gelderland";255;"0"
"40310";"05FB";"05FB08";"Het Assink lyceum";"NEEDE";"1859";"Berkelland";"Gelderland";462;"<5"
"40310";"24TF";"24TF00";"Staring College";"LOCHEM";"0262";"Lochem";"Gelderland";892;"10"
"40310";"24TF";"24TF01";"Staring College";"BORCULO";"1859";"Berkelland";"Gelderland";183;"0"
"40310";"24TF";"24TF02";"Staring College";"BORCULO";"1859";"Berkelland";"Gelderland";425;"<5"
"40320";"18XX";"18XX00";"Berechja College";"URK";"0184";"Urk";"Flevoland";598;"0"
"40334";"14SF";"14SF00";"SGM De Goudse Waarden";"GOUDA";"0513";"Gouda";"Zuid-Holland";432;"0"
"40334";"14SF";"14SF01";"SGM De Goudse Waarden";"GOUDA";"0513";"Gouda";"Zuid-Holland";1070;"<5"
"40334";"30FF";"30FF00";"PROS De Goudse Waarden";"GOUDA";"0513";"Gouda";"Zuid-Holland";86;"0"
"40348";"02DO";"02DO00";"PC SGM Het Noordik";"ALMELO";"0141";"Almelo";"Overijssel";1507;"5"
"40348";"02DO";"02DO01";"PC SGM Het Noordik";"ALMELO";"0141";"Almelo";"Overijssel";285;"<5"
"40348";"02DO";"02DO02";"PC SGM Het Noordik";"VRIEZENVEEN";"1700";"Twenterand";"Overijssel";484;"0"
"40348";"02DO";"02DO03";"PC SGM Het Noordik";"VROOMSHOOP";"1700";"Twenterand";"Overijssel";466;"0"
"40356";"08VU";"08VU00";"Chr SGM Willem v Oranje";"OUD-BEIJERLAND";"1963";"Hoeksche Waard";"Zuid-Holland";868;"5"
"40356";"08VU";"08VU02";"Chr SGM Willem v Oranje";"OUD-BEIJERLAND";"1963";"Hoeksche Waard";"Zuid-Holland";388;"0"
"40357";"00YO";"00YO00";"Prot Chr Mavo Waldheim";"BAARN";"0308";"Baarn";"Utrecht";377;"0"
"40357";"01NZ";"01NZ00";"Griftland College";"SOEST";"0342";"Soest";"Utrecht";1267;"11"
"40365";"02VJ";"02VJ00";"Ubbo Emmius";"STADSKANAAL";"0037";"Stadskanaal";"Groningen";713;"<5"
"40365";"02VJ";"02VJ03";"Ubbo Emmius Lyceum";"STADSKANAAL";"0037";"Stadskanaal";"Groningen";388;"0"
"40365";"02VJ";"02VJ06";"Ubbo Emmius";"ONSTWEDDE";"0037";"Stadskanaal";"Groningen";293;"<5"
"40365";"02VJ";"02VJ07";"Ubbo Emmius";"STADSKANAAL";"0037";"Stadskanaal";"Groningen";272;"0"
"40365";"02VJ";"02VJ08";"Ubbo Emmius";"STADSKANAAL";"0037";"Stadskanaal";"Groningen";289;"<5"
"40365";"18UZ";"18UZ00";"PrO Stadskanaal";"STADSKANAAL";"0037";"Stadskanaal";"Groningen";185;"0"
"40365";"19UR";"19UR00";"PrO Winschoten";"WINSCHOTEN";"1895";"Oldambt";"Groningen";139;"0"
"40365";"20CM";"20CM00";"Dollard College";"WINSCHOTEN";"1895";"Oldambt";"Groningen";1096;"9"
"40365";"20CM";"20CM01";"Dollard College";"OUDE PEKELA";"0765";"Pekela";"Groningen";264;"<5"
"40365";"20CM";"20CM03";"Dollard College";"BELLINGWOLDE";"1950";"Westerwolde";"Groningen";154;"0"
"40365";"20CM";"20CM07";"Dollard College";"WOLDENDORP";"1979";"Eemsdelta";"Groningen";342;"<5"
"40365";"20CM";"20CM08";"Dollard College";"WINSCHOTEN";"1895";"Oldambt";"Groningen";150;"0"
"40365";"20CM";"20CM09";"Dollard College";"WINSCHOTEN";"1895";"Oldambt";"Groningen";574;"<5"
"40365";"20CM";"20CM10";"Dollard College";"WINSCHOTEN";"1895";"Oldambt";"Groningen";27;"0"
"40375";"00RZ";"00RZ00";"Montessori College";"NIJMEGEN";"0268";"Nijmegen";"Gelderland";1081;"25"
"40375";"00RZ";"00RZ01";"Montessori College";"GROESBEEK";"1945";"Berg en Dal";"Gelderland";237;"<5"
"40375";"00RZ";"00RZ07";"Montessori College";"NIJMEGEN";"0268";"Nijmegen";"Gelderland";540;"<5"
"40377";"20BC";"20BC00";"Oranje Nassau College";"ZOETERMEER";"0637";"Zoetermeer";"Zuid-Holland";1735;"<5"
"40377";"20BC";"20BC01";"Oranje Nassau College";"ZOETERMEER";"0637";"Zoetermeer";"Zuid-Holland";1153;"0"
"40505";"00TL";"00TL00";"Het Nieuwe Lyceum";"BILTHOVEN";"0310";"De Bilt";"Utrecht";1106;"5"
"40517";"15IS";"15IS00";"Het Kwadrant Prakt Ond";"BERGEN OP ZOOM";"0748";"Bergen op Zoom";"Noord-Brabant";206;"0"
"40530";"04DF";"04DF00";"Ashram College";"ALPHEN AAN DEN RIJN";"0484";"Alphen aan den Rijn";"Zuid-Holland";1017;"<5"
"40530";"04DF";"04DF01";"Ashram College";"NIEUWKOOP";"0569";"Nieuwkoop";"Zuid-Holland";399;"0"
"40530";"15BH";"15BH00";"Chr Sgm Groene Hart";"ALPHEN AAN DEN RIJN";"0484";"Alphen aan den Rijn";"Zuid-Holland";665;"0"
"40530";"15BH";"15BH01";"Chr Sgm Groene Hart Lyceum";"ALPHEN AAN DEN RIJN";"0484";"Alphen aan den Rijn";"Zuid-Holland";1305;"<5"
"40530";"15BH";"15BH04";"Groene Hart Rijnwoude";"HAZERSWOUDE-DORP";"0484";"Alphen aan den Rijn";"Zuid-Holland";294;"0"
"40530";"15BH";"15BH05";"Groene Hart Topmavo";"ALPHEN AAN DEN RIJN";"0484";"Alphen aan den Rijn";"Zuid-Holland";540;"5"
"40530";"15BH";"15BH08";"Locatie Marsdiep";"ALPHEN AAN DEN RIJN";"0484";"Alphen aan den Rijn";"Zuid-Holland";274;"0"
"40530";"26LR";"26LR00";"Pro College";"ALPHEN AAN DEN RIJN";"0484";"Alphen aan den Rijn";"Zuid-Holland";149;"0"
"40570";"14RP";"14RP00";"CSG";"GRONINGEN";"0014";"Groningen";"Groningen";914;"0"
"40570";"14RP";"14RP01";"CSG - locatie Augustinus";"GRONINGEN";"0014";"Groningen";"Groningen";1239;"47"
"40570";"14RP";"14RP02";"CSG - locatieKluiverboom";"GRONINGEN";"0014";"Groningen";"Groningen";267;"0"
"40570";"14RP";"14RP03";"CSG - locatie Diamantlaan";"GRONINGEN";"0014";"Groningen";"Groningen";359;"0"
"40586";"17YS";"17YS00";"Esprit Scholen";"AMSTERDAM";"0363";"Amsterdam";"Noord-Holland";877;"0"
"40586";"17YS";"17YS02";"Esprit Scholengroep";"AMSTERDAM";"0363";"Amsterdam";"Noord-Holland";682;"<5"
"40586";"17YS";"17YS03";"Esprit Scholengroep";"AMSTERDAM";"0363";"Amsterdam";"Noord-Holland";1160;"7"
"40586";"17YS";"17YS04";"Esprit Scholengroep";"AMSTERDAM";"0363";"Amsterdam";"Noord-Holland";514;"0"
"40586";"17YS";"17YS08";"Esprit Scholengroep";"AMSTERDAM";"0363";"Amsterdam";"Noord-Holland";746;"8"
"40586";"17YS";"17YS12";"Esprit Scholengroep";"AMSTERDAM";"0363";"Amsterdam";"Noord-Holland";180;"7"
"40586";"17YS";"17YS18";"Esprit Scholengroep";"AMSTERDAM";"0363";"Amsterdam";"Noord-Holland";639;"0"
"40586";"17YS";"17YS21";"Esprit Scholen";"AMSTERDAM";"0363";"Amsterdam";"Noord-Holland";746;"<5"
"40586";"17YS";"17YS22";"Esprit Scholen";"AMSTERDAM";"0363";"Amsterdam";"Noord-Holland";673;"0"
"40586";"17YS";"17YS24";"TASC";"AMSTERDAM";"0363";"Amsterdam";"Noord-Holland";136;"0"
"40586";"17YS";"17YS25";"AVM-locatie Esprit";"AMSTERDAM";"0363";"Amsterdam";"Noord-Holland";137;"0"
"40586";"30GC";"30GC00";"Het 4e Gymnasium";"AMSTERDAM";"0363";"Amsterdam";"Noord-Holland";846;"0"
"40588";"04GU";"04GU00";"Elde College Schijndel";"SCHIJNDEL";"1948";"Meierijstad";"Noord-Brabant";1158;"7"
"40588";"04GU";"04GU03";"Elde College Schijndel";"SINT-MICHIELSGESTEL";"0845";"Sint-Michielsgestel";"Noord-Brabant";289;"0"
"40588";"04GU";"04GU06";"Elde College Schijndel";"SCHIJNDEL";"1948";"Meierijstad";"Noord-Brabant";87;"0"
"40588";"04GU";"04GU08";"Ede College Schijndel";"SCHIJNDEL";"1948";"Meierijstad";"Noord-Brabant";188;"0"
"40588";"06HF";"06HF00";"Udens College";"UDEN";"1991";"Maashorst";"Noord-Brabant";1442;"15"
"40588";"06HF";"06HF02";"Udens College";"UDEN";"1991";"Maashorst";"Noord-Brabant";1384;"<5"
"40590";"00UM";"00UM00";"Erfgooiers College";"HUIZEN";"0406";"Huizen";"Noord-Holland";1046;"<5"
"40596";"02XJ";"02XJ00";"Chr SGM Reggesteyn";"NIJVERDAL";"0163";"Hellendoorn";"Overijssel";1363;"<5"
"40596";"02XJ";"02XJ02";"Chr SGM Reggesteijn";"RIJSSEN";"1742";"Rijssen-Holten";"Overijssel";1163;"0"
"40608";"25GE";"25GE00";"Het Streek Lyceum";"EDE GLD";"0228";"Ede";"Gelderland";1683;"28"
"40608";"25GE";"25GE02";"Het Streek College";"EDE GLD";"0228";"Ede";"Gelderland";809;"0"
"40608";"26HV";"26HV00";"Het Streek College";"EDE GLD";"0228";"Ede";"Gelderland";142;"0"
"40619";"23HH";"23HH00";"Praktijkonderwijs Roermond";"ROERMOND";"0957";"Roermond";"Limburg";292;"0"
"40641";"08LP";"08LP00";"Isendoorn College";"WARNSVELD";"0301";"Zutphen";"Gelderland";929;"12"
"40641";"08LP";"08LP01";"Isendoorn College";"WARNSVELD";"0301";"Zutphen";"Gelderland";184;"<5"
"40641";"08LP";"08LP02";"Isendoorn College";"ZUTPHEN";"0301";"Zutphen";"Gelderland";278;"0"
"40673";"25EF";"25EF01";"Vonk Alkmaar";"ALKMAAR";"0361";"Alkmaar";"Noord-Holland";518;"0"
"40673";"25EF";"25EF02";"Vonk Castricum";"CASTRICUM";"0383";"Castricum";"Noord-Holland";1018;"0"
"40673";"25EF";"25EF03";"Vonk Amsterdam";"AMSTERDAM";"0363";"Amsterdam";"Noord-Holland";362;"0"
"40673";"25EF";"25EF04";"Vonk Purmerend";"PURMEREND";"0439";"Purmerend";"Noord-Holland";578;"0"
"40673";"25EF";"25EF05";"Vonk Grootebroek";"GROOTEBROEK";"0532";"Stede Broec";"Noord-Holland";241;"0"
"40673";"25EF";"25EF06";"Vonk Hoorn";"HOORN NH";"0405";"Hoorn";"Noord-Holland";546;"0"
"40673";"25EF";"25EF08";"Vonk Heerhugowaard";"HEERHUGOWAARD";"1980";"Dijk en Waard";"Noord-Holland";306;"0"
"40673";"25EF";"25EF09";"Vonk Schagen locatie Boomgaard";"SCHAGEN";"0441";"Schagen";"Noord-Holland";504;"0"
"40676";"00PS";"00PS00";"AT Scholen VO";"HILVERSUM";"0402";"Hilversum";"Noord-Holland";700;"0"
"40676";"00PS";"00PS04";"AT Scholen VO- Groot Goylant";"HILVERSUM";"0402";"Hilversum";"Noord-Holland";301;"0"
"40676";"00PS";"00PS06";"AT Scholen VO- Alberdink Thijm";"HILVERSUM";"0402";"Hilversum";"Noord-Holland";118;"0"
"40676";"00PS";"00PS08";"AT Scholen VO";"HILVERSUM";"0402";"Hilversum";"Noord-Holland";1610;"0"
"40676";"00PS";"00PS09";"AT Scholen VO";"HILVERSUM";"0402";"Hilversum";"Noord-Holland";357;"6"
"40676";"00PS";"00PS10";"AT Scholen VO";"HILVERSUM";"0402";"Hilversum";"Noord-Holland";85;"0"
"40676";"32JP";"32JP00";"Laar en Berg";"LAREN NH";"0417";"Laren";"Noord-Holland";1084;"0"
"40676";"32JR";"32JR00";"Aloysius College";"HILVERSUM";"0402";"Hilversum";"Noord-Holland";521;"<5"
"40683";"02UB";"02UB00";"St Vituscollege";"BUSSUM";"1942";"Gooise Meren";"Noord-Holland";1205;"0"
"40683";"30JN";"30JN00";"Volantcollege";"BUSSUM";"1942";"Gooise Meren";"Noord-Holland";80;"0"
"40683";"30JN";"30JN01";"Volantcollege";"NAARDEN";"1942";"Gooise Meren";"Noord-Holland";585;"<5"
"40687";"05NV";"05NV00";"Aeres PRO Emmeloord";"EMMELOORD";"0171";"Noordoostpolder";"Flevoland";174;"0"
"40687";"25GV";"25GV01";"Aeres VMBO Emmeloord";"EMMELOORD";"0171";"Noordoostpolder";"Flevoland";468;"0"
"40687";"25GV";"25GV05";"Aeres VMBO Ede";"EDE GLD";"0228";"Ede";"Gelderland";401;"5"
"40687";"25GV";"25GV07";"Aeres VMBO Lelystad";"LELYSTAD";"0995";"Lelystad";"Flevoland";653;"0"
"40687";"25GV";"25GV08";"Aeres VMBO Maartensdijk";"MAARTENSDIJK";"0310";"De Bilt";"Utrecht";470;"<5"
"40687";"25GV";"25GV09";"Aeres VMBO Nijkerk";"NIJKERK GLD";"0267";"Nijkerk";"Gelderland";479;"0"
"40687";"25GV";"25GV10";"Aeres VMBO Velp";"VELP GLD";"0275";"Rheden";"Gelderland";564;"0"
"40687";"25GV";"25GV30";"Aeres VMBO Buitenpost";"BUITENPOST";"0059";"Achtkarspelen";"Friesland";394;"0"
"40687";"25GV";"25GV31";"Aeres VMBO Sneek";"SNEEK";"1900";"Súdwest-Fryslân";"Friesland";370;"0"
"40687";"25GV";"25GV32";"Aeres VMBO Heerenveen";"HEERENVEEN";"0074";"Heerenveen";"Friesland";472;"0"
"40687";"25GV";"25GV34";"Aeres VMBO Leeuwarden";"LEEUWARDEN";"0080";"Leeuwarden";"Friesland";518;"0"
"40687";"27VD";"27VD00";"Aeres VMBO Almere";"ALMERE";"0034";"Almere";"Flevoland";791;"0"
"40696";"11AI";"11AI00";"Gooise Praktijkschool";"HILVERSUM";"0402";"Hilversum";"Noord-Holland";244;"0"
"40696";"14SM";"14SM00";"Gooise Scholenfederatie";"BUSSUM";"1942";"Gooise Meren";"Noord-Holland";1331;"<5"
"40696";"14SM";"14SM02";"De Fontein";"BUSSUM";"1942";"Gooise Meren";"Noord-Holland";435;"0"
"40696";"14SM";"14SM03";"SG Huizermaat";"HUIZEN";"0406";"Huizen";"Noord-Holland";1229;"<5"
"40696";"14SM";"14SM04";"A. Roland Holst College";"HILVERSUM";"0402";"Hilversum";"Noord-Holland";762;"6"
"40696";"14SM";"14SM05";"College De Brink";"LAREN NH";"0417";"Laren";"Noord-Holland";556;"0"
"40696";"14SM";"14SM13";"A. Roland Holst College";"HILVERSUM";"0402";"Hilversum";"Noord-Holland";453;"0"
"40696";"14SM";"14SM14";"ISK Het Gooi";"LAREN NH";"0417";"Laren";"Noord-Holland";275;"0"
"40696";"24TG";"24TG00";"Gooise Scholen Federatie Weesp";"WEESP";"0363";"Amsterdam";"Noord-Holland";1477;"<5"
"40696";"24TG";"24TG04";"Casparus College";"WEESP";"0363";"Amsterdam";"Noord-Holland";332;"0"
"40700";"25GD";"25GD00";"Andreas College";"KATWIJK ZH";"0537";"Katwijk";"Zuid-Holland";745;"0"
"40700";"25GD";"25GD01";"Andreas College";"KATWIJK ZH";"0537";"Katwijk";"Zuid-Holland";1005;"8"
"40700";"26HN";"26HN00";"Limes Praktijkonderwijs";"KATWIJK ZH";"0537";"Katwijk";"Zuid-Holland";190;"0"
"40716";"19QA";"19QA00";"Koningin Wilhelmina College";"CULEMBORG";"0216";"Culemborg";"Gelderland";1186;"11"
"40716";"19QA";"19QA04";"Koningin Wilhelmina College";"CULEMBORG";"0216";"Culemborg";"Gelderland";366;"0"
"40722";"02UX";"02UX00";"Vechtdal College";"HARDENBERG";"0160";"Hardenberg";"Overijssel";1629;"11"
"40722";"02UX";"02UX01";"Vechtdal College";"DEDEMSVAART";"0160";"Hardenberg";"Overijssel";493;"0"
"40722";"02UX";"02UX06";"Vechtdal College";"OMMEN";"0175";"Ommen";"Overijssel";1302;"10"
"40776";"01ET";"01ET00";"St. Ignatiusgymnasium";"AMSTERDAM";"0363";"Amsterdam";"Noord-Holland";773;"<5"
"40776";"02AN";"02AN00";"Fons Vitae Lyceum";"AMSTERDAM";"0363";"Amsterdam";"Noord-Holland";1048;"0"
"40776";"14SE";"14SE00";"St. Nicolaaslyceum";"AMSTERDAM";"0363";"Amsterdam";"Noord-Holland";1223;"<5"
"40784";"00PG";"00PG00";"Scholengroep Driestar-Wartburg";"ROTTERDAM";"0599";"Rotterdam";"Zuid-Holland";1402;"9"
"40784";"00PG";"00PG02";"Driestar-Wartburg De Swaef";"ROTTERDAM";"0599";"Rotterdam";"Zuid-Holland";637;"0"
"40784";"00PG";"00PG03";"Driestar-Wartburg Revius";"ROTTERDAM";"0599";"Rotterdam";"Zuid-Holland";490;"0"
"40784";"00PG";"00PG04";"Driestar-Wartburg Marnix";"DORDRECHT";"0505";"Dordrecht";"Zuid-Holland";819;"0"
"40784";"00PG";"00PG08";"Driestar-Wartburg De Burcht";"ROTTERDAM";"0599";"Rotterdam";"Zuid-Holland";60;"0"
"40784";"02EA";"02EA00";"Scholengroep Driestar-Wartburg";"GOUDA";"0513";"Gouda";"Zuid-Holland";1657;"11"
"40784";"02EA";"02EA02";"Driestar-Wartburg Lekkerkerk";"LEKKERKERK";"1931";"Krimpenerwaard";"Zuid-Holland";555;"0"
"40784";"02EA";"02EA03";"Driestar Leiden";"LEIDEN";"0546";"Leiden";"Zuid-Holland";571;"5"
"40784";"02EA";"02EA05";"Driestar Gouda, gebouw Gamma";"GOUDA";"0513";"Gouda";"Zuid-Holland";655;"0"
"40784";"02EA";"02EA07";"Driestar Gouda, gebouw Alfa";"GOUDA";"0513";"Gouda";"Zuid-Holland";502;"<5"
"40784";"02EA";"02EA08";"Driestar Gouda, gebouw Delta";"GOUDA";"0513";"Gouda";"Zuid-Holland";96;"<5"
"40810";"01AA";"01AA57";"Thomas a Kempiscollege";"ZWOLLE";"0193";"Zwolle";"Overijssel";752;"37"
"40810";"01AA";"01AA59";"Jena XL";"ZWOLLE";"0193";"Zwolle";"Overijssel";465;"<5"
"40810";"01AA";"01AA60";"Startcollege ISK (RL)";"ZWOLLE";"0193";"Zwolle";"Overijssel";92;"0"
"40810";"01AA";"01AA61";"CSE Topsportacademie Nederland";"ZWOLLE";"0193";"Zwolle";"Overijssel";590;"<5"
"40810";"01AA";"01AA62";"Startcollege ISK (RW)";"ZWOLLE";"0193";"Zwolle";"Overijssel";228;"0"
"40810";"01AA";"01AA86";"Morgen College";"HARDERWIJK";"0243";"Harderwijk";"Gelderland";661;"<5"
"40810";"01AA";"01AA88";"Morgen College";"HARDERWIJK";"0243";"Harderwijk";"Gelderland";330;"0"
"40842";"01GN";"01GN00";"Valuascollege";"VENLO";"0983";"Venlo";"Limburg";2225;"13"
"40842";"16XD";"16XD00";"College Den Hulster";"VENLO";"0983";"Venlo";"Limburg";1306;"18"
"40842";"19HR";"19HR00";"Blariacumcollege";"VENLO";"0983";"Venlo";"Limburg";1022;"8"
"40851";"05OP";"05OP00";"Praktijkschool De Bolster";"GRONINGEN";"0014";"Groningen";"Groningen";284;"0"
"40854";"25MB";"25MB00";"Summa College";"EINDHOVEN";"0772";"Eindhoven";"Noord-Brabant";673;"68"
"40854";"25MB";"25MB36";"Summa College";"EINDHOVEN";"0772";"Eindhoven";"Noord-Brabant";354;"0"
"40856";"00NE";"00NE00";"Delta vmbo";"HELMOND";"0794";"Helmond";"Noord-Brabant";381;"<5"
"40856";"00NE";"00NE02";"J v Br College vest Gasthuisst";"HELMOND";"0794";"Helmond";"Noord-Brabant";387;"0"
"40856";"02QP";"02QP00";"St Willibrord Gymnasium";"DEURNE";"0762";"Deurne";"Noord-Brabant";329;"<5"
"40856";"14LF";"14LF00";"J v Br College vest Molenstr";"HELMOND";"0794";"Helmond";"Noord-Brabant";773;"0"
"40856";"25MG";"25MG00";"Commanderij College";"GEMERT";"1652";"Gemert-Bakel";"Noord-Brabant";874;"<5"
"40856";"25MG";"25MG02";"Commanderij College";"GEMERT";"1652";"Gemert-Bakel";"Noord-Brabant";801;"<5"
"40856";"25MG";"25MG03";"Commanderij College";"BEEK EN DONK";"1659";"Laarbeek";"Noord-Brabant";519;"0"
"40857";"01EO";"01EO00";"Da Vinci College";"PURMEREND";"0439";"Purmerend";"Noord-Holland";1352;"<5"
"40857";"01EO";"01EO01";"SG Gerrit Rietveld";"PURMEREND";"0439";"Purmerend";"Noord-Holland";450;"<5"
"40857";"01EO";"01EO02";"Jan v. Egmond Lyceum";"PURMEREND";"0439";"Purmerend";"Noord-Holland";1296;"<5"
"40857";"01EO";"01EO06";"SG W.J. Bladergroen";"PURMEREND";"0439";"Purmerend";"Noord-Holland";463;"0"
"40857";"01EO";"01EO08";"SG Nelson Mandela";"PURMEREND";"0439";"Purmerend";"Noord-Holland";170;"0"
"40857";"01EO";"01EO12";"SG Antoni Gaudi";"PURMEREND";"0439";"Purmerend";"Noord-Holland";423;"0"
"40872";"25PW";"25PW51";"Drenthe College Terra";"ASSEN";"0106";"Assen";"Drenthe";657;"0"
"40872";"25PW";"25PW52";"Drenthe College Terra";"EELDE";"1730";"Tynaarlo";"Drenthe";504;"0"
"40872";"25PW";"25PW53";"Drenthe College Terra";"EMMEN";"0114";"Emmen";"Drenthe";797;"0"
"40872";"25PW";"25PW54";"Drenthe College Terra";"MEPPEL";"0119";"Meppel";"Drenthe";481;"0"
"40872";"25PW";"25PW55";"Drenthe College Terra";"OLDEKERK";"1969";"Westerkwartier";"Groningen";357;"0"
"40872";"25PW";"25PW56";"Drenthe College Terra";"WINSUM GN";"1966";"Het Hogeland";"Groningen";466;"0"
"40872";"25PW";"25PW57";"Drenthe College Terra";"WINSUM GN";"1966";"Het Hogeland";"Groningen";153;"0"
"40872";"25PW";"25PW58";"Drenthe College Terra";"WOLVEGA";"0098";"Weststellingwerf";"Friesland";325;"0"
"40876";"01HQ";"01HQ00";"Het Bolwerk";"MIDDELBURG";"0687";"Middelburg";"Zeeland";198;"0"
"40876";"26HF";"26HF00";"De Wissel";"GOES";"0664";"Goes";"Zeeland";153;"0"
"40876";"26LL";"26LL00";"De Sprong, hoofdlocatie";"TERNEUZEN";"0715";"Terneuzen";"Zeeland";81;"0"
"40876";"26LL";"26LL01";"De Sprong, locatie Schuberthof";"TERNEUZEN";"0715";"Terneuzen";"Zeeland";45;"0"
"40922";"00MP";"00MP00";"De Noordgouw";"HEERDE";"0246";"Heerde";"Gelderland";878;"13"
"40928";"26MJ";"26MJ00";"Laurentius Praktijksch";"DELFT";"0503";"Delft";"Zuid-Holland";175;"0"
"40930";"02VN";"02VN00";"Reg SGM Het Rhedens";"ROZENDAAL";"0277";"Rozendaal";"Gelderland";976;"<5"
"40930";"02VN";"02VN01";"Reg SGM Het Rhedens";"DIEREN";"0275";"Rheden";"Gelderland";938;"<5"
"40930";"26NH";"26NH00";"De Tender Proschool";"DIEREN";"0275";"Rheden";"Gelderland";111;"0"
"40931";"00MV";"00MV00";"Scholen aan Zee";"DEN HELDER";"0400";"Den Helder";"Noord-Holland";1148;"13"
"40931";"00MV";"00MV01";"Locatie, Schakel aan Zee";"DEN HELDER";"0400";"Den Helder";"Noord-Holland";191;"0"
"40931";"00MV";"00MV02";"Loc,Beroepsonderwijs aan Zee";"DEN HELDER";"0400";"Den Helder";"Noord-Holland";633;"0"
"40931";"00MV";"00MV06";"Locatie, Junior College";"JULIANADORP";"0400";"Den Helder";"Noord-Holland";345;"0"
"40979";"31JC";"31JC01";"Zone.college vmbo Almelo";"ALMELO";"0141";"Almelo";"Overijssel";781;"0"
"40979";"31JC";"31JC02";"Zone.college vmbo Borculo";"BORCULO";"1859";"Berkelland";"Gelderland";425;"0"
"40979";"31JC";"31JC03";"Zone.college vmbo Doetinchem";"DOETINCHEM";"0222";"Doetinchem";"Gelderland";923;"0"
"40979";"31JC";"31JC04";"Zone.college vmbo Enschede";"ENSCHEDE";"0153";"Enschede";"Overijssel";766;"0"
"40979";"31JC";"31JC05";"Zone.college vmbo Twello";"TWELLO";"0285";"Voorst";"Gelderland";1069;"0"
"40979";"31JC";"31JC06";"Zone.college vmbo Zwolle";"ZWOLLE";"0193";"Zwolle";"Overijssel";691;"0"
"40996";"01MO";"01MO00";"Atheneum Trevianum";"SITTARD";"1883";"Sittard-Geleen";"Limburg";797;"0"
"40996";"04DS";"04DS00";"Gymnasium Trevianum";"SITTARD";"1883";"Sittard-Geleen";"Limburg";332;"0"
"40996";"07BQ";"07BQ00";"HAVO Trevianum";"SITTARD";"1883";"Sittard-Geleen";"Limburg";923;"0"
"41009";"00ZD";"00ZD00";"Bonhoeffer College";"CASTRICUM";"0383";"Castricum";"Noord-Holland";1457;"44"
"41009";"20MH";"20MH00";"Jac P Thijsse College";"CASTRICUM";"0383";"Castricum";"Noord-Holland";1545;"27"
"41009";"20MH";"20MH01";"Jac P Thijsse College";"CASTRICUM";"0383";"Castricum";"Noord-Holland";131;"0"
"41009";"27MD";"27MD00";"Castor College";"BEVERWIJK";"0375";"Beverwijk";"Noord-Holland";1378;"16"
"41009";"27MD";"27MD01";"Dalí College";"HEEMSKERK";"0396";"Heemskerk";"Noord-Holland";782;"<5"
"41009";"27MD";"27MD02";"SKILLS vmbo";"HEEMSKERK";"0396";"Heemskerk";"Noord-Holland";672;"22"
"41009";"28BN";"28BN00";"Forta";"HEEMSKERK";"0396";"Heemskerk";"Noord-Holland";202;"0"
"41021";"00IP";"00IP00";"Kath SGM Hoofddorp";"HOOFDDORP";"0394";"Haarlemmermeer";"Noord-Holland";1347;"24"
"41021";"01LZ";"01LZ00";"SGM Eerste Chr Lyc VWO";"HAARLEM";"0392";"Haarlem";"Noord-Holland";1185;"17"
"41021";"01LZ";"01LZ01";"International School Haarlem";"HAARLEM";"0392";"Haarlem";"Noord-Holland";299;"0"
"41021";"01LZ";"01LZ02";"SGM Eerste Chr Lyc VWO";"HAARLEM";"0392";"Haarlem";"Noord-Holland";214;"0"
"41021";"03RU";"03RU00";"Herbert Vissers College mhv";"NIEUW-VENNEP";"0394";"Haarlemmermeer";"Noord-Holland";906;"38"
"41021";"03RU";"03RU02";"Herbert Vissers College vmbo/H";"NIEUW-VENNEP";"0394";"Haarlemmermeer";"Noord-Holland";717;"0"
"41021";"05FE";"05FE00";"RK SGM Thamen";"UITHOORN";"0451";"Uithoorn";"Noord-Holland";674;"7"
"41021";"17HH";"17HH00";"HBM";"HEEMSTEDE";"0397";"Heemstede";"Noord-Holland";375;"6"
"41021";"21WE";"21WE00";"Kaj Munk College";"HOOFDDORP";"0394";"Haarlemmermeer";"Noord-Holland";1046;"0"
"41054";"16RT";"16RT00";"VO Best-Oirschot";"BEST";"0753";"Best";"Noord-Brabant";1571;"7"
"41054";"16RT";"16RT01";"VO Best-Oirschot";"OIRSCHOT";"0823";"Oirschot";"Noord-Brabant";795;"0"
"41063";"21FF";"21FF00";"Ir. Lely Lyceum";"AMSTERDAM";"0363";"Amsterdam";"Noord-Holland";1147;"6"
"41070";"05PL";"05PL00";"Ds. Pierson College";"'S-HERTOGENBOSCH";"0796";"'s-Hertogenbosch";"Noord-Brabant";1584;"6"
"41071";"02VG";"02VG00";"Unie Noord";"ROTTERDAM";"0599";"Rotterdam";"Zuid-Holland";588;"0"
"41071";"02VG";"02VG03";"Unie Noord-Codarts Lyceum";"ROTTERDAM";"0599";"Rotterdam";"Zuid-Holland";196;"<5"
"41071";"02VG";"02VG04";"Unie Noord - Mavo Centraal";"ROTTERDAM";"0599";"Rotterdam";"Zuid-Holland";311;"<5"
"41071";"02VG";"02VG05";"Unie Noord- Experience College";"ROTTERDAM";"0599";"Rotterdam";"Zuid-Holland";497;"<5"
"41071";"02VG";"02VG08";"Unie Noord-locatie RDC";"ROTTERDAM";"0599";"Rotterdam";"Zuid-Holland";977;"<5"
"41071";"02VG";"02VG10";"UN-RDC-ISK";"ROTTERDAM";"0599";"Rotterdam";"Zuid-Holland";150;"0"
"41071";"02VG";"02VG11";"Unie Noord- locatie HVR";"ROTTERDAM";"0599";"Rotterdam";"Zuid-Holland";246;"<5"
"41071";"02VG";"02VG14";"Unie Noord - Loc Montessori";"ROTTERDAM";"0599";"Rotterdam";"Zuid-Holland";248;"0"
"41071";"02VG";"02VG15";"Unie Noord- loc De TooropMavo";"ROTTERDAM";"0599";"Rotterdam";"Zuid-Holland";394;"<5"
"41071";"02VG";"02VG17";"Unie Noord-MEX010";"ROTTERDAM";"0599";"Rotterdam";"Zuid-Holland";180;"<5"
"41071";"02VG";"02VG22";"UN - locatie Lyceum Kralingen";"ROTTERDAM";"0599";"Rotterdam";"Zuid-Holland";726;"<5"
"41071";"02VG";"02VG25";"Unie Noord - locatie VCH";"ROTTERDAM";"0599";"Rotterdam";"Zuid-Holland";345;"0"
"41071";"05XJ";"05XJ00";"Het Lyceum Rotterdam";"ROTTERDAM";"0599";"Rotterdam";"Zuid-Holland";925;"5"
"41071";"17KY";"17KY00";"Roncalli MAVO";"ROTTERDAM";"0599";"Rotterdam";"Zuid-Holland";389;"<5"
"41071";"17YF";"17YF00";"Het Zuiderpark";"ROTTERDAM";"0599";"Rotterdam";"Zuid-Holland";483;"0"
"41071";"17YF";"17YF02";"Het Zuiderpark, Young Business";"ROTTERDAM";"0599";"Rotterdam";"Zuid-Holland";448;"<5"
"41071";"23YU";"23YU00";"Nova College";"ROTTERDAM";"0599";"Rotterdam";"Zuid-Holland";311;"<5"
"41071";"23YU";"23YU01";"NC- loc. VC Zuidrand";"ROTTERDAM";"0599";"Rotterdam";"Zuid-Holland";378;"0"
"41071";"23YU";"23YU02";"NC- locatie Montfort College";"ROTTERDAM";"0599";"Rotterdam";"Zuid-Holland";723;"16"
"41071";"23YU";"23YU08";"NC - locatie Palmentuin";"ROTTERDAM";"0599";"Rotterdam";"Zuid-Holland";181;"<5"
"41071";"29VW";"29VW00";"HPC Charlois";"ROTTERDAM";"0599";"Rotterdam";"Zuid-Holland";210;"0"
"41071";"29VX";"29VX00";"HPC Zuidwijk";"ROTTERDAM";"0599";"Rotterdam";"Zuid-Holland";205;"0"
"41071";"29VZ";"29VZ00";"HPC Centrum";"ROTTERDAM";"0599";"Rotterdam";"Zuid-Holland";218;"0"
"41100";"01OE";"01OE03";"Yuverta";"OEGSTGEEST";"0579";"Oegstgeest";"Zuid-Holland";469;"0"
"41100";"01OE";"01OE05";"Yuverta";"KLAASWAAL";"1963";"Hoeksche Waard";"Zuid-Holland";326;"0"
"41100";"01OE";"01OE06";"Yuverta";"'S-GRAVENHAGE";"0518";"'s-Gravenhage";"Zuid-Holland";501;"0"
"41100";"01OE";"01OE07";"Yuverta";"'S-GRAVENHAGE";"0518";"'s-Gravenhage";"Zuid-Holland";476;"0"
"41100";"01OE";"01OE12";"Yuverta";"DORDRECHT";"0505";"Dordrecht";"Zuid-Holland";489;"<5"
"41100";"01OE";"01OE13";"Yuverta";"BRIELLE";"1992";"Voorne aan Zee";"Zuid-Holland";462;"0"
"41100";"01OE";"01OE16";"Yuverta";"AMERSFOORT";"0307";"Amersfoort";"Utrecht";320;"<5"
"41100";"01OE";"01OE17";"Yuverta";"MONTFOORT";"0335";"Montfoort";"Utrecht";773;"0"
"41100";"01OE";"01OE18";"Yuverta";"UTRECHT";"0344";"Utrecht";"Utrecht";480;"<5"
"41100";"01OE";"01OE21";"Yuverta";"AALSMEER";"0358";"Aalsmeer";"Noord-Holland";527;"0"
"41100";"01OE";"01OE22";"Yuverta";"AMSTERDAM";"0363";"Amsterdam";"Noord-Holland";253;"0"
"41100";"01OE";"01OE23";"Yuverta";"AMSTERDAM";"0363";"Amsterdam";"Noord-Holland";289;"0"
"41100";"01OE";"01OE25";"Yuverta";"NAARDEN";"1942";"Gooise Meren";"Noord-Holland";328;"0"
"41100";"01OE";"01OE26";"Yuverta";"AALSMEER";"0358";"Aalsmeer";"Noord-Holland";403;"5"
"41100";"01OE";"01OE27";"Yuverta";"BOSKOOP";"0484";"Alphen aan den Rijn";"Zuid-Holland";439;"0"
"41100";"01OE";"01OE28";"Yuverta";"GOUDA";"0513";"Gouda";"Zuid-Holland";422;"0"
"41100";"01OE";"01OE30";"Yuverta";"ALPHEN AAN DEN RIJN";"0484";"Alphen aan den Rijn";"Zuid-Holland";496;"0"
"41100";"01OE";"01OE32";"Yuverta";"OTTOLAND";"1978";"Molenlanden";"Zuid-Holland";632;"0"
"41100";"01OE";"01OE37";"Yuverta";"HOUTEN";"0321";"Houten";"Utrecht";470;"0"
"41100";"01OE";"01OE49";"Yuverta";"KESTEREN";"1740";"Neder-Betuwe";"Gelderland";366;"0"
"41100";"01OE";"01OE50";"Yuverta";"NIJMEGEN";"0268";"Nijmegen";"Gelderland";525;"0"
"41100";"01OE";"01OE51";"Yuverta";"'S-HERTOGENBOSCH";"0796";"'s-Hertogenbosch";"Noord-Brabant";652;"0"
"41100";"01OE";"01OE54";"Yuverta";"EINDHOVEN";"0772";"Eindhoven";"Noord-Brabant";602;"0"
"41100";"01OE";"01OE57";"Yuverta";"HEGELSOM";"1507";"Horst aan de Maas";"Limburg";583;"0"
"41100";"01OE";"01OE58";"Yuverta";"ROERMOND";"0957";"Roermond";"Limburg";531;"0"
"41100";"01OE";"01OE59";"Yuverta";"HEERLEN";"0917";"Heerlen";"Limburg";362;"0"
"41100";"01OE";"01OE60";"Yuverta";"NEDERWEERT";"0946";"Nederweert";"Limburg";308;"5"
"41142";"27DG";"27DG00";"De Passie";"UTRECHT";"0344";"Utrecht";"Utrecht";1124;"10"
"41142";"27RW";"27RW00";"De Passie";"ROTTERDAM";"0599";"Rotterdam";"Zuid-Holland";845;"6"
"41142";"29WG";"29WG00";"De Passie";"WIERDEN";"0189";"Wierden";"Overijssel";700;"<5"
"41143";"00DI";"00DI00";"rsg de Borgen";"LEEK";"1969";"Westerkwartier";"Groningen";274;"0"
"41143";"00DI";"00DI01";"rsg de Borgen";"RODEN";"1699";"Noordenveld";"Drenthe";462;"<5"
"41143";"00DI";"00DI02";"rsg de Borgen";"LEEK";"1969";"Westerkwartier";"Groningen";1107;"22"
"41143";"00DI";"00DI03";"rsg de Borgen";"GROOTEGAST";"1969";"Westerkwartier";"Groningen";163;"0"
"41143";"00DI";"00DI04";"rsg de Borgen";"RODEN";"1699";"Noordenveld";"Drenthe";128;"0"
"41152";"23HC";"23HC00";"Lingecollege";"TIEL";"0281";"Tiel";"Gelderland";481;"0"
"41152";"23HC";"23HC01";"Lingecollege Lyceum";"TIEL";"0281";"Tiel";"Gelderland";931;"16"
"41152";"23HC";"23HC02";"Lingecollege Praktijkonderwijs";"TIEL";"0281";"Tiel";"Gelderland";150;"0"
"41152";"23HC";"23HC04";"Lingecollege Mavo";"TIEL";"0281";"Tiel";"Gelderland";451;"5"
"41161";"05OH";"05OH00";"Ostrea Lyceum";"GOES";"0664";"Goes";"Zeeland";218;"0"
"41161";"05OH";"05OH03";"Ostrea Lyceum";"GOES";"0664";"Goes";"Zeeland";628;"22"
"41161";"05OH";"05OH07";"Ostrea Lyceum";"GOES";"0664";"Goes";"Zeeland";642;"<5"
"41161";"13OR";"13OR00";"Stichting VOOR";"GOES";"0664";"Goes";"Zeeland";1452;"13"
"41161";"13OR";"13OR01";"Locatie, Het Goese Lyceum";"GOES";"0664";"Goes";"Zeeland";24;"0"
"41161";"13OR";"13OR03";"locatie, Pieter Zeeman Lyceum";"ZIERIKZEE";"1676";"Schouwen-Duiveland";"Zeeland";977;"0"
"41161";"32GK";"32GK00";"Praktiq";"GOES";"0664";"Goes";"Zeeland";874;"0"
"41163";"09VS";"09VS00";"Het Waterland";"LEIDEN";"0546";"Leiden";"Zuid-Holland";225;"0"
"41164";"26JR";"26JR00";"Pro College Nijmegen/Bemmel";"NIJMEGEN";"0268";"Nijmegen";"Gelderland";245;"0"
"41164";"26JR";"26JR01";"Pro College Nijmegen/Bemmel";"BEMMEL";"1705";"Lingewaard";"Gelderland";104;"0"
"41164";"26KY";"26KY00";"Pro College Wijchen";"WIJCHEN";"0296";"Wijchen";"Gelderland";146;"0"
"41164";"30MM";"30MM00";"Pro College Boxmeer";"BOXMEER";"1982";"Land van Cuijk";"Noord-Brabant";149;"0"
"41195";"02KR";"02KR00";"St Bonifatius Mavo";"EMMELOORD";"0171";"Noordoostpolder";"Flevoland";463;"<5"
"41195";"20CR";"20CR00";"Zuyderzee Lyceum";"EMMELOORD";"0171";"Noordoostpolder";"Flevoland";358;"<5"
"41195";"20CR";"20CR01";"Zuyderzee Lyceum";"EMMELOORD";"0171";"Noordoostpolder";"Flevoland";522;"0"
"41195";"20CR";"20CR03";"Zuyderzee Lyceum";"LEMMER";"1940";"De Fryske Marren";"Friesland";283;"0"
"41195";"20CR";"20CR05";"Zuyderzee Lyceum";"EMMELOORD";"0171";"Noordoostpolder";"Flevoland";88;"0"
"41195";"20CR";"20CR06";"Zuyderzee Lyceum";"EMMELOORD";"0171";"Noordoostpolder";"Flevoland";247;"0"
"41195";"20CR";"20CR07";"Zuyderzee Lyceum";"LEMMER";"1940";"De Fryske Marren";"Friesland";43;"0"
"41202";"00CB";"00CB00";"SGM VO Vrije Schoolond";"NIJMEGEN";"0268";"Nijmegen";"Gelderland";752;"17"
"41202";"00CB";"00CB01";"SGM VO Vrije Schoolond";"ZEIST";"0355";"Zeist";"Utrecht";748;"6"
"41202";"00CB";"00CB02";"SGM VO Vrije Schoolond";"EINDHOVEN";"0772";"Eindhoven";"Noord-Brabant";513;"15"
"41202";"00CB";"00CB04";"SGM VO Vrije Schoolond";"ZEIST";"0355";"Zeist";"Utrecht";47;"0"
"41203";"03XF";"03XF00";"Mundium College";"ROERMOND";"0957";"Roermond";"Limburg";1292;"14"
"41203";"03XF";"03XF04";"Mundium College locatie Wings";"ROERMOND";"0957";"Roermond";"Limburg";624;"9"
"41203";"03XF";"03XF05";"Mundium College locatie NT-2";"ROERMOND";"0957";"Roermond";"Limburg";351;"0"
"41203";"14PS";"14PS00";"Bisschop Coll Broekhin";"ROERMOND";"0957";"Roermond";"Limburg";1511;"9"
"41203";"14PS";"14PS03";"Grescollege";"REUVER";"0889";"Beesel";"Limburg";323;"<5"
"41203";"16PE";"16PE00";"Connect College";"ECHT";"1711";"Echt-Susteren";"Limburg";700;"10"
"41203";"16PE";"16PE01";"Connect College";"ECHT";"1711";"Echt-Susteren";"Limburg";720;"0"
"41203";"17GT";"17GT00";"RK SGM St Ursula";"HORN";"1640";"Leudal";"Limburg";1053;"9"
"41203";"17GT";"17GT02";"RK SGM St Ursula";"HEYTHUYSEN";"1640";"Leudal";"Limburg";456;"0"
"41208";"20CK";"20CK00";"Joh V Oldenbarnevelt";"AMERSFOORT";"0307";"Amersfoort";"Utrecht";960;"<5"
"41208";"20EA";"20EA00";"De Amersfoortse Berg";"AMERSFOORT";"0307";"Amersfoort";"Utrecht";1210;"19"
"41208";"20EI";"20EI00";"Vallei College";"AMERSFOORT";"0307";"Amersfoort";"Utrecht";1008;"13"
"41208";"20EI";"20EI01";"VMBO Trivium";"AMERSFOORT";"0307";"Amersfoort";"Utrecht";312;"0"
"41208";"20EI";"20EI02";"Amsfort College";"AMERSFOORT";"0307";"Amersfoort";"Utrecht";262;"0"
"41208";"20EI";"20EI03";"Vathorst College";"AMERSFOORT";"0307";"Amersfoort";"Utrecht";1015;"15"
"41208";"20EI";"20EI04";"PRO33 College/Pro Trivium";"AMERSFOORT";"0307";"Amersfoort";"Utrecht";107;"0"
"41211";"02FY";"02FY00";"OMO Scholengr. Bergen op Zoom";"BERGEN OP ZOOM";"0748";"Bergen op Zoom";"Noord-Brabant";697;"9"
"41211";"02FY";"02FY01";"OMO Scholengr. Bergen op Zoom";"OSSENDRECHT";"0873";"Woensdrecht";"Noord-Brabant";379;"<5"
"41211";"02FY";"02FY02";"OMO Scholengr. Bergen op Zoom";"STEENBERGEN NB";"0851";"Steenbergen";"Noord-Brabant";401;"<5"
"41211";"02FY";"02FY07";"OMO Scholengr. Bergen op Zoom";"BERGEN OP ZOOM";"0748";"Bergen op Zoom";"Noord-Brabant";199;"0"
"41211";"02QT";"02QT00";"Maurick College";"VUGHT";"0865";"Vught";"Noord-Brabant";1932;"0"
"41211";"04SU";"04SU00";"Voortgezet Onderwijs Veghel";"VEGHEL";"1948";"Meierijstad";"Noord-Brabant";1243;"8"
"41211";"04SU";"04SU02";"Fioretti College";"VEGHEL";"1948";"Meierijstad";"Noord-Brabant";1472;"<5"
"41211";"04SU";"04SU06";"Fioretti College";"VEGHEL";"1948";"Meierijstad";"Noord-Brabant";45;"0"
"41211";"04XU";"04XU00";"Baanderherencollege Vmbo";"BOXTEL";"0757";"Boxtel";"Noord-Brabant";826;"0"
"41211";"04XU";"04XU05";"BONK";"BOXTEL";"0757";"Boxtel";"Noord-Brabant";88;"0"
"41211";"04YX";"04YX00";"Munnikenheide College";"ETTEN-LEUR";"0777";"Etten-Leur";"Noord-Brabant";753;"0"
"41211";"04YX";"04YX02";"Munnikenheide College";"RUCPHEN";"0840";"Rucphen";"Noord-Brabant";408;"0"
"41211";"07MU";"07MU00";"Rodenborch-College";"ROSMALEN";"0796";"'s-Hertogenbosch";"Noord-Brabant";2231;"18"
"41211";"13PE";"13PE00";"Varendonck College";"ASTEN";"0743";"Asten";"Noord-Brabant";725;"<5"
"41211";"13PE";"13PE01";"Varendonck College";"SOMEREN";"0847";"Someren";"Noord-Brabant";486;"0"
"41211";"14SW";"14SW00";"Roncalli Scholengemeenschap";"BERGEN OP ZOOM";"0748";"Bergen op Zoom";"Noord-Brabant";1026;"8"
"41211";"15BS";"15BS00";"Sondervick College";"VELDHOVEN";"0861";"Veldhoven";"Noord-Brabant";1220;"<5"
"41211";"16OX";"16OX00";"2College";"OISTERWIJK";"0824";"Oisterwijk";"Noord-Brabant";1395;"<5"
"41211";"16OX";"16OX02";"2College Cobbenhagenlyceum";"TILBURG";"0855";"Tilburg";"Noord-Brabant";1059;"19"
"41211";"16OX";"16OX03";"2College Ruivenmavo";"BERKEL-ENSCHOT";"0855";"Tilburg";"Noord-Brabant";437;"<5"
"41211";"16OX";"16OX04";"2College Jozefmavo";"TILBURG";"0855";"Tilburg";"Noord-Brabant";579;"<5"
"41211";"16OX";"16OX09";"2College EOA Oisterwijk";"OISTERWIJK";"0824";"Oisterwijk";"Noord-Brabant";111;"0"
"41211";"16OX";"16OX10";"2College Cobbenhagenmavo";"TILBURG";"0855";"Tilburg";"Noord-Brabant";259;"<5"
"41211";"16OX";"16OX13";"2 College Waldorfstroom";"TILBURG";"0855";"Tilburg";"Noord-Brabant";159;"0"
"41211";"16RB";"16RB00";"Jacob-Roelandslyceum";"BOXTEL";"0757";"Boxtel";"Noord-Brabant";993;"10"
"41211";"16VK";"16VK00";"OMO Scholengroep De Langstraat";"WAALWIJK";"0867";"Waalwijk";"Noord-Brabant";1148;"7"
"41211";"16VK";"16VK01";"Van Haestrecht College";"KAATSHEUVEL";"0809";"Loon op Zand";"Noord-Brabant";306;"0"
"41211";"16VK";"16VK02";"Walewyc Mavo";"WAALWIJK";"0867";"Waalwijk";"Noord-Brabant";571;"0"
"41211";"16VK";"16VK03";"d`Oultremont College";"DRUNEN";"0797";"Heusden";"Noord-Brabant";1182;"11"
"41211";"16VK";"16VK06";"De Overlaat";"WAALWIJK";"0867";"Waalwijk";"Noord-Brabant";726;"0"
"41211";"17HN";"17HN00";"Mezzo Scholen";"BOXMEER";"1982";"Land van Cuijk";"Noord-Brabant";1451;"27"
"41211";"17HN";"17HN02";"Mezzo Elzendaal Gennep";"GENNEP";"0907";"Gennep";"Limburg";524;"0"
"41211";"17HN";"17HN04";"Mezzo Metameer Stevensbeek";"STEVENSBEEK";"1982";"Land van Cuijk";"Noord-Brabant";267;"6"
"41211";"17HN";"17HN05";"Mezzo Metameer Jenaplan";"BOXMEER";"1982";"Land van Cuijk";"Noord-Brabant";843;"<5"
"41211";"17JY";"17JY00";"Gymn Beekvliet";"SINT-MICHIELSGESTEL";"0845";"Sint-Michielsgestel";"Noord-Brabant";646;"6"
"41211";"17KF";"17KF00";"Van Maerlant";"'S-HERTOGENBOSCH";"0796";"'s-Hertogenbosch";"Noord-Brabant";712;"0"
"41211";"17VP";"17VP00";"Instelling VO Deurne";"DEURNE";"0762";"Deurne";"Noord-Brabant";826;"5"
"41211";"17VP";"17VP01";"Alfrinkcollege";"DEURNE";"0762";"Deurne";"Noord-Brabant";573;"<5"
"41211";"17VP";"17VP02";"Hub van Doornecollege";"DEURNE";"0762";"Deurne";"Noord-Brabant";764;"0"
"41211";"17VP";"17VP05";"Sprongcollege";"DEURNE";"0762";"Deurne";"Noord-Brabant";97;"0"
"41211";"18XR";"18XR00";"Rythovius College";"EERSEL";"0770";"Eersel";"Noord-Brabant";1115;"<5"
"41211";"19RX";"19RX00";"Merletcollege";"CUIJK";"1982";"Land van Cuijk";"Noord-Brabant";1238;"5"
"41211";"19RX";"19RX01";"Merletcollege";"GRAVE";"1982";"Land van Cuijk";"Noord-Brabant";565;"<5"
"41211";"19RX";"19RX02";"Merletcollege";"MILL";"1982";"Land van Cuijk";"Noord-Brabant";59;"0"
"41211";"19RX";"19RX05";"Merletcollege";"VELP NB";"1982";"Land van Cuijk";"Noord-Brabant";112;"0"
"41211";"20AT";"20AT00";"Parmant Scholen";"EINDHOVEN";"0772";"Eindhoven";"Noord-Brabant";1268;"10"
"41211";"20AT";"20AT01";"Parmant Aloysius";"EINDHOVEN";"0772";"Eindhoven";"Noord-Brabant";378;"<5"
"41211";"20AT";"20AT03";"Parmant Innova";"EINDHOVEN";"0772";"Eindhoven";"Noord-Brabant";307;"0"
"41211";"20AT";"20AT04";"Parmant Antoon";"EINDHOVEN";"0772";"Eindhoven";"Noord-Brabant";169;"0"
"41211";"20AT";"20AT05";"Parmant Florian";"EINDHOVEN";"0772";"Eindhoven";"Noord-Brabant";227;"0"
"41211";"20AT";"20AT07";"Parmant Helder";"EINDHOVEN";"0772";"Eindhoven";"Noord-Brabant";216;"<5"
"41211";"20BQ";"20BQ00";"Mill Hill College";"GOIRLE";"0785";"Goirle";"Noord-Brabant";1304;"8"
"41211";"20GA";"20GA00";"Van Maerlantlyceum";"EINDHOVEN";"0772";"Eindhoven";"Noord-Brabant";1196;"13"
"41211";"20IB";"20IB00";"Eckartcollege";"EINDHOVEN";"0772";"Eindhoven";"Noord-Brabant";1552;"5"
"41211";"20IB";"20IB03";"Nuenens College";"NUENEN";"0820";"Nuenen, Gerwen en Nederwetten";"Noord-Brabant";693;"0"
"41211";"20JX";"20JX00";"OMO Scholengroep Helmond";"HELMOND";"0794";"Helmond";"Noord-Brabant";675;"0"
"41211";"20JX";"20JX02";"Carolus Borromeus College";"HELMOND";"0794";"Helmond";"Noord-Brabant";1568;"<5"
"41211";"20JX";"20JX04";"Dr.-Knippenbergcollege";"HELMOND";"0794";"Helmond";"Noord-Brabant";1480;"6"
"41211";"20JX";"20JX11";"Praktijkcollege Helmond";"HELMOND";"0794";"Helmond";"Noord-Brabant";220;"0"
"41211";"20ST";"20ST00";"Sint-Janslyceum";"'S-HERTOGENBOSCH";"0796";"'s-Hertogenbosch";"Noord-Brabant";2028;"9"
"41211";"20WI";"20WI00";"Maaslandcollege";"OSS";"0828";"Oss";"Noord-Brabant";869;"18"
"41211";"20ZK";"20ZK00";"Tongerlo";"ROOSENDAAL";"1674";"Roosendaal";"Noord-Brabant";650;"0"
"41211";"20ZK";"20ZK02";"Gertrudis";"ROOSENDAAL";"1674";"Roosendaal";"Noord-Brabant";479;"<5"
"41211";"20ZK";"20ZK04";"Norbertus";"ROOSENDAAL";"1674";"Roosendaal";"Noord-Brabant";1177;"15"
"41211";"21EX";"21EX00";"Theresialyceum";"TILBURG";"0855";"Tilburg";"Noord-Brabant";1159;"18"
"41211";"21FV";"21FV00";"Sint Odulphuslyceum";"TILBURG";"0855";"Tilburg";"Noord-Brabant";973;"<5"
"41211";"21FV";"21FV01";"Sint Odulphuslyceum";"TILBURG";"0855";"Tilburg";"Noord-Brabant";474;"16"
"41211";"21GV";"21GV00";"Scholengemeenschap Were Di";"VALKENSWAARD";"0858";"Valkenswaard";"Noord-Brabant";2149;"14"
"41211";"21GZ";"21GZ00";"Kwadrant Scholengroep";"DONGEN";"0766";"Dongen";"Noord-Brabant";1157;"15"
"41211";"21GZ";"21GZ06";"locatie Hanze College";"OOSTERHOUT NB";"0826";"Oosterhout";"Noord-Brabant";355;"0"
"41211";"23FY";"23FY00";"Bossche Vakschool";"'S-HERTOGENBOSCH";"0796";"'s-Hertogenbosch";"Noord-Brabant";587;"0"
"41211";"23FY";"23FY04";"Bossche Vakschool";"'S-HERTOGENBOSCH";"0796";"'s-Hertogenbosch";"Noord-Brabant";221;"<5"
"41211";"26MZ";"26MZ00";"Bhc Praktijkonderwijs";"BOXTEL";"0757";"Boxtel";"Noord-Brabant";173;"0"
"41211";"31LW";"31LW00";"De Nieuwste School";"TILBURG";"0855";"Tilburg";"Noord-Brabant";755;"14"
"41217";"00WD";"00WD00";"Futuris SG";"AMSTELVEEN";"0362";"Amstelveen";"Noord-Holland";556;"127"
"41217";"01TC";"01TC00";"Hervormd Lyceum West";"AMSTERDAM";"0363";"Amsterdam";"Noord-Holland";896;"<5"
"41217";"02AR";"02AR00";"Het Hervormd Lyc Zuid";"AMSTERDAM";"0363";"Amsterdam";"Noord-Holland";959;"<5"
"41217";"02TE";"02TE00";"H Wesselink College";"AMSTELVEEN";"0362";"Amstelveen";"Noord-Holland";1885;"10"
"41217";"05RA";"05RA00";"Veenlanden College";"MIJDRECHT";"0736";"De Ronde Venen";"Utrecht";866;"<5"
"41217";"05RA";"05RA01";"Veenlanden College";"VINKEVEEN";"0736";"De Ronde Venen";"Utrecht";353;"0"
"41217";"14VY";"14VY00";"Chr Sgm Buitenveldert";"AMSTERDAM";"0363";"Amsterdam";"Noord-Holland";949;"<5"
"41219";"16TS";"16TS00";"Vrije School N Holland";"AMSTERDAM";"0363";"Amsterdam";"Noord-Holland";903;"8"
"41219";"16TS";"16TS02";"Vrije School N Holland";"HAARLEM";"0392";"Haarlem";"Noord-Holland";636;"0"
"41219";"16TS";"16TS03";"Vrije School Noord-Holland";"BERGEN NH";"0373";"Bergen (NH.)";"Noord-Holland";735;"<5"
"41219";"16TS";"16TS04";"Vrije School N Holland";"HAARLEM";"0392";"Haarlem";"Noord-Holland";545;"31"
"41219";"16TS";"16TS05";"Vrije School N Holland";"BERGEN NH";"0373";"Bergen (NH.)";"Noord-Holland";186;"<5"
"41219";"16TS";"16TS06";"Vrije School N Holland";"AMSTERDAM";"0363";"Amsterdam";"Noord-Holland";147;"0"
"41271";"02VA";"02VA00";"Roelof van Echten College";"HOOGEVEEN";"0118";"Hoogeveen";"Drenthe";894;"22"
"41271";"02VA";"02VA01";"St. Roelof van Echten College";"HOOGEVEEN";"0118";"Hoogeveen";"Drenthe";878;"6"
"41285";"00OB";"00OB00";"Maaswaal College";"WIJCHEN";"0296";"Wijchen";"Gelderland";1026;"15"
"41285";"00OB";"00OB03";"Maaswaal College";"WIJCHEN";"0296";"Wijchen";"Gelderland";831;"6"
"41285";"01VN";"01VN00";"Canisius College";"NIJMEGEN";"0268";"Nijmegen";"Gelderland";929;"42"
"41285";"01VN";"01VN03";"Pontem College";"NIJMEGEN";"0268";"Nijmegen";"Gelderland";443;"0"
"41285";"01VN";"01VN04";"Het Rijks VMBO Campus";"NIJMEGEN";"0268";"Nijmegen";"Gelderland";532;"0"
"41285";"02ST";"02ST00";"Kandinsky College";"NIJMEGEN";"0268";"Nijmegen";"Gelderland";1379;"34"
"41285";"02ST";"02ST04";"Kandinsky College";"MOLENHOEK LB";"0944";"Mook en Middelaar";"Limburg";236;"0"
"41285";"02ST";"02ST05";"Jorismavo";"NIJMEGEN";"0268";"Nijmegen";"Gelderland";264;"<5"
"41285";"02VE";"02VE00";"NSG Groenewoud";"NIJMEGEN";"0268";"Nijmegen";"Gelderland";1639;"20"
"41285";"17IR";"17IR00";"Pax Christi College";"DRUTEN";"0225";"Druten";"Gelderland";586;"0"
"41285";"17IR";"17IR01";"Pax Christi College";"BENEDEN-LEEUWEN";"0668";"West Maas en Waal";"Gelderland";147;"0"
"41285";"17IR";"17IR02";"Pax Christi College";"DRUTEN";"0225";"Druten";"Gelderland";716;"9"
"41285";"20CI";"20CI00";"Stedelijk Gymnasium";"NIJMEGEN";"0268";"Nijmegen";"Gelderland";989;"10"
"41285";"20EO";"20EO00";"Stedelijke SGM Nijmegen";"NIJMEGEN";"0268";"Nijmegen";"Gelderland";1305;"20"
"41285";"21SK";"21SK00";"Mondial College";"NIJMEGEN";"0268";"Nijmegen";"Gelderland";1190;"21"
"41285";"21SK";"21SK01";"Mondial College";"NIJMEGEN";"0268";"Nijmegen";"Gelderland";575;"0"
"41285";"30AU";"30AU00";"Citadel College";"LENT";"0268";"Nijmegen";"Gelderland";486;"0"
"41285";"30AU";"30AU01";"Citadel College";"LENT";"0268";"Nijmegen";"Gelderland";1073;"12"
"41295";"15VQ";"15VQ00";"Stellingwerf College";"OOSTERWOLDE FR";"0085";"Ooststellingwerf";"Friesland";955;"8"
"41295";"16GZ";"16GZ00";"RSG Tromp Meesters";"STEENWIJK";"1708";"Steenwijkerland";"Overijssel";882;"20"
"41295";"16GZ";"16GZ03";"RSG Tromp Meesters";"STEENWIJK";"1708";"Steenwijkerland";"Overijssel";56;"0"
"41295";"19LO";"19LO00";"Linde College";"WOLVEGA";"0098";"Weststellingwerf";"Friesland";1022;"10"
"41295";"23WU";"23WU00";"Chr SGM Eekeringe";"STEENWIJK";"1708";"Steenwijkerland";"Overijssel";446;"0"
"41295";"29VY";"29VY00";"RSG Tromp Meesters Pro-school";"STEENWIJK";"1708";"Steenwijkerland";"Overijssel";102;"0"
"41298";"00HI";"00HI00";"SGM Dalton College Voorburg";"VOORBURG";"1916";"Leidschendam-Voorburg";"Zuid-Holland";905;"7"
"41298";"00HI";"00HI03";"François Vatel vmbo";"'S-GRAVENHAGE";"0518";"'s-Gravenhage";"Zuid-Holland";349;"0"
"41298";"00XK";"00XK00";"Veurs Lyceum";"LEIDSCHENDAM";"1916";"Leidschendam-Voorburg";"Zuid-Holland";861;"5"
"41298";"00XK";"00XK02";"Veurs Voorburg vmbo";"VOORBURG";"1916";"Leidschendam-Voorburg";"Zuid-Holland";413;"0"
"41298";"02MU";"02MU00";"St Maartenscollege SGM";"VOORBURG";"1916";"Leidschendam-Voorburg";"Zuid-Holland";1223;"9"
"41298";"02VO";"02VO00";"Gymnasium Novum";"VOORBURG";"1916";"Leidschendam-Voorburg";"Zuid-Holland";790;"0"
"41298";"02VO";"02VO02";"'s-Gravendreef College VWO";"'S-GRAVENHAGE";"0518";"'s-Gravenhage";"Zuid-Holland";225;"0"
"41298";"20AB";"20AB00";"SGM Grotius College Delft";"DELFT";"0503";"Delft";"Zuid-Holland";686;"<5"
"41298";"20AB";"20AB04";"Scholencombinatie Delfland";"DELFT";"0503";"Delft";"Zuid-Holland";270;"0"
"41298";"20AB";"20AB05";"Pro Grotius";"DELFT";"0503";"Delft";"Zuid-Holland";228;"0"
"41298";"20AB";"20AB08";"ISK Delft";"DELFT";"0503";"Delft";"Zuid-Holland";233;"0"
"41298";"31EW";"31EW00";"'s Gravendreef College";"'S-GRAVENHAGE";"0518";"'s-Gravenhage";"Zuid-Holland";636;"5"
"41298";"31EW";"31EW01";"'s Gravendreef College";"LEIDSCHENDAM";"1916";"Leidschendam-Voorburg";"Zuid-Holland";239;"0"
"41298";"31EW";"31EW02";"'s Gravendreef College";"'S-GRAVENHAGE";"0518";"'s-Gravenhage";"Zuid-Holland";238;"<5"
"41300";"02MF";"02MF00";"Het Perron";"VEENENDAAL";"0345";"Veenendaal";"Utrecht";983;"0"
"41300";"07PK";"07PK00";"Arentheem College";"ARNHEM";"0202";"Arnhem";"Gelderland";1244;"14"
"41300";"07PK";"07PK04";"Arentheem College";"VELP GLD";"0275";"Rheden";"Gelderland";17;"0"
"41300";"07PK";"07PK05";"Arentheem College";"ARNHEM";"0202";"Arnhem";"Gelderland";490;"<5"
"41300";"07PK";"07PK07";"Arentheem College";"VELP GLD";"0275";"Rheden";"Gelderland";559;"<5"
"41300";"26JT";"26JT00";"Praktijkschool Arentheem";"ARNHEM";"0202";"Arnhem";"Gelderland";202;"0"
"41313";"17MA";"17MA00";"De Rijzert";"'S-HERTOGENBOSCH";"0796";"'s-Hertogenbosch";"Noord-Brabant";277;"0"
"41347";"02VC";"02VC00";"Comenius Chr SGM";"LEEUWARDEN";"0080";"Leeuwarden";"Friesland";1166;"41"
"41347";"02VC";"02VC02";"Comenius Chr SGM";"LEEUWARDEN";"0080";"Leeuwarden";"Friesland";576;"0"
"41347";"02VC";"02VC03";"Comenius Chr SGM";"LEEUWARDEN";"0080";"Leeuwarden";"Friesland";374;"0"
"41347";"02VC";"02VC08";"Comenius Chr SGM";"ST.-ANNAPAROCHIE";"1949";"Waadhoeke";"Friesland";724;"0"
"41347";"02VC";"02VC09";"Comenius Chr SGM";"LEEUWARDEN";"0080";"Leeuwarden";"Friesland";274;"0"
"41347";"14NS";"14NS00";"Chr Sgm A.M.van Schurman";"FRANEKER";"1949";"Waadhoeke";"Friesland";872;"7"
"41347";"14WI";"14WI00";"Chr. Gymnasium Beyers Naude";"LEEUWARDEN";"0080";"Leeuwarden";"Friesland";481;"8"
"41360";"02US";"02US00";"SGM Haags Montessori Lyc";"'S-GRAVENHAGE";"0518";"'s-Gravenhage";"Zuid-Holland";1321;"5"
"41360";"02US";"02US04";"SGM Haags Montessori Lyc";"'S-GRAVENHAGE";"0518";"'s-Gravenhage";"Zuid-Holland";294;"0"
"41360";"19ZP";"19ZP00";"Maris College";"'S-GRAVENHAGE";"0518";"'s-Gravenhage";"Zuid-Holland";534;"0"
"41360";"19ZP";"19ZP03";"Maris College - loc. Kijkduin";"'S-GRAVENHAGE";"0518";"'s-Gravenhage";"Zuid-Holland";279;"0"
"41360";"19ZP";"19ZP04";"Maris College - Statenkwartier";"'S-GRAVENHAGE";"0518";"'s-Gravenhage";"Zuid-Holland";295;"0"
"41360";"19ZP";"19ZP05";"Maris College - loc. Houtrust";"'S-GRAVENHAGE";"0518";"'s-Gravenhage";"Zuid-Holland";486;"0"
"41360";"19ZP";"19ZP06";"Maris College";"'S-GRAVENHAGE";"0518";"'s-Gravenhage";"Zuid-Holland";130;"0"
"41360";"19ZP";"19ZP07";"Maris College";"'S-GRAVENHAGE";"0518";"'s-Gravenhage";"Zuid-Holland";126;"0"
"41360";"20CQ";"20CQ00";"AOG";"RIJSWIJK ZH";"0603";"Rijswijk";"Zuid-Holland";731;"6"
"41360";"20CQ";"20CQ01";"locatie, Lyceum Ypenburg";"'S-GRAVENHAGE";"0518";"'s-Gravenhage";"Zuid-Holland";1098;"<5"
"41360";"20CQ";"20CQ04";"loc, van Vredenburch College";"RIJSWIJK ZH";"0603";"Rijswijk";"Zuid-Holland";367;"0"
"41360";"20CQ";"20CQ05";"locatie, Windjammersingel";"'S-GRAVENHAGE";"0518";"'s-Gravenhage";"Zuid-Holland";276;"0"
"41360";"20KD";"20KD00";"SSVO De Einder";"'S-GRAVENHAGE";"0518";"'s-Gravenhage";"Zuid-Holland";77;"0"
"41360";"20KD";"20KD01";"SSVO De Einder";"'S-GRAVENHAGE";"0518";"'s-Gravenhage";"Zuid-Holland";158;"0"
"41360";"20LU";"20LU00";"Gymnasium Haganum";"'S-GRAVENHAGE";"0518";"'s-Gravenhage";"Zuid-Holland";793;"6"
"41360";"20MA";"20MA00";"SGM het Segbroekcollege";"'S-GRAVENHAGE";"0518";"'s-Gravenhage";"Zuid-Holland";1620;"7"
"41360";"20MA";"20MA01";"SGM het Segbroekcollege";"'S-GRAVENHAGE";"0518";"'s-Gravenhage";"Zuid-Holland";620;"6"
"41360";"20MD";"20MD00";"Maerlant Lyceum";"'S-GRAVENHAGE";"0518";"'s-Gravenhage";"Zuid-Holland";1127;"8"
"41360";"20MF";"20MF00";"Dalton Den Haag";"'S-GRAVENHAGE";"0518";"'s-Gravenhage";"Zuid-Holland";1031;"13"
"41360";"20MJ";"20MJ00";"Johan de Witt Scholengroep";"'S-GRAVENHAGE";"0518";"'s-Gravenhage";"Zuid-Holland";1100;"<5"
"41360";"20MJ";"20MJ02";"Maris Belgisch Park";"'S-GRAVENHAGE";"0518";"'s-Gravenhage";"Zuid-Holland";828;"<5"
"41360";"20MJ";"20MJ04";"Johan de Witt Scholengroep";"'S-GRAVENHAGE";"0518";"'s-Gravenhage";"Zuid-Holland";347;"0"
"41360";"20MJ";"20MJ05";"Johan de Witt Scholengroep";"'S-GRAVENHAGE";"0518";"'s-Gravenhage";"Zuid-Holland";614;"0"
"41360";"20MJ";"20MJ12";"Johan de Witt Scholengroep";"'S-GRAVENHAGE";"0518";"'s-Gravenhage";"Zuid-Holland";213;"0"
"41360";"20MJ";"20MJ13";"Johan de Witt Scholengroep";"'S-GRAVENHAGE";"0518";"'s-Gravenhage";"Zuid-Holland";41;"0"
"41360";"20MJ";"20MJ14";"Johan de Witt Scholengroep";"'S-GRAVENHAGE";"0518";"'s-Gravenhage";"Zuid-Holland";223;"0"
"41386";"19ZU";"19ZU00";"Gem Gymn Camphusianum";"GORINCHEM";"0512";"Gorinchem";"Zuid-Holland";592;"<5"
"41386";"24TP";"24TP00";"Merewade College";"GORINCHEM";"0512";"Gorinchem";"Zuid-Holland";1152;"27"
"41386";"24TP";"24TP02";"Merewade College";"GORINCHEM";"0512";"Gorinchem";"Zuid-Holland";371;"0"
"41386";"24TP";"24TP03";"Merewade College";"GORINCHEM";"0512";"Gorinchem";"Zuid-Holland";91;"0"
"41386";"24TP";"24TP05";"Merewade College";"GORINCHEM";"0512";"Gorinchem";"Zuid-Holland";153;"0"
"41389";"23KU";"23KU00";"Northgo College";"NOORDWIJK ZH";"0575";"Noordwijk";"Zuid-Holland";1040;"5"
"41391";"01GL";"01GL00";"Sophianum SGM i h Heuvelland";"GULPEN";"1729";"Gulpen-Wittem";"Limburg";1280;"<5"
"41391";"02DF";"02DF00";"Grotiuscollege";"HEERLEN";"0917";"Heerlen";"Limburg";510;"13"
"41391";"02IB";"02IB00";"DaCapo College loc Havikstraat";"SITTARD";"1883";"Sittard-Geleen";"Limburg";688;"<5"
"41391";"02IB";"02IB05";"DaCapo College locatie EOA";"GELEEN";"1883";"Sittard-Geleen";"Limburg";195;"0"
"41391";"02IB";"02IB07";"DaCapo College Milaanstraat";"SITTARD";"1883";"Sittard-Geleen";"Limburg";142;"0"
"41391";"02ZR";"02ZR00";"Het College";"WEERT";"0988";"Weert";"Limburg";876;"7"
"41391";"02ZR";"02ZR02";"Het College loc. Bravo College";"BUDEL";"1706";"Cranendonck";"Noord-Brabant";420;"0"
"41391";"02ZR";"02ZR03";"Het College loc. Het Kwadrant";"WEERT";"0988";"Weert";"Limburg";71;"0"
"41391";"05FJ";"05FJ00";"Emmacollege";"HEERLEN";"0917";"Heerlen";"Limburg";644;"7"
"41391";"05FJ";"05FJ01";"Emmacollege locatie Broekland";"HOENSBROEK";"0917";"Heerlen";"Limburg";384;"<5"
"41391";"05FJ";"05FJ11";"TCPL";"HEERLEN";"0917";"Heerlen";"Limburg";78;"0"
"41391";"05FJ";"05FJ12";"Emmacollege";"BRUNSSUM";"0899";"Brunssum";"Limburg";452;"0"
"41391";"05GV";"05GV00";"DaCapo-College Einighauserweg";"GELEEN";"1883";"Sittard-Geleen";"Limburg";231;"0"
"41391";"16SL";"16SL00";"Sint-Janscollege";"HOENSBROEK";"0917";"Heerlen";"Limburg";1171;"5"
"41391";"18DD";"18DD00";"SGM Philips van Horne";"WEERT";"0988";"Weert";"Limburg";1196;"<5"
"41391";"18DD";"18DD02";"SGM Philips van Horne";"WEERT";"0988";"Weert";"Limburg";762;"0"
"41391";"18DD";"18DD06";"SGM Philips van Horne";"BUDEL";"1706";"Cranendonck";"Noord-Brabant";143;"0"
"41391";"18DO";"18DO00";"Compass";"BRUNSSUM";"0899";"Brunssum";"Limburg";278;"0"
"41391";"18DO";"18DO02";"Vrijeschool Parkstad";"HEERLEN";"0917";"Heerlen";"Limburg";347;"5"
"41391";"19PV";"19PV00";"Graaf Huyn College";"GELEEN";"1883";"Sittard-Geleen";"Limburg";1305;"<5"
"41391";"20IS";"20IS00";"Stella Maris College";"MEERSSEN";"0938";"Meerssen";"Limburg";1227;"7"
"41391";"20KA";"20KA00";"Groenewald";"STEIN LB";"0971";"Stein";"Limburg";1494;"<5"
"41391";"20LL";"20LL00";"Bouwens vd Boije College";"PANNINGEN";"1894";"Peel en Maas";"Limburg";1238;"<5"
"41391";"25FY";"25FY00";"Raayland College";"VENRAY";"0984";"Venray";"Limburg";1755;"11"
"41391";"25GF";"25GF00";"Dendroncollege";"HORST";"1507";"Horst aan de Maas";"Limburg";1522;"10"
"41391";"25GF";"25GF01";"Dendroncollege";"HORST";"1507";"Horst aan de Maas";"Limburg";156;"0"
"41391";"26HL";"26HL00";"Terra Nigra PrO";"MAASTRICHT";"0935";"Maastricht";"Limburg";263;"0"
"41391";"27VG";"27VG00";"Porta Mosana College";"MAASTRICHT";"0935";"Maastricht";"Limburg";1347;"22"
"41391";"27VG";"27VG01";"Porta Mosana College";"MAASTRICHT";"0935";"Maastricht";"Limburg";151;"0"
"41391";"27VG";"27VG04";"UWCM";"MAASTRICHT";"0935";"Maastricht";"Limburg";670;"0"
"41391";"27ZH";"27ZH00";"Sint-Maartenscollege";"MAASTRICHT";"0935";"Maastricht";"Limburg";232;"0"
"41391";"27ZH";"27ZH02";"Sint-Maartenscollege";"MAASTRICHT";"0935";"Maastricht";"Limburg";1288;"7"
"41391";"27ZH";"27ZH03";"Sint-Maartenscollege";"MAASTRICHT";"0935";"Maastricht";"Limburg";446;"10"
"41391";"27ZJ";"27ZJ00";"Bonnefantencollege";"MAASTRICHT";"0935";"Maastricht";"Limburg";684;"11"
"41391";"27ZJ";"27ZJ02";"Bonnefantencollege";"MAASTRICHT";"0935";"Maastricht";"Limburg";1075;"<5"
"41391";"31TG";"31TG00";"Buurtcollege Maas en Peel";"PANNINGEN";"1894";"Peel en Maas";"Limburg";262;"0"
"41396";"26MP";"26MP00";"De Noordhoek";"GORINCHEM";"0512";"Gorinchem";"Zuid-Holland";198;"0"
"41397";"24PY";"24PY00";"Stedelijk Dalton Lyceum";"DORDRECHT";"0505";"Dordrecht";"Zuid-Holland";817;"10"
"41397";"24PY";"24PY02";"Stedelijk Dalton Lyceum";"DORDRECHT";"0505";"Dordrecht";"Zuid-Holland";497;"0"
"41397";"24PY";"24PY05";"Stedelijk Dalton Lyceum";"DORDRECHT";"0505";"Dordrecht";"Zuid-Holland";948;"14"
"41397";"24PY";"24PY08";"Stedelijk Dalton Lyceum";"DORDRECHT";"0505";"Dordrecht";"Zuid-Holland";290;"0"
"41397";"24PY";"24PY09";"ISK Papendrecht";"PAPENDRECHT";"0590";"Papendrecht";"Zuid-Holland";84;"0"
"41417";"06WY";"06WY00";"Grienden College";"SLIEDRECHT";"0610";"Sliedrecht";"Zuid-Holland";364;"0"
"41417";"26HD";"26HD00";"De Sprong";"SLIEDRECHT";"0610";"Sliedrecht";"Zuid-Holland";147;"0"
"41417";"26HD";"26HD01";"De Sprong";"ZWIJNDRECHT";"0642";"Zwijndrecht";"Zuid-Holland";130;"0"
"41429";"02VB";"02VB00";"Ichthus College";"KAMPEN";"0166";"Kampen";"Overijssel";931;"9"
"41429";"02VB";"02VB02";"Ichthus College";"DRONTEN";"0303";"Dronten";"Flevoland";908;"15"
"41429";"02VB";"02VB07";"Ichthus College";"KAMPEN";"0166";"Kampen";"Overijssel";392;"0"
"41429";"02VB";"02VB16";"Ichthus College";"DRONTEN";"0303";"Dronten";"Flevoland";179;"0"
"41429";"07ZI";"07ZI00";"Ichthus College PRO";"KAMPEN";"0166";"Kampen";"Overijssel";107;"0"
"41430";"02VT";"02VT00";"Carolus Clusius College";"ZWOLLE";"0193";"Zwolle";"Overijssel";1148;"21"
"41430";"02VT";"02VT01";"Agnieten College Zwartsluis";"ZWARTSLUIS";"1896";"Zwartewaterland";"Overijssel";448;"0"
"41430";"02VT";"02VT02";"Talentstad Beroepscollege";"ZWOLLE";"0193";"Zwolle";"Overijssel";486;"0"
"41430";"02VT";"02VT04";"Agnieten College Nieuwleusen";"NIEUWLEUSEN";"0148";"Dalfsen";"Overijssel";279;"0"
"41430";"02VT";"02VT05";"Meander College";"ZWOLLE";"0193";"Zwolle";"Overijssel";1224;"24"
"41430";"02VT";"02VT06";"Agnieten College Wezep";"WEZEP";"0269";"Oldebroek";"Gelderland";237;"<5"
"41430";"05VN";"05VN00";"Talentstad Praktijkonderwijs";"ZWOLLE";"0193";"Zwolle";"Overijssel";230;"0"
"41440";"00TM";"00TM00";"Hendrik Pierson College";"ZETTEN";"1734";"Overbetuwe";"Gelderland";802;"<5"
"41440";"02SY";"02SY00";"SGM Vwo Dorenweerd Coll";"DOORWERTH";"0274";"Renkum";"Gelderland";923;"18"
"41440";"17IM";"17IM00";"Over Betuwe College";"BEMMEL";"1705";"Lingewaard";"Gelderland";1034;"7"
"41440";"17IM";"17IM01";"Over Betuwe College-Elst";"ELST GLD";"1734";"Overbetuwe";"Gelderland";653;"<5"
"41440";"17IM";"17IM02";"Over Betuwe College-Huissen";"HUISSEN";"1705";"Lingewaard";"Gelderland";460;"0"
"41440";"17IM";"17IM04";"Over Betuwe College-Bemmel";"BEMMEL";"1705";"Lingewaard";"Gelderland";347;"0"
"41442";"16FP";"16FP00";"Reg SGM Magister Alvinus";"SNEEK";"1900";"Súdwest-Fryslân";"Friesland";1455;"15"
"41442";"16FP";"16FP05";"ISK Reg SGM Magister Alvinus";"SNEEK";"1900";"Súdwest-Fryslân";"Friesland";114;"0"
"41444";"15XV";"15XV00";"Reg SGM Hoeksche Waard";"OUD-BEIJERLAND";"1963";"Hoeksche Waard";"Zuid-Holland";1304;"15"
"41444";"15XV";"15XV01";"Reg SGM Hoeksche Waard";"OUD-BEIJERLAND";"1963";"Hoeksche Waard";"Zuid-Holland";586;"0"
"41475";"15JM";"15JM00";"Utrechts Stedelijk Gymnasium";"UTRECHT";"0344";"Utrecht";"Utrecht";1186;"<5"
"41475";"17BI";"17BI00";"NUOVO Scholengroep";"ZEIST";"0355";"Zeist";"Utrecht";1041;"7"
"41475";"17BI";"17BI02";"NXT Doorn";"DOORN";"1581";"Utrechtse Heuvelrug";"Utrecht";157;"<5"
"41475";"17BI";"17BI06";"OVMZ";"ZEIST";"0355";"Zeist";"Utrecht";352;"0"
"41475";"17BI";"17BI07";"NUOVO Scholen";"MAARSBERGEN";"1581";"Utrechtse Heuvelrug";"Utrecht";542;"<5"
"41475";"18WS";"18WS00";"Anna Van Rijn College";"NIEUWEGEIN";"0356";"Nieuwegein";"Utrecht";1166;"<5"
"41475";"24TJ";"24TJ00";"NUOVO Scholen";"UTRECHT";"0344";"Utrecht";"Utrecht";457;"0"
"41475";"24TJ";"24TJ05";"School aan de Singel";"UTRECHT";"0344";"Utrecht";"Utrecht";43;"<5"
"41475";"24TR";"24TR00";"NUOVO scholengroep";"UTRECHT";"0344";"Utrecht";"Utrecht";1406;"22"
"41475";"24TR";"24TR02";"Ithaka, ISK";"UTRECHT";"0344";"Utrecht";"Utrecht";584;"0"
"41475";"24TR";"24TR03";"X 11 media en vormgeving";"UTRECHT";"0344";"Utrecht";"Utrecht";1098;"7"
"41475";"24TR";"24TR05";"VOLT! Toekomstmakers";"VLEUTEN";"0344";"Utrecht";"Utrecht";544;"42"
"41475";"24TR";"24TR10";"ACADEMIE TIEN";"UTRECHT";"0344";"Utrecht";"Utrecht";1223;"12"
"41475";"24TR";"24TR12";"Ithaka ISK Stroyenborchdreef";"UTRECHT";"0344";"Utrecht";"Utrecht";348;"0"
"41475";"30UB";"30UB00";"UniC";"UTRECHT";"0344";"Utrecht";"Utrecht";964;"23"
"41475";"30UB";"30UB01";"International School Utrecht";"UTRECHT";"0344";"Utrecht";"Utrecht";644;"0"
"41475";"30UB";"30UB02";"School aan de Singel";"UTRECHT";"0344";"Utrecht";"Utrecht";71;"6"
"41509";"16VP";"16VP00";"Hondsrug College";"EMMEN";"0114";"Emmen";"Drenthe";1698;"8"
"41513";"20KZ";"20KZ00";"Joh De Wittgymnasium";"DORDRECHT";"0505";"Dordrecht";"Zuid-Holland";816;"5"
"41525";"13WH";"13WH00";"De Goudse SGM Leo Vroman";"GOUDA";"0513";"Gouda";"Zuid-Holland";1079;"6"
"41525";"20AI";"20AI00";"Coornhert Gymnasium";"GOUDA";"0513";"Gouda";"Zuid-Holland";631;"0"
"41525";"26LT";"26LT00";"Het Segment School v PRO";"GOUDA";"0513";"Gouda";"Zuid-Holland";352;"0"
"41529";"26HX";"26HX00";"Praktijkschool Emmen";"EMMEN";"0114";"Emmen";"Drenthe";334;"0"
"41537";"00BD";"00BD00";"Coenecoop College";"WADDINXVEEN";"0627";"Waddinxveen";"Zuid-Holland";1227;"5"
"41537";"00BD";"00BD02";"Coenecoop College";"BOSKOOP";"0484";"Alphen aan den Rijn";"Zuid-Holland";223;"0"
"41537";"10AN";"10AN00";"Scala College";"ALPHEN AAN DEN RIJN";"0484";"Alphen aan den Rijn";"Zuid-Holland";891;"0"
"41537";"10AN";"10AN03";"Scala College";"ALPHEN AAN DEN RIJN";"0484";"Alphen aan den Rijn";"Zuid-Holland";637;"6"
"41537";"10AN";"10AN04";"Scala College";"ALPHEN AAN DEN RIJN";"0484";"Alphen aan den Rijn";"Zuid-Holland";302;"<5"
"41545";"20BH";"20BH00";"EYE College";"CAPELLE AAN DEN IJSSEL";"0502";"Capelle aan den IJssel";"Zuid-Holland";513;"<5"
"41545";"20BH";"20BH02";"EYE College";"CAPELLE AAN DEN IJSSEL";"0502";"Capelle aan den IJssel";"Zuid-Holland";134;"0"
"41545";"20BH";"20BH03";"EYE College";"CAPELLE AAN DEN IJSSEL";"0502";"Capelle aan den IJssel";"Zuid-Holland";146;"0"
"41555";"10LU";"10LU00";"RSG 't Rijks";"BERGEN OP ZOOM";"0748";"Bergen op Zoom";"Noord-Brabant";2562;"19"
"41556";"21BH";"21BH00";"SGM Dalton Spinozalyceum";"AMSTERDAM";"0363";"Amsterdam";"Noord-Holland";1337;"<5"
"41556";"21BH";"21BH02";"Spinoza20First";"AMSTERDAM";"0363";"Amsterdam";"Noord-Holland";985;"9"
"41568";"16EI";"16EI00";"Lyceum Schravenlant";"SCHIEDAM";"0606";"Schiedam";"Zuid-Holland";724;"14"
"41568";"18VX";"18VX00";"ProNovaCollege voor PRO";"SCHIEDAM";"0606";"Schiedam";"Zuid-Holland";320;"0"
"41568";"19KM";"19KM00";"Mavo Schravenlant XL";"SCHIEDAM";"0606";"Schiedam";"Zuid-Holland";731;"0"
"41568";"20CJ";"20CJ00";"Het College Vos";"VLAARDINGEN";"0622";"Vlaardingen";"Zuid-Holland";649;"<5"
"41568";"20CJ";"20CJ04";"Vlaardingse Opb SGM";"VLAARDINGEN";"0622";"Vlaardingen";"Zuid-Holland";440;"0"
"41568";"20CJ";"20CJ10";"Het College Vos";"SCHIEDAM";"0606";"Schiedam";"Zuid-Holland";236;"0"
"41568";"20CJ";"20CJ11";"Het College Vos";"VLAARDINGEN";"0622";"Vlaardingen";"Zuid-Holland";371;"<5"
"41568";"20DC";"20DC00";"Stedelijk Gymnasium Schiedam";"SCHIEDAM";"0606";"Schiedam";"Zuid-Holland";502;"7"
"41581";"20CN";"20CN00";"Scholengroep Zaandam";"ZAANDAM";"0479";"Zaanstad";"Noord-Holland";1087;"28"
"41581";"20CN";"20CN02";"locatie Compaen VMBO";"ZAANDAM";"0479";"Zaanstad";"Noord-Holland";823;"0"
"41581";"20CN";"20CN05";"locatie Het Saenredam";"ZAANDIJK";"0479";"Zaanstad";"Noord-Holland";770;"5"
"41581";"20EY";"20EY00";"Scholengroep Krommenie";"KROMMENIE";"0479";"Zaanstad";"Noord-Holland";585;"16"
"41581";"20EY";"20EY07";"locatie Trias VMBO";"KROMMENIE";"0479";"Zaanstad";"Noord-Holland";934;"7"
"41581";"20EY";"20EY09";"loc. Bertrand Russell college";"KROMMENIE";"0479";"Zaanstad";"Noord-Holland";332;"0"
"41581";"20EY";"20EY10";"ISK Zaanstad";"KROMMENIE";"0479";"Zaanstad";"Noord-Holland";157;"0"
"41581";"20FF";"20FF00";"Praktijkschool De Brug";"ASSENDELFT";"0479";"Zaanstad";"Noord-Holland";167;"0"
"41581";"29YT";"29YT00";"Zuiderzee College";"ZAANDAM";"0479";"Zaanstad";"Noord-Holland";643;"0"
"41585";"01MU";"01MU00";"De Meerwaarde";"BARNEVELD";"0203";"Barneveld";"Gelderland";1551;"<5"
"41585";"02FO";"02FO00";"De MeerwaardePro";"BARNEVELD";"0203";"Barneveld";"Gelderland";139;"0"
"41587";"19EN";"19EN00";"Jan Tinbergen College";"ROOSENDAAL";"1674";"Roosendaal";"Noord-Brabant";1654;"17"
"41594";"11ZH";"11ZH00";"Maerlant";"BRIELLE";"1992";"Voorne aan Zee";"Zuid-Holland";1312;"17"
"41594";"12RB";"12RB00";"Scholengemeenschap Helinium";"HELLEVOETSLUIS";"1992";"Voorne aan Zee";"Zuid-Holland";727;"6"
"41594";"12RB";"12RB05";"Scholengemeenschap Helenium";"HELLEVOETSLUIS";"1992";"Voorne aan Zee";"Zuid-Holland";45;"0"
"41594";"18VA";"18VA00";"Praktijk College Spijkenisse";"SPIJKENISSE";"1930";"Nissewaard";"Zuid-Holland";210;"0"
"41594";"18VA";"18VA02";"Praktijk College Brielle";"BRIELLE";"1992";"Voorne aan Zee";"Zuid-Holland";37;"0"
"41594";"19DH";"19DH00";"Opb SGM De Ring V Putten";"SPIJKENISSE";"1930";"Nissewaard";"Zuid-Holland";1228;"<5"
"41594";"23AP";"23AP00";"MY college";"SPIJKENISSE";"1930";"Nissewaard";"Zuid-Holland";424;"0"
"41594";"23AP";"23AP01";"MY college";"SPIJKENISSE";"1930";"Nissewaard";"Zuid-Holland";80;"0"
"41599";"25LV";"25LV00";"SG De Rooi Pannen";"TILBURG";"0855";"Tilburg";"Noord-Brabant";954;"<5"
"41599";"25LV";"25LV19";"SG De Rooi Pannen";"EINDHOVEN";"0772";"Eindhoven";"Noord-Brabant";562;"0"
"41616";"26KV";"26KV00";"Praktijkschool Apeldoorn";"APELDOORN";"0200";"Apeldoorn";"Gelderland";232;"0"
"41622";"26LU";"26LU00";"De Brug";"ZALTBOMMEL";"0297";"Zaltbommel";"Gelderland";140;"0"
"41623";"16MQ";"16MQ00";"Kon Willem II College";"TILBURG";"0855";"Tilburg";"Noord-Brabant";1609;"37"
"41623";"18XU";"18XU00";"Beatrix College";"TILBURG";"0855";"Tilburg";"Noord-Brabant";1954;"30"
"41623";"18XU";"18XU01";"Beatrix College loc. Reeshof";"TILBURG";"0855";"Tilburg";"Noord-Brabant";349;"<5"
"41636";"03XM";"03XM00";"Chr SGM Dingstede";"MEPPEL";"0119";"Meppel";"Drenthe";981;"<5"
"41636";"19TQ";"19TQ00";"SE-PRO";"MEPPEL";"0119";"Meppel";"Drenthe";97;"0"
"41636";"25CL";"25CL00";"RSG Stad en Esch";"MEPPEL";"0119";"Meppel";"Drenthe";1072;"37"
"41636";"25CL";"25CL01";"RSG Stad en Esch, Beroepencoll";"MEPPEL";"0119";"Meppel";"Drenthe";402;"0"
"41636";"25CL";"25CL03";"RSG Stad en Esch Diever";"DIEVER";"1701";"Westerveld";"Drenthe";232;"0"
"41636";"25CL";"25CL04";"RSG Stad en Esch";"MEPPEL";"0119";"Meppel";"Drenthe";96;"0"
"41636";"25CL";"25CL05";"Stad & Esch Taalschool Meppel";"MEPPEL";"0119";"Meppel";"Drenthe";151;"0"
"41659";"00ZO";"00ZO00";"PORTEUM 2";"LELYSTAD";"0995";"Lelystad";"Flevoland";943;"<5"
"41659";"18DQ";"18DQ00";"PORTEUM 1";"LELYSTAD";"0995";"Lelystad";"Flevoland";857;"0"
"41659";"18GC";"18GC00";"PORTEUM 3";"LELYSTAD";"0995";"Lelystad";"Flevoland";1693;"<5"
"41664";"01KL";"01KL00";"NOG";"DRIEHUIS NH";"0453";"Velsen";"Noord-Holland";1227;"12"
"41664";"01KL";"01KL06";"loc, Technisch Coll Velsen";"IJMUIDEN";"0453";"Velsen";"Noord-Holland";354;"0"
"41664";"01KL";"01KL07";"loc, Maritiem Coll IJmuiden";"IJMUIDEN";"0453";"Velsen";"Noord-Holland";58;"0"
"41664";"01KL";"01KL09";"Maritieme Academie Harlingen";"HARLINGEN";"0072";"Harlingen";"Friesland";108;"0"
"41664";"01KL";"01KL10";"Wim Gertenbach Coll Zandvoort";"ZANDVOORT";"0473";"Zandvoort";"Noord-Holland";204;"<5"
"41664";"01KL";"01KL14";"loc Tender Coll IJmuiden";"IJMUIDEN";"0453";"Velsen";"Noord-Holland";132;"0"
"41664";"01KL";"01KL18";"Saga Driehuis";"DRIEHUIS NH";"0453";"Velsen";"Noord-Holland";177;"<5"
"41664";"02KM";"02KM00";"Haarlem College";"HAARLEM";"0392";"Haarlem";"Noord-Holland";801;"<5"
"41664";"02YH";"02YH00";"MCA";"AERDENHOUT";"0377";"Bloemendaal";"Noord-Holland";424;"0"
"41664";"13JF";"13JF00";"Noordzee Onderwijs Groep PRO";"IJMUIDEN";"0453";"Velsen";"Noord-Holland";153;"0"
"41664";"15NE";"15NE00";"Oost-ter-Hout";"HAARLEM";"0392";"Haarlem";"Noord-Holland";246;"0"
"41664";"16PJ";"16PJ00";"Rietland College";"HOOFDDORP";"0394";"Haarlemmermeer";"Noord-Holland";184;"0"
"41664";"19EQ";"19EQ00";"Hartenlustsch V Mavo";"BLOEMENDAAL";"0377";"Bloemendaal";"Noord-Holland";431;"<5"
"41664";"19TI";"19TI00";"Solyvius College";"HOOFDDORP";"0394";"Haarlemmermeer";"Noord-Holland";1030;"21"
"41664";"19TI";"19TI03";"locatie Avantis College";"HOOFDDORP";"0394";"Haarlemmermeer";"Noord-Holland";462;"0"
"41664";"19TI";"19TI05";"Haarlemmermeerlyceum Zuidrand";"HOOFDDORP";"0394";"Haarlemmermeer";"Noord-Holland";1160;"11"
"41664";"19TI";"19TI06";"Solyvius College";"HOOFDDORP";"0394";"Haarlemmermeer";"Noord-Holland";130;"19"
"41664";"20EK";"20EK00";"Vellesan College";"IJMUIDEN";"0453";"Velsen";"Noord-Holland";440;"5"
"41664";"20EK";"20EK07";"Vellesan College";"IJMUIDEN";"0453";"Velsen";"Noord-Holland";207;"7"
"41664";"20EK";"20EK08";"Vellesan College";"IJMUIDEN";"0453";"Velsen";"Noord-Holland";346;"0"
"41664";"20RC";"20RC00";"SGM Schoter";"HAARLEM";"0392";"Haarlem";"Noord-Holland";1378;"10"
"41664";"20RF";"20RF00";"Coornhertlyc Gem SGM";"HAARLEM";"0392";"Haarlem";"Noord-Holland";1093;"22"
"41664";"25FU";"25FU00";"Spaarne College Haarlem";"HAARLEM";"0392";"Haarlem";"Noord-Holland";843;"8"
"41664";"25FU";"25FU08";"Spaarne College Haarlem";"HAARLEM";"0392";"Haarlem";"Noord-Holland";310;"32"
"41664";"26JE";"26JE00";"Praktijkschool Uithoorn";"UITHOORN";"0451";"Uithoorn";"Noord-Holland";166;"0"
"41664";"32JU";"32JU00";"Haarlem College havo";"HAARLEM";"0392";"Haarlem";"Noord-Holland";16;"0"
"41671";"07YU";"07YU00";"Stadspoort College Harderwijk";"HARDERWIJK";"0243";"Harderwijk";"Gelderland";196;"0"
"41676";"16AW";"16AW00";"Opb SGM Echnaton";"ALMERE";"0034";"Almere";"Flevoland";828;"<5"
"41676";"16AW";"16AW01";"Opb SGM Echnaton";"ALMERE";"0034";"Almere";"Flevoland";1817;"6"
"41676";"16AW";"16AW06";"Opb SGM Echnaton";"ALMERE";"0034";"Almere";"Flevoland";238;"0"
"41676";"17DN";"17DN00";"OSG De Meergronden";"ALMERE";"0034";"Almere";"Flevoland";1380;"<5"
"41676";"17DN";"17DN01";"SGM De Meergronden- Arte Coll.";"ALMERE";"0034";"Almere";"Flevoland";927;"<5"
"41676";"17JI";"17JI00";"Pro-Almere Bachweg";"ALMERE";"0034";"Almere";"Flevoland";164;"0"
"41676";"24RW";"24RW00";"O V C";"ALMERE";"0034";"Almere";"Flevoland";1495;"38"
"41676";"24RW";"24RW03";"O V C locatie Buitenhout";"ALMERE";"0034";"Almere";"Flevoland";832;"0"
"41676";"24RW";"24RW04";"Montessori Campus 0-18 (VO)";"ALMERE";"0034";"Almere";"Flevoland";412;"<5"
"41676";"28BU";"28BU00";"Praktijkond. Almere - Tom Poes";"ALMERE";"0034";"Almere";"Flevoland";172;"0"
"41676";"30UD";"30UD00";"Pro-Almere Koningsbeltweg";"ALMERE";"0034";"Almere";"Flevoland";143;"0"
"41769";"01RL";"01RL00";"Jacobus Fruijtier SGM";"APELDOORN";"0200";"Apeldoorn";"Gelderland";1256;"12"
"41769";"01RL";"01RL01";"Jacobus Fruijtier SGM";"RIJSSEN";"1742";"Rijssen-Holten";"Overijssel";635;"0"
"41769";"01RL";"01RL02";"Jacobus Fruijtier SGM";"UDDEL";"0200";"Apeldoorn";"Gelderland";447;"0"
"41769";"03WO";"03WO00";"Van Lodensteincollege";"AMERSFOORT";"0307";"Amersfoort";"Utrecht";1053;"6"
"41769";"03WO";"03WO01";"Van Lodensteincollege";"HOEVELAKEN";"0267";"Nijkerk";"Gelderland";720;"0"
"41769";"03WO";"03WO02";"Van Lodensteincollege";"KESTEREN";"1740";"Neder-Betuwe";"Gelderland";1118;"<5"
"41769";"03WO";"03WO03";"Van Lodensteincollege";"BARNEVELD";"0203";"Barneveld";"Gelderland";975;"0"
"41769";"26MV";"26MV00";"Van Lodenstein Coll. voor PRO";"EDE GLD";"0228";"Ede";"Gelderland";158;"0"
"41775";"02LB";"02LB00";"SNZ";"ROTTERDAM";"0599";"Rotterdam";"Zuid-Holland";762;"<5"
"41775";"02LB";"02LB01";"Nieuw Zuid OSG";"ROTTERDAM";"0599";"Rotterdam";"Zuid-Holland";458;"0"
"41775";"02LB";"02LB08";"Nieuw Zuid OSG";"ROTTERDAM";"0599";"Rotterdam";"Zuid-Holland";739;"15"
"41775";"15EO";"15EO00";"OSG Libanon Lyceum";"ROTTERDAM";"0599";"Rotterdam";"Zuid-Holland";568;"25"
"41775";"15EO";"15EO01";"OSG Libanon Lyceum";"ROTTERDAM";"0599";"Rotterdam";"Zuid-Holland";463;"0"
"41775";"15HX";"15HX00";"Thorbecke Talentsch Rotterdam";"ROTTERDAM";"0599";"Rotterdam";"Zuid-Holland";907;"7"
"41775";"15HX";"15HX02";"Thorbecke Talentsch Rotterdam";"ROTTERDAM";"0599";"Rotterdam";"Zuid-Holland";420;"0"
"41775";"15HX";"15HX03";"Thorbecke Talentsc Nieuwerkerk";"NIEUWERKERK AD IJSSEL";"1892";"Zuidplas";"Zuid-Holland";400;"<5"
"41775";"15KR";"15KR00";"Wolfert van Borselen sgr";"ROTTERDAM";"0599";"Rotterdam";"Zuid-Holland";1240;"21"
"41775";"15KR";"15KR05";"Sg Wolfert van Borselen";"ROTTERDAM";"0599";"Rotterdam";"Zuid-Holland";743;"<5"
"41775";"15KR";"15KR06";"Sg Wolfert van Borselen";"BERGSCHENHOEK";"1621";"Lansingerland";"Zuid-Holland";1176;"6"
"41775";"15KR";"15KR09";"Sg Wolfert van Borselen";"ROTTERDAM";"0599";"Rotterdam";"Zuid-Holland";171;"0"
"41775";"15KR";"15KR10";"Sg Wolfert van Borselen";"ROTTERDAM";"0599";"Rotterdam";"Zuid-Holland";647;"<5"
"41775";"15KR";"15KR11";"Sg Wolfert van Borselen";"ROTTERDAM";"0599";"Rotterdam";"Zuid-Holland";246;"0"
"41775";"15KR";"15KR12";"Sg Wolfert van Borselen";"BERGSCHENHOEK";"1621";"Lansingerland";"Zuid-Holland";511;"<5"
"41775";"15KR";"15KR14";"Wolfert van Borselen sgr";"ROTTERDAM";"0599";"Rotterdam";"Zuid-Holland";156;"0"
"41775";"15SC";"15SC00";"Erasmianum Gem Gymnasium";"ROTTERDAM";"0599";"Rotterdam";"Zuid-Holland";1051;"0"
"41775";"17CR";"17CR00";"Einstein Lyceum";"HOOGVLIET ROTTERDAM";"0599";"Rotterdam";"Zuid-Holland";798;"11"
"41789";"02UV";"02UV00";"Gomarus College";"GRONINGEN";"0014";"Groningen";"Groningen";710;"15"
"41789";"02UV";"02UV03";"Gomarus College";"DRACHTEN";"0090";"Smallingerland";"Friesland";374;"<5"
"41789";"02UV";"02UV04";"Gomarus College";"LEEUWARDEN";"0080";"Leeuwarden";"Friesland";367;"<5"
"41789";"02UV";"02UV05";"Gomarus College";"ASSEN";"0106";"Assen";"Drenthe";270;"0"
"41789";"02UV";"02UV08";"Gomarus College";"GRONINGEN";"0014";"Groningen";"Groningen";373;"0"
"41789";"02UV";"02UV10";"Gomarus College";"GRONINGEN";"0014";"Groningen";"Groningen";84;"0"
"41789";"02UV";"02UV17";"Gomarus College";"GRONINGEN";"0014";"Groningen";"Groningen";621;"<5"
"41789";"02UV";"02UV18";"Gomarus College";"GRONINGEN";"0014";"Groningen";"Groningen";433;"0"
"41804";"00AH";"00AH00";"Het Stedelijk Kottenpark";"ENSCHEDE";"0153";"Enschede";"Overijssel";923;"<5"
"41804";"00AH";"00AH07";"Het Stedelijk College Zuid";"ENSCHEDE";"0153";"Enschede";"Overijssel";891;"<5"
"41804";"00AH";"00AH08";"Het Stedelijk Zwering";"ENSCHEDE";"0153";"Enschede";"Overijssel";298;"<5"
"41804";"00AH";"00AH09";"Het Stedelijk Innova";"ENSCHEDE";"0153";"Enschede";"Overijssel";645;"<5"
"41804";"00AH";"00AH11";"Het Stedelijk ISK";"ENSCHEDE";"0153";"Enschede";"Overijssel";481;"0"
"41804";"00AH";"00AH17";"Het Stedelijk Alpha";"ENSCHEDE";"0153";"Enschede";"Overijssel";431;"0"
"41804";"00AH";"00AH18";"Het Stedelijk Diekman";"ENSCHEDE";"0153";"Enschede";"Overijssel";43;"0"
"41804";"00AH";"00AH19";"Het Stedelijk Florapark";"ENSCHEDE";"0153";"Enschede";"Overijssel";103;"0"
"41804";"19NG";"19NG00";"Het Stedelijk Diekman";"ENSCHEDE";"0153";"Enschede";"Overijssel";132;"0"
"41815";"03JY";"03JY00";"Calvijn College";"GOES";"0664";"Goes";"Zeeland";1148;"7"
"41815";"03JY";"03JY01";"Calvijn College";"MIDDELBURG";"0687";"Middelburg";"Zeeland";402;"0"
"41815";"03JY";"03JY02";"Calvijn College";"KRABBENDIJKE";"0703";"Reimerswaal";"Zeeland";419;"0"
"41815";"03JY";"03JY03";"Calvijn College";"THOLEN";"0716";"Tholen";"Zeeland";310;"0"
"41815";"03JY";"03JY06";"Calvijn College";"KRABBENDIJKE";"0703";"Reimerswaal";"Zeeland";519;"0"
"41815";"03JY";"03JY07";"Calvijn College";"GOES";"0664";"Goes";"Zeeland";76;"0"
"41815";"03JY";"03JY08";"Calvijn College";"GOES";"0664";"Goes";"Zeeland";259;"0"
"41820";"32CY";"32CY00";"Al Amana College Utrecht";"UTRECHT";"0344";"Utrecht";"Utrecht";352;"0"
"41830";"21GD";"21GD00";"Calandlyceum";"AMSTERDAM";"0363";"Amsterdam";"Noord-Holland";1177;"6"
"41830";"21GD";"21GD01";"locatie, Lumion";"AMSTERDAM";"0363";"Amsterdam";"Noord-Holland";1405;"11"
"41830";"21GD";"21GD02";"De Toekomst";"AMSTERDAM-DUIVENDRECHT";"0437";"Ouder-Amstel";"Noord-Holland";112;"0"
"41840";"01XL";"01XL00";"Strabrechtcollege";"GELDROP";"1771";"Geldrop-Mierlo";"Noord-Brabant";1068;"10"
"41840";"20BK";"20BK00";"Stedelijk College Eindhoven";"EINDHOVEN";"0772";"Eindhoven";"Noord-Brabant";1525;"18"
"41840";"20BK";"20BK01";"Stedelijk College Eindhoven";"EINDHOVEN";"0772";"Eindhoven";"Noord-Brabant";1009;"0"
"41840";"20BK";"20BK03";"Stedelijk College Eindhoven";"EINDHOVEN";"0772";"Eindhoven";"Noord-Brabant";731;"0"
"41854";"00EF";"00EF00";"VOvA(3)";"AMSTERDAM";"0363";"Amsterdam";"Noord-Holland";441;"0"
"41854";"14RL";"14RL00";"VOvA (2)";"AMSTERDAM";"0363";"Amsterdam";"Noord-Holland";295;"0"
"41854";"14RL";"14RL03";"Locatie, Tobiasschool";"AMSTERDAM";"0363";"Amsterdam";"Noord-Holland";202;"0"
"41854";"14RL";"14RL06";"Locatie, Luca Praktijkschool";"AMSTERDAM";"0363";"Amsterdam";"Noord-Holland";161;"0"
"41854";"21AS";"21AS00";"VOvA (1)";"AMSTERDAM";"0363";"Amsterdam";"Noord-Holland";48;"<5"
"41854";"21AS";"21AS03";"loc, Bredero Beroepscollege";"AMSTERDAM";"0363";"Amsterdam";"Noord-Holland";33;"0"
"41854";"21AS";"21AS07";"loc, Bredero Mavo";"AMSTERDAM";"0363";"Amsterdam";"Noord-Holland";449;"6"
"41854";"21AS";"21AS08";"loc, Hyperion Lyceum";"AMSTERDAM";"0363";"Amsterdam";"Noord-Holland";897;"<5"
"41854";"21AS";"21AS09";"Loc, Vox College";"AMSTERDAM";"0363";"Amsterdam";"Noord-Holland";47;"<5"
"41854";"21AS";"21AS10";"VOvA(1)";"AMSTERDAM";"0363";"Amsterdam";"Noord-Holland";453;"0"
"41864";"17AY";"17AY00";"Cambium College";"ZALTBOMMEL";"0297";"Zaltbommel";"Gelderland";1164;"<5"
"41864";"17AY";"17AY04";"Scholengroep Cambium";"ZALTBOMMEL";"0297";"Zaltbommel";"Gelderland";413;"0"
"41867";"02IC";"02IC00";"RGO Beroepscampus";"SOMMELSDIJK";"1924";"Goeree-Overflakkee";"Zuid-Holland";655;"0"
"41867";"02IC";"02IC01";"RGO Beroepscampus";"SOMMELSDIJK";"1924";"Goeree-Overflakkee";"Zuid-Holland";39;"0"
"41867";"15QW";"15QW00";"RGO College";"MIDDELHARNIS";"1924";"Goeree-Overflakkee";"Zuid-Holland";970;"5"
"41882";"30BC";"30BC00";"SiNTLUCAS";"EINDHOVEN";"0772";"Eindhoven";"Noord-Brabant";555;"0"
"41883";"25DA";"25DA00";"Atlas College";"HOORN NH";"0405";"Hoorn";"Noord-Holland";1327;"15"
"41883";"25DA";"25DA02";"Copernicus SG";"HOORN NH";"0405";"Hoorn";"Noord-Holland";1202;"9"
"41883";"25DA";"25DA04";"SG De Dijk";"MEDEMBLIK";"0420";"Medemblik";"Noord-Holland";375;"0"
"41883";"25DA";"25DA08";"SG Newton";"HOORN NH";"0405";"Hoorn";"Noord-Holland";675;"<5"
"41883";"25DA";"25DA09";"SG De Triade";"EDAM";"0385";"Edam-Volendam";"Noord-Holland";707;"0"
"41889";"12IR";"12IR00";"Sgm de Nieuwe Veste";"COEVORDEN";"0109";"Coevorden";"Drenthe";1063;"6"
"41889";"12IR";"12IR05";"Sgm de Nieuwe Veste";"HARDENBERG";"0160";"Hardenberg";"Overijssel";368;"0"
"41889";"12IR";"12IR11";"Sgm de Nieuwe Veste";"HARDENBERG";"0160";"Hardenberg";"Overijssel";89;"0"
"41889";"16IH";"16IH00";"RSG Ter Apel";"TER APEL";"1950";"Westerwolde";"Groningen";752;"8"
"41889";"16IH";"16IH03";"RSG Ter Apel";"TER APEL";"1950";"Westerwolde";"Groningen";92;"0"
"41889";"20LA";"20LA00";"Opb SGM Esdal College";"EMMEN";"0114";"Emmen";"Drenthe";1079;"29"
"41889";"20LA";"20LA02";"Opb SGM Esdal College";"KLAZIENAVEEN";"0114";"Emmen";"Drenthe";390;"0"
"41889";"20LA";"20LA03";"Opb SGM Esdal College";"EMMEN";"0114";"Emmen";"Drenthe";407;"0"
"41889";"20LA";"20LA05";"Opb SGM Esdal College";"EMMEN";"0114";"Emmen";"Drenthe";334;"0"
"41889";"20LA";"20LA06";"Opb SGM Esdal College";"OOSTERHESSELEN";"0109";"Coevorden";"Drenthe";212;"0"
"41889";"20LA";"20LA07";"Opb SGM Esdal College";"BORGER";"1681";"Borger-Odoorn";"Drenthe";181;"0"
"41897";"11NY";"11NY00";"Reg Sgm Broklede";"BREUKELEN UT";"1904";"Stichtse Vecht";"Utrecht";951;"0"
"41897";"17HX";"17HX00";"Mgr A E Rientjes Mavo";"MAARSSEN";"1904";"Stichtse Vecht";"Utrecht";380;"6"
"42356";"00SZ";"00SZ00";"Joh Fontanus College";"BARNEVELD";"0203";"Barneveld";"Gelderland";2284;"15"
"42505";"20DP";"20DP00";"Stedelijk Gymnasium";"LEIDEN";"0546";"Leiden";"Zuid-Holland";784;"<5"
"42505";"30GD";"30GD00";"Stedelijk Gymnasium Socrates";"LEIDEN";"0546";"Leiden";"Zuid-Holland";824;"<5"
"42506";"20CL";"20CL00";"Leonardo College";"LEIDEN";"0546";"Leiden";"Zuid-Holland";970;"5"
"42506";"20DF";"20DF00";"Da Vinci College";"LEIDEN";"0546";"Leiden";"Zuid-Holland";1185;"12"
"42506";"20DF";"20DF01";"Da Vinci College";"LEIDEN";"0546";"Leiden";"Zuid-Holland";526;"0"
"42506";"20DF";"20DF09";"Da Vinci College";"LEIDEN";"0546";"Leiden";"Zuid-Holland";354;"0"
"42507";"08CU";"08CU00";"Emmauscollege";"ROTTERDAM";"0599";"Rotterdam";"Zuid-Holland";1626;"15"
"42510";"13ZU";"13ZU00";"Reitdiepcollege";"GRONINGEN";"0014";"Groningen";"Groningen";857;"16"
"42510";"13ZU";"13ZU02";"Reitdiepcollege";"GRONINGEN";"0014";"Groningen";"Groningen";608;"0"
"42510";"13ZU";"13ZU03";"Reitdiepcollege";"GRONINGEN";"0014";"Groningen";"Groningen";132;"0"
"42510";"17SG";"17SG00";"Heyerdahl College";"GRONINGEN";"0014";"Groningen";"Groningen";201;"0"
"42510";"20BV";"20BV00";"Praedinius Gymnasium";"GRONINGEN";"0014";"Groningen";"Groningen";782;"11"
"42510";"20EM";"20EM00";"H.N. Werkman College";"GRONINGEN";"0014";"Groningen";"Groningen";1448;"48"
"42510";"20EM";"20EM01";"ISK Groningen";"GRONINGEN";"0014";"Groningen";"Groningen";439;"29"
"42510";"20EM";"20EM03";"Topsport Talentschool";"GRONINGEN";"0014";"Groningen";"Groningen";345;"5"
"42510";"20EM";"20EM04";"H.N. Werkman VMBO";"GRONINGEN";"0014";"Groningen";"Groningen";325;"<5"
"42510";"20ER";"20ER00";"Zernike College";"GRONINGEN";"0014";"Groningen";"Groningen";1060;"20"
"42510";"20ER";"20ER04";"Zernike College";"HAREN GN";"0014";"Groningen";"Groningen";1465;"15"
"42510";"20ER";"20ER08";"Zernike College";"GRONINGEN";"0014";"Groningen";"Groningen";162;"0"
"42510";"20ER";"20ER09";"Zernike College";"GRONINGEN";"0014";"Groningen";"Groningen";378;"9"
"42529";"13JO";"13JO00";"Rsgm Noord Oost Veluwe";"EPE";"0232";"Epe";"Gelderland";926;"<5"
"42530";"19XY";"19XY00";"Amstelveen College";"AMSTELVEEN";"0362";"Amstelveen";"Noord-Holland";1751;"21"
"42534";"25GM";"25GM00";"dr Aletta Jacobs College";"HOOGEZAND";"1952";"Midden-Groningen";"Groningen";939;"14"
"42534";"25GM";"25GM02";"dr Aletta Jacobs College";"HOOGEZAND";"1952";"Midden-Groningen";"Groningen";81;"0"
"42534";"25GM";"25GM04";"dr Aletta Jacobs College";"HOOGEZAND";"1952";"Midden-Groningen";"Groningen";246;"0"
"42544";"02JG";"02JG00";"Emelwerda College";"EMMELOORD";"0171";"Noordoostpolder";"Flevoland";683;"10"
"42544";"02JG";"02JG04";"Emelwerda College";"EMMELOORD";"0171";"Noordoostpolder";"Flevoland";350;"0"
"42544";"02JG";"02JG06";"Emelwerda College";"URK";"0184";"Urk";"Flevoland";23;"0"
"42549";"19KZ";"19KZ00";"Pallas Athene College";"EDE GLD";"0228";"Ede";"Gelderland";828;"12"
"42555";"14WL";"14WL00";"Krimpenerwaard College";"KRIMPEN AAN DEN IJSSEL";"0542";"Krimpen aan den IJssel";"Zuid-Holland";835;"<5"
"42556";"00WH";"00WH00";"Gomarusschool s.g.";"GORINCHEM";"0512";"Gorinchem";"Zuid-Holland";1225;"6"
"42556";"00WH";"00WH02";"Gomarusschool s.g.";"ZALTBOMMEL";"0297";"Zaltbommel";"Gelderland";533;"0"
"42571";"00LJ";"00LJ00";"Chr Coll Schaersvoorde";"AALTEN";"0197";"Aalten";"Gelderland";1019;"9"
"42571";"00LJ";"00LJ05";"Chr Coll Schaersvoorde";"AALTEN";"0197";"Aalten";"Gelderland";425;"0"
"42571";"02NZ";"02NZ00";"Houtkamp College";"DOETINCHEM";"0222";"Doetinchem";"Gelderland";603;"0"
"42571";"02NZ";"02NZ01";"Metzo College";"DOETINCHEM";"0222";"Doetinchem";"Gelderland";752;"0"
"42571";"02NZ";"02NZ09";"ISK Doetinchem";"DOETINCHEM";"0222";"Doetinchem";"Gelderland";212;"0"
"42571";"02NZ";"02NZ11";"Houtkamp loc. Kruisbergseweg";"DOETINCHEM";"0222";"Doetinchem";"Gelderland";909;"27"
"42571";"13EB";"13EB00";"Praktijkonderwijs Zutphen";"ZUTPHEN";"0301";"Zutphen";"Gelderland";217;"0"
"42571";"14UM";"14UM00";"Almende College";"SILVOLDE";"1509";"Oude IJsselstreek";"Gelderland";972;"6"
"42571";"14UM";"14UM02";"Almende College";"SILVOLDE";"1509";"Oude IJsselstreek";"Gelderland";552;"<5"
"42571";"17AA";"17AA00";"Gerrit Komrij College";"WINTERSWIJK";"0294";"Winterswijk";"Gelderland";1057;"12"
"42571";"17AA";"17AA03";"Gerrit Komrij College";"WINTERSWIJK";"0294";"Winterswijk";"Gelderland";116;"0"
"42571";"20AD";"20AD00";"Panora Lyceum";"DOETINCHEM";"0222";"Doetinchem";"Gelderland";676;"0"
"42571";"20AD";"20AD03";"Panora Lyceum";"DOETINCHEM";"0222";"Doetinchem";"Gelderland";1232;"20"
"42571";"20DH";"20DH00";"Eligant Lyceum";"ZUTPHEN";"0301";"Zutphen";"Gelderland";1304;"41"
"42571";"20DH";"20DH06";"Kompaan College";"ZUTPHEN";"0301";"Zutphen";"Gelderland";567;"<5"
"42571";"20DH";"20DH08";"Kompaan College";"ZUTPHEN";"0301";"Zutphen";"Gelderland";44;"0"
"42571";"20DH";"20DH11";"ISK Zutphen";"ZUTPHEN";"0301";"Zutphen";"Gelderland";91;"0"
"42571";"20DH";"20DH12";"Kompaan College Vorden";"VORDEN";"1876";"Bronckhorst";"Gelderland";338;"<5"
"42571";"26KH";"26KH00";"PRAKTICON";"DOETINCHEM";"0222";"Doetinchem";"Gelderland";335;"0"
"42571";"26KR";"26KR00";"MaxX";"NEEDE";"1859";"Berkelland";"Gelderland";165;"0"
"42571";"26MD";"26MD00";"Pronova";"WINTERSWIJK";"0294";"Winterswijk";"Gelderland";232;"0"
"42575";"01FU";"01FU00";"Nuborgh College";"ELBURG";"0230";"Elburg";"Gelderland";785;"<5"
"42575";"01FU";"01FU01";"Nuborgh College";"ELBURG";"0230";"Elburg";"Gelderland";756;"6"
"42575";"01FU";"01FU04";"Nuborgh College loc. Veluvine";"NUNSPEET";"0302";"Nunspeet";"Gelderland";510;"0"
"42590";"30JM";"30JM00";"VO Eemsdelta voor PRO";"APPINGEDAM";"1979";"Eemsdelta";"Groningen";117;"0"
"42590";"30PP";"30PP00";"VO Eemsdelta";"APPINGEDAM";"1979";"Eemsdelta";"Groningen";625;"<5"
"42590";"30PP";"30PP01";"VO Eemsdelta";"SIDDEBUREN";"1952";"Midden-Groningen";"Groningen";164;"<5"
"42590";"30PP";"30PP02";"VO Eemsdelta";"DELFZIJL";"1979";"Eemsdelta";"Groningen";99;"0"
"42590";"30PP";"30PP04";"VO Eemsdelta";"APPINGEDAM";"1979";"Eemsdelta";"Groningen";589;"8"
"42595";"03AQ";"03AQ00";"Open Sgm Bylmer";"AMSTERDAM";"0363";"Amsterdam";"Noord-Holland";1112;"8"
"42606";"05NE";"05NE00";"PRO Dokkum";"DOKKUM";"1970";"Noardeast-Fryslân";"Friesland";189;"0"
"42608";"05TA";"05TA00";"CSG Willem De Zwijger";"SCHOONHOVEN";"1931";"Krimpenerwaard";"Zuid-Holland";909;"6"
"42618";"15OM";"15OM00";"Het Schoonhovens College";"SCHOONHOVEN";"1931";"Krimpenerwaard";"Zuid-Holland";560;"<5"
"42618";"15OM";"15OM01";"Het Schoonhovens College";"SCHOONHOVEN";"1931";"Krimpenerwaard";"Zuid-Holland";407;"0"
"42620";"01FP";"01FP00";"Het Baken Almere";"ALMERE";"0034";"Almere";"Flevoland";559;"0"
"42620";"01FP";"01FP01";"Het Baken Park Lyceum";"ALMERE";"0034";"Almere";"Flevoland";1105;"8"
"42620";"01FP";"01FP04";"Het Baken Trinitas Gymnasium";"ALMERE";"0034";"Almere";"Flevoland";680;"<5"
"42620";"01FP";"01FP05";"Het Baken Poort Lyceum";"ALMERE";"0034";"Almere";"Flevoland";839;"6"
"42620";"01FP";"01FP06";"International School Almere";"ALMERE";"0034";"Almere";"Flevoland";377;"0"
"42621";"02VQ";"02VQ00";"ZAAM Zaanstad";"ZAANDAM";"0479";"Zaanstad";"Noord-Holland";905;"12"
"42621";"02VQ";"02VQ01";"Pascal Zuid";"ZAANDAM";"0479";"Zaanstad";"Noord-Holland";667;"0"
"42621";"14RF";"14RF00";"ZAAM Oost";"AMSTERDAM";"0363";"Amsterdam";"Noord-Holland";887;"<5"
"42621";"14RF";"14RF03";"College De Meer (Lavoisierstr)";"AMSTERDAM";"0363";"Amsterdam";"Noord-Holland";235;"0"
"42621";"14RF";"14RF04";"Bindelmeer College";"AMSTERDAM";"0363";"Amsterdam";"Noord-Holland";276;"0"
"42621";"14RF";"14RF05";"College de Meer (Radioweg)";"AMSTERDAM";"0363";"Amsterdam";"Noord-Holland";202;"0"
"42621";"14RF";"14RF06";"Cygnus Gymnasium";"AMSTERDAM";"0363";"Amsterdam";"Noord-Holland";841;"<5"
"42621";"14RF";"14RF08";"Havo de Hof";"AMSTERDAM";"0363";"Amsterdam";"Noord-Holland";407;"10"
"42621";"17HB";"17HB00";"ZAAM West";"AMSTERDAM";"0363";"Amsterdam";"Noord-Holland";1048;"13"
"42621";"17HB";"17HB06";"Calvijn College";"AMSTERDAM";"0363";"Amsterdam";"Noord-Holland";512;"0"
"42621";"17HB";"17HB07";"Iedersland College";"AMSTERDAM";"0363";"Amsterdam";"Noord-Holland";181;"0"
"42621";"17VF";"17VF00";"ZAAM Noord";"AMSTERDAM";"0363";"Amsterdam";"Noord-Holland";615;"<5"
"42621";"17VF";"17VF02";"ABC Noorderlicht";"AMSTERDAM";"0363";"Amsterdam";"Noord-Holland";406;"0"
"42621";"17VF";"17VF03";"Over-IJ College";"AMSTERDAM";"0363";"Amsterdam";"Noord-Holland";398;"0"
"42621";"17VF";"17VF04";"Bernard Nieuwentijt College";"MONNICKENDAM";"0852";"Waterland";"Noord-Holland";253;"<5"
"42621";"17VF";"17VF06";"Hogelant";"AMSTERDAM";"0363";"Amsterdam";"Noord-Holland";78;"0"
"42621";"17VF";"17VF08";"Xplore Agora Amsterdam";"AMSTERDAM";"0363";"Amsterdam";"Noord-Holland";392;"<5"
"42621";"21ET";"21ET00";"ZAAM Zuid";"AMSTERDAM";"0363";"Amsterdam";"Noord-Holland";938;"<5"
"42621";"21ET";"21ET02";"Sweelinck College";"AMSTERDAM";"0363";"Amsterdam";"Noord-Holland";259;"<5"
"42621";"21ET";"21ET04";"Huygens College";"AMSTERDAM";"0363";"Amsterdam";"Noord-Holland";394;"<5"
"42621";"21ET";"21ET07";"College ZUYD";"AMSTERDAM";"0363";"Amsterdam";"Noord-Holland";256;"0"
"42621";"21ET";"21ET08";"De Apollo";"AMSTERDAM";"0363";"Amsterdam";"Noord-Holland";306;"5"
"42621";"21ET";"21ET11";"College ZUYD";"AMSTERDAM";"0363";"Amsterdam";"Noord-Holland";184;"0"
"42621";"21ET";"21ET12";"Vinse School";"AMSTERDAM";"0363";"Amsterdam";"Noord-Holland";406;"<5"
"42621";"26JZ";"26JZ00";"De Faam";"ZAANDAM";"0479";"Zaanstad";"Noord-Holland";254;"0"
"42623";"17BZ";"17BZ00";"Van der Capellen SGM";"ZWOLLE";"0193";"Zwolle";"Overijssel";1241;"31"
"42623";"17BZ";"17BZ02";"Capellenborg";"WIJHE";"1773";"Olst-Wijhe";"Overijssel";374;"0"
"42623";"17BZ";"17BZ03";"Van der Capellen SGM";"ELBURG";"0230";"Elburg";"Gelderland";291;"0"
"42623";"17BZ";"17BZ04";"Zeven Linden College";"DEDEMSVAART";"0160";"Hardenberg";"Overijssel";540;"<5"
"42623";"19UO";"19UO00";"Praktijkschool Het Kwartiers";"ZWOLLE";"0193";"Zwolle";"Overijssel";156;"0"
"42623";"20CF";"20CF00";"Gymnasium Celeanum";"ZWOLLE";"0193";"Zwolle";"Overijssel";375;"0"
"42623";"20CF";"20CF01";"Gymnasium Celeanum";"ZWOLLE";"0193";"Zwolle";"Overijssel";239;"0"
"42623";"20DB";"20DB00";"Thorbecke SGM";"ZWOLLE";"0193";"Zwolle";"Overijssel";1729;"38"
"42623";"20DB";"20DB03";"Thorbecke SGM";"ZWOLLE";"0193";"Zwolle";"Overijssel";607;"0"
"42623";"20DB";"20DB11";"Thorbecke SGM";"ZWOLLE";"0193";"Zwolle";"Overijssel";17;"0"
"42635";"07FO";"07FO00";"Praktijkschool Westfriesland";"HOORN NH";"0405";"Hoorn";"Noord-Holland";193;"0"
"42635";"27PM";"27PM00";"Praktijkschool West-Friesland";"GROOTEBROEK";"0532";"Stede Broec";"Noord-Holland";180;"0"
"42681";"03RB";"03RB00";"Chr SGM Prins Maurits";"MIDDELHARNIS";"1924";"Goeree-Overflakkee";"Zuid-Holland";1423;"<5"
"42681";"03RB";"03RB05";"PRO/Connect";"MIDDELHARNIS";"1924";"Goeree-Overflakkee";"Zuid-Holland";133;"0"
"42686";"32GD";"32GD00";"Fiducie College";"AMSTERDAM";"0363";"Amsterdam";"Noord-Holland";43;"0"
"42696";"30WH";"30WH00";"Avicenna College";"ROTTERDAM";"0599";"Rotterdam";"Zuid-Holland";836;"<5"
"42696";"30WH";"30WH02";"Avicenna College";"ROTTERDAM";"0599";"Rotterdam";"Zuid-Holland";423;"<5"
"42696";"32DE";"32DE00";"Avicenna College Den Haag";"'S-GRAVENHAGE";"0518";"'s-Gravenhage";"Zuid-Holland";275;"0"
"42709";"18TR";"18TR00";"Onderwijsgroep OZHW";"RIDDERKERK";"0597";"Ridderkerk";"Zuid-Holland";284;"0"
"42709";"18TR";"18TR01";"Gemini College Lekkerkerk";"LEKKERKERK";"1931";"Krimpenerwaard";"Zuid-Holland";479;"<5"
"42709";"18TR";"18TR02";"Walburg College Zwijndrecht";"ZWIJNDRECHT";"0642";"Zwijndrecht";"Zuid-Holland";986;"28"
"42709";"18TR";"18TR03";"Loket Zwijndrecht";"ZWIJNDRECHT";"0642";"Zwijndrecht";"Zuid-Holland";524;"0"
"42709";"18TR";"18TR07";"Dalton Lyceum Barendrecht";"BARENDRECHT";"0489";"Barendrecht";"Zuid-Holland";1445;"24"
"42709";"18TR";"18TR10";"Máximacollege";"RIDDERKERK";"0597";"Ridderkerk";"Zuid-Holland";82;"0"
"42709";"18TR";"18TR11";"Focus Beroepsacademie";"BARENDRECHT";"0489";"Barendrecht";"Zuid-Holland";199;"0"
"42709";"18TR";"18TR12";"OZHW Groen College";"BARENDRECHT";"0489";"Barendrecht";"Zuid-Holland";114;"0"
"42709";"18TR";"18TR13";"Gemini College Ridderkerk";"RIDDERKERK";"0597";"Ridderkerk";"Zuid-Holland";1082;"0"
"42709";"20AE";"20AE00";"Willem De Zwijger College";"PAPENDRECHT";"0590";"Papendrecht";"Zuid-Holland";1006;"15"
"42709";"20AE";"20AE01";"Willem De Zwijger College";"HARDINXVELD-GIESSENDAM";"0523";"Hardinxveld-Giessendam";"Zuid-Holland";160;"0"
"42716";"31BL";"31BL00";"De Amsterdamse Mavo";"AMSTERDAM";"0363";"Amsterdam";"Noord-Holland";277;"0"
"42752";"31GM";"31GM00";"Cornelius Haga Lyceum";"AMSTERDAM";"0363";"Amsterdam";"Noord-Holland";485;"12"
"42770";"00AQ";"00AQ00";"Zwin College SGM";"OOSTBURG";"1714";"Sluis";"Zeeland";740;"<5"
"42770";"25FX";"25FX00";"Reynaert College";"HULST";"0677";"Hulst";"Zeeland";728;"<5"
"42770";"25FX";"25FX01";"Reynaert College";"HULST";"0677";"Hulst";"Zeeland";367;"0"
"42770";"26JV";"26JV00";"Praktijkschool Hulst";"HULST";"0677";"Hulst";"Zeeland";92;"0"
"42770";"31JW";"31JW00";"Lodewijk College";"TERNEUZEN";"0715";"Terneuzen";"Zeeland";1095;"5"
"42770";"31JW";"31JW01";"Lodewijk College";"TERNEUZEN";"0715";"Terneuzen";"Zeeland";1042;"<5"
"42771";"16KP";"16KP00";"OSG de Hogeberg";"DEN BURG";"0448";"Texel";"Noord-Holland";576;"<5"
"42813";"00TU";"00TU00";"GSR";"ROTTERDAM";"0599";"Rotterdam";"Zuid-Holland";1101;"15"
"42813";"00TU";"00TU01";"Geref SGM Randstad";"RIJSWIJK ZH";"0603";"Rijswijk";"Zuid-Holland";178;"<5"
"42817";"19IP";"19IP00";"Rembrandt College";"VEENENDAAL";"0345";"Veenendaal";"Utrecht";803;"7"
"42818";"02RA";"02RA00";"KSGM Veluws College";"APELDOORN";"0200";"Apeldoorn";"Gelderland";1292;"21"
"42818";"02RA";"02RA02";"KSGM Veluws College";"APELDOORN";"0200";"Apeldoorn";"Gelderland";493;"<5"
"42818";"02RA";"02RA03";"KSGM Veluws College";"TWELLO";"0285";"Voorst";"Gelderland";419;"0"
"42818";"02RA";"02RA05";"RK SGM Veluws College";"APELDOORN";"0200";"Apeldoorn";"Gelderland";154;"0"
"42818";"08SG";"08SG00";"CVO Apeldoorn";"APELDOORN";"0200";"Apeldoorn";"Gelderland";1426;"9"
"42818";"08SG";"08SG01";"UDO vakgericht vmbo";"APELDOORN";"0200";"Apeldoorn";"Gelderland";853;"0"
"42818";"08SG";"08SG06";"CVO Apeldoorn";"APELDOORN";"0200";"Apeldoorn";"Gelderland";1130;"8"
"42818";"20KQ";"20KQ00";"Openbare SGM Apeldoorn";"APELDOORN";"0200";"Apeldoorn";"Gelderland";1137;"13"
"42818";"20KQ";"20KQ04";"UGO verkennend vmbo";"APELDOORN";"0200";"Apeldoorn";"Gelderland";726;"<5"
"42818";"20KQ";"20KQ06";"Onze Wereld";"APELDOORN";"0200";"Apeldoorn";"Gelderland";323;"0"
"42818";"20QU";"20QU00";"Gymnasium Apeldoorn";"APELDOORN";"0200";"Apeldoorn";"Gelderland";553;"0"
"42846";"32AJ";"32AJ00";"Mercurius College";"DELFT";"0503";"Delft";"Zuid-Holland";446;"<5"
"42860";"14FW";"14FW00";"OSG Sevenwolden";"HEERENVEEN";"0074";"Heerenveen";"Friesland";773;"26"
"42860";"14FW";"14FW01";"OPB SGM Sevenwolden";"HEERENVEEN";"0074";"Heerenveen";"Friesland";251;"0"
"42860";"14FW";"14FW02";"OPB SGM Sevenwolden";"HEERENVEEN";"0074";"Heerenveen";"Friesland";451;"0"
"42860";"14FW";"14FW04";"OPB SGM Sevenwolden";"JOURE";"1940";"De Fryske Marren";"Friesland";528;"0"
"42860";"14FW";"14FW05";"OPB SGM Sevenwolden";"GROU";"0080";"Leeuwarden";"Friesland";230;"0"
"42860";"14FW";"14FW08";"Onderbouw FS";"HEERENVEEN";"0074";"Heerenveen";"Friesland";363;"0"
"42860";"25CV";"25CV00";"Bornego College";"HEERENVEEN";"0074";"Heerenveen";"Friesland";607;"13"
"42860";"25CV";"25CV01";"Bornego College- Junior & Mavo";"HEERENVEEN";"0074";"Heerenveen";"Friesland";714;"<5"
"42860";"26KP";"26KP00";"De Compagnie Sevenwolden";"HEERENVEEN";"0074";"Heerenveen";"Friesland";155;"0"
"42880";"16ZK";"16ZK00";"Hogeland College";"WARFFUM";"1966";"Het Hogeland";"Groningen";568;"9"
"42880";"16ZK";"16ZK01";"Hogeland College";"WINSUM GN";"1966";"Het Hogeland";"Groningen";379;"<5"
"42880";"16ZK";"16ZK02";"Hogeland College";"UITHUIZEN";"1966";"Het Hogeland";"Groningen";250;"0"
"42880";"16ZK";"16ZK03";"ISK Het Hogeland College";"WARFFUM";"1966";"Het Hogeland";"Groningen";76;"<5"
"42992";"02QO";"02QO00";"Sint-Oelbert vwo";"OOSTERHOUT NB";"0826";"Oosterhout";"Noord-Brabant";574;"13"
"42992";"03AM";"03AM00";"Stedelijk Gymnasium";"BREDA";"0758";"Breda";"Noord-Brabant";711;"7"
"42992";"14SZ";"14SZ00";"Newmancollege";"BREDA";"0758";"Breda";"Noord-Brabant";1345;"20"
"42992";"16RF";"16RF00";"OLV - Breda";"BREDA";"0758";"Breda";"Noord-Brabant";1368;"9"
"42992";"25GC";"25GC00";"SGM Breda voor Katholiek VO";"BREDA";"0758";"Breda";"Noord-Brabant";1181;"12"
"42992";"25GC";"25GC01";"SGM Breda voor Katholiek VO";"BREDA";"0758";"Breda";"Noord-Brabant";543;"<5"
"42992";"25GC";"25GC02";"SGM Breda voor Katholiek VO";"BREDA";"0758";"Breda";"Noord-Brabant";1302;"10"
"42992";"25GC";"25GC03";"SGM Breda voor Katholiek VO";"ZUNDERT";"0879";"Zundert";"Noord-Brabant";333;"<5"
"42992";"25GC";"25GC08";"SGM Breda voor Katholiek VO";"BAARLE-NASSAU";"0744";"Baarle-Nassau";"Noord-Brabant";217;"0"
"42992";"25GC";"25GC09";"SGM Breda voor Katholiek VO";"BREDA";"0758";"Breda";"Noord-Brabant";301;"0"
"42992";"25GC";"25GC10";"SGM Breda voor Katholiek VO";"BREDA";"0758";"Breda";"Noord-Brabant";322;"<5"
"42992";"25GC";"25GC11";"SGM Breda voor Katholiek VO";"BREDA";"0758";"Breda";"Noord-Brabant";173;"0"
"42992";"31TK";"31TK00";"Graaf Engelbrecht";"BREDA";"0758";"Breda";"Noord-Brabant";967;"6"
"43239";"02GF";"02GF00";"Mgr Frencken College";"OOSTERHOUT NB";"0826";"Oosterhout";"Noord-Brabant";1453;"12"
"43837";"17VS";"17VS00";"Greijdanus";"ZWOLLE";"0193";"Zwolle";"Overijssel";2401;"24"
"43837";"17VS";"17VS02";"Greijdanus";"ENSCHEDE";"0153";"Enschede";"Overijssel";201;"0"
"43837";"17VS";"17VS03";"Greijdanus";"HARDENBERG";"0160";"Hardenberg";"Overijssel";746;"0"
"43837";"17VS";"17VS04";"Greijdanus";"MEPPEL";"0119";"Meppel";"Drenthe";606;"0"
"44813";"17UX";"17UX00";"Wildveld";"VENLO";"0983";"Venlo";"Limburg";332;"0"
"45697";"03SX";"03SX00";"De Baander";"AMERSFOORT";"0307";"Amersfoort";"Utrecht";241;"0"
"46632";"02GN";"02GN00";"SGM Kennemer Lyceum";"OVERVEEN";"0377";"Bloemendaal";"Noord-Holland";1010;"14"
"46879";"02GP";"02GP00";"Het Rijnlands Lyceum Wassenaar";"WASSENAAR";"0629";"Wassenaar";"Zuid-Holland";1031;"<5"
"46879";"02GP";"02GP04";"Het Rijnlands Lyceum";"'S-GRAVENHAGE";"0518";"'s-Gravenhage";"Zuid-Holland";162;"0"
"46879";"02GP";"02GP05";"Het Rijnlands Lyceum";"'S-GRAVENHAGE";"0518";"'s-Gravenhage";"Zuid-Holland";1308;"0"
"46879";"02GP";"02GP06";"Het Rijnlands Lyceum";"'S-GRAVENHAGE";"0518";"'s-Gravenhage";"Zuid-Holland";942;"0"
"46879";"14TD";"14TD00";"Sgm Het Rynlands Sassenh";"SASSENHEIM";"1525";"Teylingen";"Zuid-Holland";948;"0"
"46879";"16RH";"16RH00";"Het Rijnlands LYC";"OEGSTGEEST";"0579";"Oegstgeest";"Zuid-Holland";1365;"<5"
"47711";"02GS";"02GS00";"SGM Montessori Lyc Rdam";"ROTTERDAM";"0599";"Rotterdam";"Zuid-Holland";1021;"11"
"48648";"00VR";"00VR00";"St.- Jozefmavo";"VLAARDINGEN";"0622";"Vlaardingen";"Zuid-Holland";748;"6"
"49155";"00VY";"00VY00";"RK SGM Cals College";"NIEUWEGEIN";"0356";"Nieuwegein";"Utrecht";2062;"9"
"49155";"00VY";"00VY04";"RK SGM Cals College";"IJSSELSTEIN UT";"0353";"IJsselstein";"Utrecht";915;"<5"
"49155";"22NE";"22NE00";"College De Heemlanden";"HOUTEN";"0321";"Houten";"Utrecht";1375;"10"
"49155";"30BE";"30BE00";"Houtens";"HOUTEN";"0321";"Houten";"Utrecht";540;"<5"
"49701";"00WI";"00WI00";"Chr. College Groevenbeek";"ERMELO";"0233";"Ermelo";"Gelderland";2730;"44"
"49701";"00WI";"00WI04";"Chr. College Groevenbeek";"PUTTEN";"0273";"Putten";"Gelderland";441;"0"
"49778";"18CV";"18CV00";"Martinus College";"GROOTEBROEK";"0532";"Stede Broec";"Noord-Holland";1671;"6"
"50096";"32DC";"32DC00";"Aida College";"'S-GRAVENHAGE";"0518";"'s-Gravenhage";"Zuid-Holland";334;"0"
"50953";"32DR";"32DR00";"Focus College Amersfoort";"AMERSFOORT";"0307";"Amersfoort";"Utrecht";57;"0"
"53653";"04HR";"04HR00";"Openbare SGM Erasmus";"ALMELO";"0141";"Almelo";"Overijssel";1034;"<5"
"53653";"04HR";"04HR04";"Openbare SGM Erasmus";"ALMELO";"0141";"Almelo";"Overijssel";215;"0"
"53653";"04HR";"04HR07";"Openbare SGM Erasmus";"ALMELO";"0141";"Almelo";"Overijssel";336;"0"
"53653";"19UP";"19UP00";"PrO Erasmus";"ALMELO";"0141";"Almelo";"Overijssel";205;"0"
"53653";"20CS";"20CS00";"OSG Hengelo";"HENGELO OV";"0164";"Hengelo";"Overijssel";774;"7"
"53653";"20CS";"20CS04";"C.T. Stork College";"HENGELO OV";"0164";"Hengelo";"Overijssel";243;"0"
"53653";"20CS";"20CS07";"Montessori College Twente";"HENGELO OV";"0164";"Hengelo";"Overijssel";1370;"17"
"53653";"23EJ";"23EJ00";"T Genseler";"HENGELO OV";"0164";"Hengelo";"Overijssel";210;"0"
"53990";"00UZ";"00UZ00";"Fioretti College";"LISSE";"0553";"Lisse";"Zuid-Holland";1565;"9"
"53990";"00UZ";"00UZ04";"Fioretti College";"HILLEGOM";"0534";"Hillegom";"Zuid-Holland";786;"0"
"53990";"02KB";"02KB00";"Teylingen College";"VOORHOUT";"1525";"Teylingen";"Zuid-Holland";965;"0"
"53990";"02KB";"02KB01";"Teylingen College";"NOORDWIJKERHOUT";"0575";"Noordwijk";"Zuid-Holland";1433;"<5"
"53990";"02KB";"02KB02";"Teylingen College";"OEGSTGEEST";"0579";"Oegstgeest";"Zuid-Holland";418;"<5"
"53990";"02KB";"02KB06";"Teylingen College";"LISSE";"0553";"Lisse";"Zuid-Holland";112;"0"
"53990";"02KB";"02KB08";"ISK Duin- en Bollenstreek Zuid";"KATWIJK ZH";"0537";"Katwijk";"Zuid-Holland";115;"0"
"53990";"31XT";"31XT00";"Duinzigt Havo";"OEGSTGEEST";"0579";"Oegstgeest";"Zuid-Holland";418;"<5"
"57266";"02VD";"02VD00";"Visser t Hooft Lyceum";"LEIDEN";"0546";"Leiden";"Zuid-Holland";1098;"<5"
"57266";"02VD";"02VD04";"Visser t Hooft Lyceum";"LEIDERDORP";"0547";"Leiderdorp";"Zuid-Holland";356;"<5"
"57266";"02VD";"02VD05";"Visser t Hooft Lyceum";"RIJNSBURG";"0537";"Katwijk";"Zuid-Holland";283;"0"
"57266";"02VD";"02VD09";"locatie Rijnsburg Sandtlaan";"RIJNSBURG";"0537";"Katwijk";"Zuid-Holland";215;"0"
"57266";"21GW";"21GW00";"Bonaventuracollege";"LEIDEN";"0546";"Leiden";"Zuid-Holland";541;"<5"
"57266";"21GW";"21GW02";"Bonaventuracollege";"LEIDEN";"0546";"Leiden";"Zuid-Holland";1037;"<5"
"57266";"21GW";"21GW03";"Bonaventuracollege";"LEIDEN";"0546";"Leiden";"Zuid-Holland";551;"<5"
"57266";"21GW";"21GW08";"Bonaventura College";"LEIDEN";"0546";"Leiden";"Zuid-Holland";250;"<5"
"57990";"32DA";"32DA00";"Het Martin Buber";"KERKRADE";"0928";"Kerkrade";"Limburg";232;"0"
"58997";"32EA";"32EA00";"Montessori College (MCM)";"MAASTRICHT";"0935";"Maastricht";"Limburg";43;"0"
"59282";"00YH";"00YH00";"Willem v Oranje Onderwijsgroep";"GORINCHEM";"0512";"Gorinchem";"Zuid-Holland";406;"7"
"59282";"00YH";"00YH01";"Locatie, Schans";"SLEEUWIJK";"1959";"Altena";"Noord-Brabant";289;"0"
"59282";"00YH";"00YH02";"Locatie, Calvijn";"HARDINXVELD-GIESSENDAM";"0523";"Hardinxveld-Giessendam";"Zuid-Holland";424;"0"
"59282";"00YH";"00YH03";"Locatie, Lyceum oudehoven";"GORINCHEM";"0512";"Gorinchem";"Zuid-Holland";1105;"6"
"59282";"00YH";"00YH05";"Locatie, Gilde";"GORINCHEM";"0512";"Gorinchem";"Zuid-Holland";637;"<5"
"59282";"00YH";"00YH06";"Locatie, Windroos";"GORINCHEM";"0512";"Gorinchem";"Zuid-Holland";344;"0"
"59282";"01GH";"01GH00";"Willem v Oranje College";"WAALWIJK";"0867";"Waalwijk";"Noord-Brabant";1431;"20"
"59282";"01GH";"01GH01";"Willem v Oranje College";"WIJK EN AALBURG";"1959";"Altena";"Noord-Brabant";523;"15"
"59282";"01GH";"01GH04";"Willem v Oranje College";"WAALWIJK";"0867";"Waalwijk";"Noord-Brabant";128;"0"
"59282";"17XU";"17XU00";"Het Heerenlanden";"LEERDAM";"1961";"Vijfheerenlanden";"Utrecht";648;"<5"
"59282";"17XU";"17XU01";"locatie De Joost";"LEERDAM";"1961";"Vijfheerenlanden";"Utrecht";182;"0"
"59282";"23DB";"23DB00";"MET";"WAALWIJK";"0867";"Waalwijk";"Noord-Brabant";219;"0"
"62181";"03ZY";"03ZY00";"School voor PRO De Maat";"OMMEN";"0175";"Ommen";"Overijssel";180;"0"
"67107";"02PA";"02PA00";"Mediacollege Amsterdam Ma";"AMSTERDAM";"0363";"Amsterdam";"Noord-Holland";318;"0"
"67237";"23JA";"23JA01";"Grafisch Lyceum R'dam";"ROTTERDAM";"0599";"Rotterdam";"Zuid-Holland";497;"<5"
"69994";"06SU";"06SU00";"Ichthus College";"VEENENDAAL";"0345";"Veenendaal";"Utrecht";2116;"22"
"70176";"07MZ";"07MZ00";"School voor PRO De Poort";"'S-GRAVENHAGE";"0518";"'s-Gravenhage";"Zuid-Holland";248;"0"
"70396";"02QQ";"02QQ00";"Notre Dame Des Anges";"UBBERGEN";"1945";"Berg en Dal";"Gelderland";536;"7"
"71436";"02QX";"02QX00";"Petrus Canisius College";"ALKMAAR";"0361";"Alkmaar";"Noord-Holland";1120;"14"
"71436";"02QX";"02QX01";"Petrus Canisius College";"ALKMAAR";"0361";"Alkmaar";"Noord-Holland";351;"<5"
"71436";"02QX";"02QX03";"Petrus Canisius College";"ALKMAAR";"0361";"Alkmaar";"Noord-Holland";597;"0"
"71436";"02QX";"02QX07";"Petrus Canisius College";"HEILOO";"0399";"Heiloo";"Noord-Holland";238;"0"
"71553";"02QZ";"02QZ00";"Keizer Karel College";"AMSTELVEEN";"0362";"Amstelveen";"Noord-Holland";1905;"12"
"71553";"14VG";"14VG00";"Alkwin Kollege";"UITHOORN";"0451";"Uithoorn";"Noord-Holland";1515;"23"
"72464";"15DN";"15DN00";"Chr SSVO De Boog";"APELDOORN";"0200";"Apeldoorn";"Gelderland";171;"0"
"72853";"20GS";"20GS00";"Don Bosco College";"VOLENDAM";"0385";"Edam-Volendam";"Noord-Holland";1044;"<5"
"73114";"12PR";"12PR00";"Praktijkcollege Tilburg";"TILBURG";"0855";"Tilburg";"Noord-Brabant";293;"0"
"73646";"02SB";"02SB00";"Lyceum Sancta Maria";"HAARLEM";"0392";"Haarlem";"Noord-Holland";1509;"29"
"73841";"00XA";"00XA00";"Trinitas College";"HEERHUGOWAARD";"1980";"Dijk en Waard";"Noord-Holland";1301;"11"
"73841";"00XA";"00XA01";"Trinitas College";"HEERHUGOWAARD";"1980";"Dijk en Waard";"Noord-Holland";1136;"<5"
"73841";"16CX";"16CX00";"Regius College Schagen";"SCHAGEN";"0441";"Schagen";"Noord-Holland";1197;"19"
"73841";"16CX";"16CX04";"Regius College Schagen";"SCHAGEN";"0441";"Schagen";"Noord-Holland";503;"0"
"73841";"16CX";"16CX08";"Regius College Schagen";"SCHAGEN";"0441";"Schagen";"Noord-Holland";598;"6"
"73841";"19SQ";"19SQ00";"Regius College Emmalaan PRO";"SCHAGEN";"0441";"Schagen";"Noord-Holland";116;"0"
"74374";"02ME";"02ME00";"Tabor College d'Ampte Hoorn";"HOORN NH";"0405";"Hoorn";"Noord-Holland";881;"<5"
"74374";"02ME";"02ME01";"Tabor Col. Werenfridus Hoorn";"HOORN NH";"0405";"Hoorn";"Noord-Holland";1513;"21"
"74374";"02ME";"02ME02";"Tabor Col. Oscar Romero Hoorn";"HOORN NH";"0405";"Hoorn";"Noord-Holland";1113;"<5"
"75311";"06XL";"06XL00";"Markland College Oudenbosch";"OUDENBOSCH";"1655";"Halderberge";"Noord-Brabant";1524;"5"
"75311";"30EU";"30EU00";"Markland College Zevenbergen";"ZEVENBERGEN";"1709";"Moerdijk";"Noord-Brabant";1074;"<5"
"76415";"02TD";"02TD00";"Jan Arentsz Chr SGM";"ALKMAAR";"0361";"Alkmaar";"Noord-Holland";1648;"25"
"76415";"02TD";"02TD03";"CSG Jan Arentsz - Van der Meij";"ALKMAAR";"0361";"Alkmaar";"Noord-Holland";110;"0"
"76415";"02TD";"02TD04";"Jan Arentsz Chr SGM";"ZUID-SCHARWOUDE";"1980";"Dijk en Waard";"Noord-Holland";511;"<5"
"76688";"02TG";"02TG00";"Het Baarnsch Lyceum";"BAARN";"0308";"Baarn";"Utrecht";1085;"20"
"76740";"17WP";"17WP00";"Werkpl Kindergem Sch";"BILTHOVEN";"0310";"De Bilt";"Utrecht";1432;"5"
"76753";"02TH";"02TH00";"Jordan MLU";"ZEIST";"0355";"Zeist";"Utrecht";946;"5"
"77690";"01KD";"01KD00";"Kolom Praktijkcoll. De Schakel";"HAARLEM";"0392";"Haarlem";"Noord-Holland";135;"0"
"77690";"09PY";"09PY00";"Kolom Praktijkcoll. De Atlant";"AMSTERDAM";"0363";"Amsterdam";"Noord-Holland";129;"0"
"77690";"10JY";"10JY00";"Kolom Praktijkcoll. Het Plein";"AMSTERDAM";"0363";"Amsterdam";"Noord-Holland";178;"0"
"77690";"26HP";"26HP00";"Kolom Praktijkcollege Noord";"AMSTERDAM";"0363";"Amsterdam";"Noord-Holland";186;"0"
"77690";"27VH";"27VH00";"Kolom Praktijkcollege De Dreef";"AMSTERDAM";"0363";"Amsterdam";"Noord-Holland";169;"0"
"77741";"14WE";"14WE00";"Adelbert College";"WASSENAAR";"0629";"Wassenaar";"Zuid-Holland";965;"<5"
"78001";"02TZ";"02TZ00";"RK SGM St Michaelcollege";"ZAANDAM";"0479";"Zaanstad";"Noord-Holland";1277;"18"
"78132";"26KA";"26KA00";"Futura College";"WOERDEN";"0632";"Woerden";"Utrecht";264;"0"
"78157";"02UC";"02UC00";"Atheneum Coll Hageveld";"HEEMSTEDE";"0397";"Heemstede";"Noord-Holland";1447;"<5"
"78457";"23GF";"23GF00";"Stg Cheider VO";"AMSTERDAM";"0363";"Amsterdam";"Noord-Holland";35;"0"
"79314";"02UP";"02UP00";"Marnix College";"EDE GLD";"0228";"Ede";"Gelderland";931;"5"
"79314";"02UP";"02UP01";"Marnix College";"EDE GLD";"0228";"Ede";"Gelderland";399;"0"
"79496";"02UT";"02UT00";"VCL";"'S-GRAVENHAGE";"0518";"'s-Gravenhage";"Zuid-Holland";862;"<5"
"80082";"01MB";"01MB00";"RK Alfrink College SGM";"ZOETERMEER";"0637";"Zoetermeer";"Zuid-Holland";1504;"9"
"80328";"02VM";"02VM00";"Christelijk Lyceum SGM";"VEENENDAAL";"0345";"Veenendaal";"Utrecht";1885;"30"
"83228";"01GX";"01GX00";"Chr Lyceum Delft";"DELFT";"0503";"Delft";"Zuid-Holland";1813;"7"
"83228";"01GX";"01GX02";"Chr Lyceum Delft";"DELFT";"0503";"Delft";"Zuid-Holland";468;"<5"
"83228";"01GX";"01GX03";"Chr Lyceum Delft";"DELFT";"0503";"Delft";"Zuid-Holland";260;"0"
"85425";"07FH";"07FH00";"Mendel College";"HAARLEM";"0392";"Haarlem";"Noord-Holland";1842;"28"
"91092";"02XS";"02XS00";"Altena College Chr SGM";"SLEEUWIJK";"1959";"Altena";"Noord-Brabant";1234;"5"
"95785";"16TV";"16TV00";"Vrije School Z-Holland";"'S-GRAVENHAGE";"0518";"'s-Gravenhage";"Zuid-Holland";592;"11"
"95785";"16TV";"16TV01";"Vrije School Z-Holland";"ROTTERDAM";"0599";"Rotterdam";"Zuid-Holland";973;"33"
"95785";"16TV";"16TV02";"Vrije School Z-Holland";"LEIDEN";"0546";"Leiden";"Zuid-Holland";615;"5"
"95785";"16TV";"16TV04";"Vrije School Zuid-Holland";"ROTTERDAM";"0599";"Rotterdam";"Zuid-Holland";184;"0"
"99048";"13FB";"13FB00";"Katholieke School voor Pro";"HEERLEN";"0917";"Heerlen";"Limburg";183;"0"
"99048";"16VM";"16VM00";"Herlecollege";"HEERLEN";"0917";"Heerlen";"Limburg";498;"0"
"99048";"16VM";"16VM07";"Herlecollege";"HEERLEN";"0917";"Heerlen";"Limburg";98;"0"
"99048";"17JB";"17JB00";"Charlemagne College";"LANDGRAAF";"0882";"Landgraaf";"Limburg";1330;"<5"
"99048";"17JB";"17JB01";"Charlemagne College";"LANDGRAAF";"0882";"Landgraaf";"Limburg";481;"0"
"99048";"17JB";"17JB02";"Charlemagne College";"KERKRADE";"0928";"Kerkrade";"Limburg";318;"0"
"99048";"19HV";"19HV00";"VWO van het Bernardinuscollege";"HEERLEN";"0917";"Heerlen";"Limburg";631;"0"
"99048";"19QC";"19QC00";"Bernardinuscollege";"HEERLEN";"0917";"Heerlen";"Limburg";438;"<5"
"99048";"19XS";"19XS00";"Sintermeertencollege";"HEERLEN";"0917";"Heerlen";"Limburg";1228;"5"
"99048";"19XS";"19XS01";"Sintermeertencollege";"HEERLEN";"0917";"Heerlen";"Limburg";349;"0"
"99048";"26KZ";"26KZ00";"Openbare School voor Pro";"HEERLEN";"0917";"Heerlen";"Limburg";373;"0"
